County,"Imprisonments per 1,000 annual adult felony arrests","County imprisonment rate as percent of state average (=100%), arrest based","County imprisonments if rate equalled state average, projected (number)",County actual imprisonments minus projected imprisonments at average state rate (number),Total imprisonment costs (millions of dollars),Costs added (saved) from excessive (lower) imprisonments (millions of dollars/year),Total imprisonment costs per adult felony arrest (actual dollars),Total imprisonment costs per adult felony arrest versus state average (actual dollars),"Men imprisoned per 1,000 male felony arrests","Women imprisoned per 1,000 female felony arrests","Imprisonments for violent offenses per 1,000 violent felony arrests","Imprisonments for property offenses per 1,000 property felony arrests","Imprisonments for drug offenses per 1,000 drug felony arrests","Total adult imprisonments per 100,000/population age 18-69","Men imprisoned per 100,000 males age 18-69","Women imprisoned per 100,000 females age 18-69","Imprisonments for violent offenses per 100,000 population","Imprisonments for property offenses per 100,000 population","Imprisonments for drug offenses per 100,000 population","Imprisonments for drug possession offenses per 100,000 population","Imprisonments for marijuana offenses per 100,000 population","Imprisonments for strike offenses per 100,000 population","Imprisonments for 3rd strikes per 100,000 population","Imprisonments for 2nd strikes per 100,000 population","New felon and parole violator admissions per 1,000 adult felony arrests","New felon and parole violator admissions per 1,000 felonies as a percent of the state average (=100%)","White, not Latino, new felon and parole violator admissions per 1,000 white felony arrests","Latino new felon and parole violator admissions per 1,000 latino felony arrests","Black new felon and parole violator admissions per 1,000 black felony arrests","Asian/other new felon and parole violator admissions per 1,000 asian/other felony arrests","New felon and parole violator admissions per 100,000 population, all races","White, not Latino, new felon and parole violator admissions per 100,000 whites","Latino new felon and parole violator admissions per 100,000 Latinos","Black new felon and parole violator admissions per 100,000 African Americans","Asian/other new felon and parole violator admissions per 100,000 Asian/other population",Percent of jail population that is unsentenced,"County jail populations per 1,000 adult felony arrests","County jail incarceration rate per 1,000 felony arrests as a percent of the state average (=100%)","Men jailed per 1,000 male felony arrests","Women jailed per 1,000 female felony arrests","County jail populations per 100,000 population age 18-69","Men jailed per 100,000 males age 18-69","Women jailed per 100,000 females age 18-69",Total adult population incarcerated,"Total adult incarceration rate per 1,000 adult felony arrests",Total adult incarceration rate as a percent of the state average (=100%),"Total adult male incarceration rate per 1,000 adult male felony arrests","Total adult female incarceration rate per 1,000 adult female felony arrests","Total adult male incarceration rate per 100,000 males age 18-69","Total adult female incarceration rate per 100,000 females age 18-69",Percent of incarcerated adult population held locally,"Total incarcerated (state prison + local jails), adult males","Total incarcerated (state prison + local jails), adult females","Part I crime rate per 100,000 population (offenses reported to police)","Violent crime rate per 100,000 population","Property crime rate per 100,000 population","Adult felony arrest rate per 100,000 population age 18-69",Violent crime arrest rate,Property crime arrest rate,Drug offense arrest rate,Male felony arrest rate,Female felony arrest rate,"White, not Latino, felony arrest rate",Latino felony arrest rate,African American felony arrest rate,Asian/other felony arrest rate,"Percent of adults ages 18-64 living in households with incomes below poverty guidelines, 5-year average",Adult poverty rate as percent of state adult poverty rate,Year,"Men imprisoned per 100,000 males","Women imprisoned per 100,000 females",Change in imprisonment rates per adult felony arrest compared to 2009,"New felon and parole violator admissions per 100,000 population","White, not Latino, imprisonments per 1,000 white felony arrests","Latino imprisonments per 1,000 latino felony arrests","Black imprisonments per 1,000 black felony arrests","Asian/other imprisonments per 1,000 asian/other felony arrests","White, not Latino, imprisonments per 100,000 whites","Latino imprisonments per 100,000 Latinos","Black imprisonments per 100,000 African Americans","Asian/other imprisonments per 100,000 asian/other population","Male new felon and parole violator admissions per 1,000 male felony arrests","Female new felon and parole violator admissions per 1,000 female felony arrests","New felony and parole violator admissions for violent offenses per 1,000 violent felony arrests","New felony and parole violator admissions for propery offenses per 1,000 property felony arrests","New felony and parole violator admission for drug offenses per 1,000 drug felony arrests","Male new felon and parole violator admissions per 100,000 male population","Female new felon and parole violator admissions per 100,000 female population","New felony and parole violator admissions for violent offenses per 100,000 population","New felony and parole violator admissions for propery offenses per 100,000 population","New felony and parole violator admission for drug offenses per 100,000 population","Percent of adults ages 18-64 living in households with incomes below poverty guidelines, 2010 Census",Percent of new felon and parole violator admissions who are age 35 or older (2014),"Percent of adults ages 18-64 living in households with incomes below poverty guidelines, 2011-2015 average","Percent of adults ages 18-64 living in households with incomes below poverty guidelines, 2011-2016 average"
Alameda,284.0525328330206,0.6801073710333561,6678.3572615877965,-2136.3572615877965,213.937284,-100.6266997353084,13379.44240150094,-6293.101922158123,339.68130586863583,55.04,927.802037845706,174.77816617370263,92.36725663716814,433.6017222259944,870.9134796181538,34.81566883603374,304.24673904320656,62.05220595484289,47.82793105134813,8.973703630392663,3.723132357290573,56.51523988502614,12.601371055445018,43.91386882958112,83.11444652908068,0.5260162164961536,58.05299196189344,78.10615199034987,98.88475836431226,61.84738955823287,126.87289494459417,50.432959227585386,120.20187297119269,607.5505564616122,24.519543630468252,0.8283118125298901,261.53846153846155,1.4012593842516343,296.85192382432956,116.16,399.2343466202353,761.102649579343,73.47725457837352,8724.0,545.5909943714822,0.9028424555055902,636.5332296929654,171.2,1632.0161291974969,108.29292341440728,0.4793672627235213,8189.0,535.0,278824.2651657285,69974.98436522826,208849.2808005003,1526.4842664891348,327.9220422382851,355.03408299393953,517.8017924601044,2563.913481759164,632.552122747706,868.7400515151758,1538.9552539477786,6144.02630406668,396.45236129783126,0.1080836341381162,0.869510509142086,2009,,,,,,,,,,,,,,,,,,,,,,,,,,
Alpine,200.0,0.4788602757738161,6.264875479913506,-3.2648754799135062,0.141306,-0.153782164854886,9420.4,-10252.144323659062,200.0,0.0,250.0,0.0,0.0,363.40126872972365,632.8190210526514,0.0,242.2675124864824,0.0,0.0,0.0,0.0,0.0,0.0,0.0,66.66666666666667,0.4219212090179832,90.90909090909088,****,****,0.0,121.1337562432412,161.03596568963275,0.0,0.0,0.0,0.0,0.0,0.0,0.0,0.0,0.0,0.0,0.0,3.0,200.0,0.3309594420801097,200.0,0.0,632.8190210526514,0.0,0.0,3.0,0.0,346666.66666666674,86666.66666666669,260000.0000000001,1817.006343648618,969.0700499459296,363.40126872972365,242.2675124864824,3164.0951052632568,0.0,1771.3956225859608,0.0,0.0,2555.5852276248406,0.1434262948207171,1.1538349133834764,2009,,,,,,,,,,,,,,,,,,,,,,,,,,
Amador,508.00915331807784,1.216327016267588,182.5167056481468,39.4832943518532,10.456644,1.8597421305609896,23928.2471395881,4255.7028159290385,641.2698412698413,163.93442622950818,1172.413793103448,820.0,500.0,853.8319016749002,1491.712150458079,150.0086745723325,392.301144012792,157.68967553455366,192.30448235921176,111.5365997683428,7.69217929436847,230.7653788310541,46.15307576621082,184.61230306484327,178.48970251716247,1.1296288662495202,188.44984802431608,89.2857142857143,249.99999999999991,178.57142857142858,299.99499248037034,301.8762036068923,155.89119619039454,606.2037767381936,395.23123420356313,0.4878048780487805,187.6430205949657,1.0053456074924232,200.0,155.7377049180328,315.3793510691073,465.2369578161335,142.50824084371587,304.0,695.6521739130435,1.1511632768003817,841.2698412698413,319.672131147541,1956.9491082742124,292.51691541604833,0.2697368421052631,265.0,39.0,147368.42105263172,24485.125858123596,122883.29519450811,1680.7411758195108,334.60979930502845,192.30448235921176,384.6089647184235,2326.1847890806675,915.0529148912284,1601.8914675268968,1745.9813973324187,2424.815106952775,2213.2949115399533,0.0885403864116808,0.7122891183514328,2009,,,,,,,,,,,,,,,,,,,,,,,,,,
Butte,704.5918367346939,1.6870052062337757,818.6103960420313,562.3896039579687,65.047862,26.48967512562824,33187.68469387755,13515.140370218489,853.5422343324251,260.1626016260163,1227.1062271062272,566.5322580645161,562.862669245648,914.9686382175393,1693.3668391428114,175.6963218793376,443.9022357753448,186.17392276548048,192.7993292695901,104.01888211452112,20.53876016273984,103.35634146411016,27.164166666849464,76.19217479726069,224.48979591836735,1.420755091591168,181.99356913183271,380.48780487804873,358.7786259541983,463.768115942029,291.5178861808235,240.570918340756,415.10304501244184,2081.73498951745,261.2445616083507,0.7164461247637051,269.8979591836735,1.4460475368395094,308.58310626702996,154.47154471544715,350.48400406739916,612.2068460747754,104.31969111585671,1910.0,974.4897959183672,1.612582995849514,1162.1253405994548,414.6341463414634,2305.573685217587,280.01601299519433,0.2769633507853403,1706.0,204.0,230153.0612244896,47551.020408163226,182602.0408163264,1298.5796748054863,361.7471951243855,328.6201626038374,342.53351626246763,1983.928587279846,675.3327372237039,1321.8649399995606,1090.9759516352642,5802.28263035715,563.3085859680061,0.1995118390101098,1.6050315304523677,2009,,,,,,,,,,,,,,,,,,,,,,,,,,
Calaveras,267.8983833718245,0.641429468703957,180.84607218683652,-64.84607218683652,5.463832,-3.0543796921443738,12618.549653579676,-7053.994670079386,328.1733746130031,90.9090909090909,278.9473684210526,338.7096774193548,242.99065420560748,388.61296532753346,682.1704963676855,65.36417551675017,177.55592381344204,70.35234717136383,87.10290602168854,70.35234717136383,3.3501117700649443,36.85122947071438,0.0,36.85122947071438,110.85450346420323,0.7015779919005726,109.3333333333334,125.0,142.85714285714286,90.9090909090909,160.80536496311728,160.9366768252663,188.3643470602276,453.755521139639,66.70763574191375,0.6891891891891891,170.90069284064666,0.9156442926572969,198.14241486068113,90.9090909090909,247.90827098480585,411.87652610879127,65.36417551675017,190.0,438.7990762124711,0.7261234872427349,526.3157894736842,181.8181818181818,1094.0470224764767,130.72835103350033,0.3894736842105263,170.0,20.0,140184.7575057737,19399.53810623557,120785.21939953815,1450.5983964381207,636.5212363123394,207.7069297440265,358.461959396949,2078.6893427053055,719.0059306842518,1471.9818002310935,1506.9147764818208,3176.288647977473,733.7839931610512,0.0852890877997307,0.686133092658985,2009,,,,,,,,,,,,,,,,,,,,,,,,,,
Colusa,335.9375,0.8043356194638318,106.92054152385715,-20.920541523857153,4.050772,-0.9853993468567196,15823.328125000002,-3849.21619865906,408.16326530612247,100.0,1019.6078431372548,318.1818181818182,500.0,654.9595233787603,1158.5399529123051,88.25208996386479,396.0220373918085,106.62131775933308,99.00550934795211,38.07904205690467,30.463233645523736,53.31065887966654,22.8474252341428,30.463233645523736,136.71875,0.8652681044314109,129.03225806451616,144.14414414414415,214.28571428571422,0.0,266.5532943983327,281.2083894212474,234.91537266115105,3436.298515933134,0.0,0.5384615384615384,152.34375,0.8162207121042953,173.46938775510205,83.33333333333333,297.0165280438564,492.37947998772967,73.54340830322066,125.0,488.28125,0.8080064503908928,581.6326530612245,183.33333333333331,1650.919432900035,161.79549826708543,0.312,114.0,11.0,160546.87499999994,23046.87499999999,137499.99999999994,1949.6469533135191,388.4062289804276,335.0955701007611,198.01101869590423,2838.4228846351475,882.520899638648,2179.3650180146674,1629.7253978367353,16036.059741021294,1290.120160945397,0.1183196821020193,0.951857400488492,2009,,,,,,,,,,,,,,,,,,,,,,,,,,
Contra Costa,187.72353794103432,0.4494667257384007,4320.67578931368,-2378.67578931368,91.472084,-112.04038702825297,8842.154084098598,-10830.390239560464,233.71456986573844,26.944806605823555,568.1265206812652,102.6578073089701,41.46962531829757,280.7163904784327,547.2239325625952,18.32954326571678,202.51475955730393,44.66599621927688,16.478717051772055,2.168252243654218,0.2891002991538957,46.545148163777206,12.575863013194462,33.96928515058274,50.36249395843403,0.3187350651015504,34.00664791613398,51.27081507449607,66.94796061884668,55.276381909547766,75.31062792958983,37.52066379920686,77.31222122011056,380.3613228813763,26.73719067256776,0.7751724137931034,140.1643305944901,0.750966348993356,154.27647936350075,90.83007388092132,209.59771688657435,361.2260108032876,61.788299073142056,3392.0,327.88786853552443,0.5425879301767677,387.99104922923914,117.77488048674488,908.4499433658827,80.11784233885884,0.4274764150943396,3121.0,271.0,232962.78395360085,41150.31416143065,191812.46979217016,1495.3712973735255,356.4606688567534,435.095950226613,397.3683611870296,2341.41984762421,680.2625653937793,1103.3332038999852,1507.9187078999337,5681.447490938205,483.7000858037256,0.0850677497418384,0.6843524737064017,2009,,,,,,,,,,,,,,,,,,,,,,,,,,
Del Norte,381.9951338199513,0.9146114756263884,171.65758814963004,-14.657588149630044,7.395014,-0.6904017170238743,17992.73479318735,-1679.8095304717135,477.4193548387097,89.10891089108911,715.3284671532847,278.35051546391753,202.7027027027027,796.9591858146489,1453.0691461548083,89.74697013030598,497.4649694893987,137.0566752674874,76.14259737082634,20.304692632220355,0.0,91.3711168449916,25.380865790275447,65.99025105471615,97.323600973236,0.6159433708291726,84.30232558139534,260.8695652173913,142.85714285714286,108.10810810810808,203.04692632220355,225.2150255576243,167.33257877931655,92.33680338728917,185.64662651336957,0.5739130434782609,279.8053527980535,1.499128939069839,303.2258064516129,207.9207920792079,583.7599131763352,922.8952685037297,209.40959697071395,272.0,661.8004866180048,1.0951455990972,780.6451612903226,297.029702970297,2375.9644146585383,299.1565671010199,0.4227941176470588,242.0,30.0,123114.35523114352,26277.37226277372,96836.9829683698,2086.307167960642,695.4357226535473,492.3887963313436,375.6368136960766,3043.5907791080444,1007.1604425734338,2671.516165235268,641.44155198738,646.3576237110242,1717.2312952486689,0.2111580058032181,1.6987225364828369,2009,,,,,,,,,,,,,,,,,,,,,,,,,,
El Dorado,241.89261031366297,0.5791638104122444,785.6153851811536,-330.61538518115356,21.43141,-15.572645872802696,11393.625730994152,-8278.91859266491,297.79673063255154,75.9493670886076,516.1904761904761,247.02380952380955,138.02083333333334,379.4181625675328,683.0163591633569,59.60357425479868,225.98312539736563,69.21254394089058,44.19596179358074,14.176063216808917,0.833886071576995,70.0464300124676,14.176063216808917,55.87036679565867,85.06113769271664,0.5383364708363423,76.97283311772316,110.09174311926607,93.75000000000001,207.5471698113207,133.4217714523192,120.58096617508986,190.30981887902885,707.9233335408665,141.51517284061697,0.554016620498615,191.91919191919192,1.0282562920681928,219.6162046908316,109.70464135021098,301.03287183929524,503.7041884999458,86.09405170137588,816.0,433.81180223285486,0.7178705601737627,517.4129353233831,185.65400843881855,1186.7205476633028,145.69762595617456,0.4424019607843137,728.0,88.0,119936.20414673048,27644.86975013291,92291.33439659757,1568.5397006363278,437.7901875779224,280.1857200498704,320.2122514855661,2293.5656738492676,784.7803943548494,1566.5392748461254,1728.647521484512,7551.182224435906,681.8458327775184,0.0767337146744725,0.6173068832021698,2009,,,,,,,,,,,,,,,,,,,,,,,,,,
Fresno,401.0980631386304,0.9603496456345404,5477.171802905714,-217.17180290571375,247.75652,-10.22922626046493,18892.52096995577,-780.0233537032909,467.4369747899159,138.15291445874337,728.9888802689424,403.6968576709797,245.9210916641946,903.6576456729916,1690.056793621305,127.99534869176898,484.29865078938474,187.603450394469,142.4205681108194,86.07081377988001,4.123152755922396,167.84667677234086,33.67241417336623,134.17426259897462,170.80982156474,1.081024296401116,161.44656118824673,167.01345540296845,189.564384873145,194.71488178025032,384.827590552757,235.0863378143434,439.9569289275419,1361.3703424431758,210.0854845686664,0.7375195007800313,195.5162421839256,1.047528411394098,215.3361344537815,116.9568508705526,440.4901527577092,778.5654891963313,108.35770615275784,7824.0,596.614305322556,0.9872756881328268,682.7731092436975,255.10976532929595,2468.622282817636,236.35305484452684,0.3277096114519427,7150.0,674.0,188843.98352905287,35793.80814396827,153050.1753850846,2252.959385048596,664.342987797996,464.7136751987534,579.1311641755999,3615.582174219061,926.4759212154896,1456.1247764220427,2634.260382590242,7181.57233677726,1078.9390243205085,0.194285285876278,1.5629849901718202,2009,,,,,,,,,,,,,,,,,,,,,,,,,,
Glenn,311.68831168831167,0.7462757544527004,160.79847065111332,-40.79847065111332,5.65224,-1.9216895646087395,14681.142857142857,-4991.401466516205,383.6065573770492,37.5,612.2448979591837,350.0,216.4948453608247,692.6125052505782,1300.3756277701127,33.86545652378731,346.3062526252891,121.20718841885116,121.20718841885116,63.48947964796967,0.0,80.80479227923412,11.543541754176305,69.26125052505782,88.31168831168831,0.5589086145433024,71.12970711297069,113.0434782608696,76.92307692307692,166.66666666666663,196.24020982099717,166.17284976745972,216.8601680500331,911.9317825110747,302.69700963990886,0.7093023255813954,223.37662337662337,1.1967975489635807,226.2295081967213,212.5,496.372295429581,766.8881907362204,191.9042536347947,206.0,535.0649350649351,0.8854239619286052,609.8360655737705,250.0,2067.263818506333,225.76971015858203,0.4174757281553398,186.0,20.0,95324.6753246753,14025.974025974025,81298.70129870127,2222.131787678938,565.6335459546389,346.3062526252891,559.8617750775508,3389.8680894861914,903.078840634328,2336.1947702601697,1918.3784096733696,11855.113172643976,1816.1820578394536,0.1660667439448477,1.3359726496107034,2009,,,,,,,,,,,,,,,,,,,,,,,,,,
Humboldt,287.4015748031496,0.6881259868403263,848.6817983456162,-264.68179834561624,27.507568,-12.467042065675216,13537.188976377953,-6135.355347281109,347.9349186483104,64.51612903225806,672.3768736616702,235.73200992555832,167.1270718232044,612.9639117924305,1181.1458101782544,60.414261889676204,329.57306216236844,99.71159524020702,127.0010844638426,50.3805954897888,11.545553133076602,40.934233835453405,2.0991914787412003,38.83504235671221,117.61811023622047,0.7443836290991486,99.1379310344828,231.57894736842104,163.93442622950818,182.53968253968253,250.85338170957343,210.70337046038105,272.70727886946554,907.9038752856836,474.45459663758726,0.7378917378917379,172.73622047244095,0.9254786027009332,190.86357947434297,105.99078341013823,368.40810451908067,647.9307052236828,99.25200167589662,935.0,460.1377952755906,0.761434740021906,538.7984981226533,170.50691244239633,1829.076515401937,159.66626356557285,0.3754010695187166,861.0,74.0,138336.61417322836,26624.0157480315,111712.59842519683,2132.778542401059,490.16121028607023,422.98708296635186,759.9073153043145,3394.7320227785085,936.4210592899811,2125.355736817756,1177.5996132999649,5538.213639242671,2599.1860511450436,0.1911502993043196,1.5377646708138148,2009,,,,,,,,,,,,,,,,,,,,,,,,,,
Imperial,172.8395061728395,0.4138298679526806,981.079500154455,-575.079500154455,19.123412,-27.08739461627514,8141.086419753085,-11531.457903905975,208.02139037433153,35.49060542797495,365.1079136690648,162.32771822358347,107.14285714285714,371.46557225541034,713.424755176163,31.666510973241873,185.73278612770517,96.98362231298891,68.62048748560535,22.87349582853512,8.234458498272643,43.00217215764602,10.064338164555451,32.93783399309057,82.58833546189868,0.522686555233006,66.80584551148229,85.23409363745495,131.94444444444446,16.666666666666668,177.49832762943254,184.28604479725504,169.21337092236948,408.02263615565,29.778107705947264,0.6751968503937008,216.262239250745,1.1586804113888003,249.7326203208556,85.59498956158663,464.7894352358337,856.4765055713833,76.372173523701,914.0,389.1017454235845,0.643884482888932,457.7540106951872,121.0855949895616,1569.9012607475463,108.03868449694286,0.5557986870897156,856.0,58.0,158535.5470412943,25117.07109408261,133418.4759472117,2149.19366804916,508.706547226621,597.4557110413373,640.4578831989833,3429.574015885411,892.2505150695798,2758.53173305891,1985.2779996948427,3092.382084548084,1786.6864623568356,0.1896959846410611,1.5260650097745978,2009,,,,,,,,,,,,,,,,,,,,,,,,,,
Inyo,472.636815920398,1.131634980062501,83.94933143084097,11.05066856915903,4.47469,0.5205085909445286,22262.139303482585,2589.5949798235233,525.0,268.2926829268293,582.2784810126582,473.6842105263158,307.69230769230774,800.1440211664669,1340.1825999624714,178.25022819597083,387.4381576174471,151.6062355894358,101.07082372629054,33.69027457543018,16.84513728771509,75.8031177947179,8.422568643857545,67.38054915086036,248.75621890547265,1.5743328694700869,212.3893805309735,153.84615384615387,0.0,425.531914893617,421.12843219287726,289.59689552271607,310.8002004119773,0.0,1259.8935567459437,0.5972222222222222,358.2089552238806,1.9191963471751972,381.25,268.2926829268293,606.4249423577432,973.2278404489376,178.25022819597083,167.0,830.8457711442786,1.374881264362645,906.25,536.5853658536586,2313.410440411409,356.50045639194167,0.4311377245508982,145.0,22.0,116417.91044776115,39800.99502487562,76616.91542288556,1692.9362974153669,665.382922864746,320.0576084665867,328.4801771104443,2552.728761833279,664.3872141849821,1363.5187164194544,2020.2013026778525,2961.009328447162,2960.7498583529677,0.116628701594533,0.9382538116219774,2009,,,,,,,,,,,,,,,,,,,,,,,,,,
Kern,370.02856515051633,0.8859599037608288,5702.289661817273,-650.2896618172726,237.959304,-30.629943650917177,17429.085475719625,-2243.458847939437,432.0177465569831,133.3803810868031,556.780312740323,309.09090909090907,389.1808346213292,959.2395813546908,1796.2877497661004,147.54745411015773,412.40466561805,216.2656142444562,239.0504024001496,147.34163007348377,9.873408200800458,258.22759909785816,77.848026198619,180.37957289923915,168.4611440709002,1.0661599436842029,154.68749999999997,182.64312819666722,163.92714349178135,144.7963800904977,436.7084396507896,353.07988107166545,467.7273051027764,1200.802307302478,91.56066680715205,0.75054704595186,167.36248443565515,0.8966874336860847,180.5157593123209,117.14890613973184,433.86034113132786,750.5669609099689,129.59194382162002,7337.0,537.3910495861716,0.8892732097494196,612.533505869304,250.52928722653493,2546.8547106760693,277.1393979317777,0.3114351914951615,6627.0,710.0,183395.59071266383,35830.95290412363,147564.63780854022,2592.339272414013,740.6954882946652,699.6828696144172,614.2399140305671,4157.902688215541,1106.215568645997,2282.5366049077365,2560.880936068589,7325.219495224604,632.340855136894,0.1794168578726351,1.4433715583448576,2009,,,,,,,,,,,,,,,,,,,,,,,,,,
Kings,1232.866043613707,2.951852868185167,536.2733410805961,1046.726658919404,74.562466,49.30291908842176,58070.45638629284,38397.91206263378,1424.1823587710603,530.9090909090909,2152.6479750778817,1513.7614678899083,1572.0164609053495,1546.4056094037512,2859.056004593504,295.03359460859275,675.0260746039116,322.3713525604788,373.16926266091787,173.88515380534915,19.537657730938108,346.7934247241514,109.4108832932534,237.382541430898,507.7881619937694,3.2136989285014605,489.3048128342246,500.6915629322267,658.7301587301587,393.4426229508197,636.9276420285822,455.8754428095356,767.7201498002223,913.8305570523228,400.75964109830073,0.6239316239316239,273.3644859813084,1.464620343215184,303.27056491575814,163.63636363636363,342.8858931779638,608.8177713330635,90.93501203689505,1934.0,1506.2305295950157,2.4925060785939723,1727.4529236868186,694.5454545454546,3467.873775926568,385.96860664548785,0.1814891416752843,1743.0,191.0,161604.36137071662,43769.47040498446,117834.89096573216,1254.317626326227,313.57940658155667,212.96046926722536,237.382541430898,2007.50696495118,555.7139624476919,931.679866725499,1533.319525705969,1387.2608456456949,1018.5974211248478,0.1597964188448125,1.2855291794804242,2009,,,,,,,,,,,,,,,,,,,,,,,,,,
Lake,442.5907752698725,1.059695703503391,425.5938742687909,25.40612573120916,21.243002,1.196679334191414,20846.91069676153,1174.366373102468,549.7382198952879,121.5686274509804,701.5384615384615,597.1223021582733,329.50191570881225,1063.89128063596,1928.766714959068,144.59218697951516,537.8430420953412,195.79373900839173,202.87062114122517,115.58907483627948,42.46129279700062,205.22958185216967,28.307528531333745,176.92205332083591,146.2217860647694,0.9254110914182458,111.97916666666669,249.99999999999994,181.81818181818178,316.6666666666666,351.48514593072736,262.5209357572641,550.2425434162743,1337.7626137462214,702.23485803843,0.6618357487922706,203.14033366045143,1.088376436824207,227.7486910994764,129.41176470588238,488.3048671655071,799.0604961973282,153.92071517174196,658.0,645.7311089303238,1.0685540377267526,777.4869109947645,250.9803921568627,2727.8272111563965,298.51290215125715,0.3145896656534954,594.0,64.0,136113.83709519132,27183.513248282627,108930.32384690872,2403.780964452424,766.6622310569556,327.89553882128257,615.6887455565089,3508.5185005445906,1189.387344508915,2344.3730076927773,2200.9701736650977,7357.694375604218,2217.5837622266217,0.1934929310035152,1.5566106589020483,2009,,,,,,,,,,,,,,,,,,,,,,,,,,
Lassen,625.9842519685039,1.498794957638519,106.08522479320204,52.91477520679797,7.489218,2.492391741790598,29485.110236220473,9812.565912561411,764.3979057591623,206.34920634920633,1010.9890109890108,575.0,771.4285714285714,605.6435104330432,1093.006436683384,98.84755611737606,350.4352387411319,87.60880968528298,102.84512441315827,34.28170813771943,3.809078681968825,118.08143914103358,53.32710154756355,64.75433759347003,208.66141732283464,1.320580162083845,214.65968586387433,225.80645161290323,200.0,136.36363636363637,201.88117014434772,241.7529517831177,142.9808540384936,69.39723794628193,197.9040503873218,0.4776119402985074,263.7795275590551,1.413266470221368,267.0157068062827,222.2222222222222,255.20827169191128,381.8036182935108,106.45121428025116,226.0,889.763779527559,1.4723786202776534,1031.413612565445,428.57142857142856,1474.810054976895,205.2987703976272,0.2964601769911504,197.0,27.0,114960.62992125984,37795.27559055117,77165.35433070865,967.5059852200816,346.62616005916306,152.363147278753,133.31775386890888,1429.8919822364817,479.03046426113013,1126.2149705018412,633.2009250276144,346.98618973140964,1451.2963695070264,0.139787798408488,1.124563961373608,2009,,,,,,,,,,,,,,,,,,,,,,,,,,
Los Angeles,501.0689090002138,1.1997099797276378,46887.998725133984,9364.001274866016,2649.581704,441.06318804873905,23601.34775172807,3928.803428069008,588.2123948925569,150.60833780640544,1074.458988357561,334.429711858019,314.32748538011697,845.6285241236116,1661.617065198412,107.4469944947789,491.12358463909527,146.73576093242147,145.44293484491115,50.14962590621433,9.906655717084904,233.64073316378384,47.65417090008975,185.98656226369417,183.1130193116226,1.158888997423397,152.96937677330973,170.65019059490893,234.64741087691885,134.4978165938865,309.03053349941484,157.2965855514937,314.4459161184521,1255.0674184964096,70.94648287410695,0.6781113475971771,159.03584408180717,0.8520753224635754,177.4146905725853,85.12256217570227,268.3967089117358,501.17148164848,60.72813499363359,74106.0,660.104753082021,1.0923395039722712,765.6270854651422,235.73089998210773,2162.7885468468917,168.1751294884125,0.2409251612554988,68836.0,5270.0,187353.02501247096,48766.300862253345,138586.7241502176,1687.6491614913805,457.08918624231194,438.7641280949273,462.7114764368336,2824.858978876029,713.4199610707685,1028.2880722237408,1842.6344267313873,5348.737553958088,527.4917070834573,0.1378067676483005,1.1086269781415703,2009,,,,,,,,,,,,,,,,,,,,,,,,,,
Madera,577.3809523809523,1.382424010418457,561.33284300025,214.66715699975,36.551152,10.111252429002224,27195.79761904762,7523.253295388557,637.914691943128,356.401384083045,1025.9067357512954,518.3823529411765,688.5245901639344,813.680166077181,1416.3724780042876,220.16706861239516,415.2285383589738,147.84652502175584,176.1575617280495,88.07878086402475,8.38845532038331,170.91477715280993,39.84516277182072,131.0696143809892,238.83928571428572,1.5115704028434445,183.18965517241384,258.41184387617767,366.66666666666663,234.0425531914894,336.5867697303803,214.155693554951,407.75911151287505,786.8509605075353,250.1215897387092,0.7401812688821753,246.27976190476193,1.3195069875776395,270.14218009478674,159.16955017301038,347.07233888085943,599.8011236719494,98.32704035116676,1107.0,823.6607142857143,1.3629914523165234,908.0568720379148,515.5709342560554,2016.1736016762368,318.494108963562,0.2990063233965673,958.0,149.0,210491.07142857148,50967.26190476192,159523.80952380958,1409.260493824396,404.7429692084947,285.2074808930325,255.84788727169095,2220.316440259321,617.7503187279826,1169.0381389352617,1577.942811739928,2145.9571650205507,1068.7013379744849,0.1621410504389227,1.304391256310116,2009,,,,,,,,,,,,,,,,,,,,,,,,,,
Marin,298.4778292521509,0.714645878140275,631.0817900099538,-180.0817900099538,21.243002,-8.482212473048843,14058.90271343481,-5613.641610224251,368.6477174849268,65.71428571428571,567.0588235294117,267.63990267639906,111.90476190476193,263.57615442665747,510.105796230145,27.84178309565047,140.84668119029809,64.28686693333108,27.46802496242328,9.35081700848452,1.7532781890908478,66.62457118545221,28.052451025453564,38.57212015999865,80.0794176042356,0.5068080703955258,75.03075030750306,70.00000000000001,120.40133779264211,30.3030303030303,70.71555362666419,48.31090527999326,81.27071152779568,668.1967408064731,22.03394795001156,0.7827715355805244,176.7041694242224,0.9467379068667854,205.85701981050815,80.0,156.04175882908547,284.848797427581,33.894344638183185,718.0,475.18199867637327,0.7863298458422197,574.5047372954349,145.71428571428572,794.954593657726,61.73612773383366,0.3718662952646239,667.0,51.0,238848.44473858376,34679.020516214434,204169.42422236936,883.0677812387569,248.38107678787011,240.19911190544613,245.45894647271868,1383.7215640728934,423.67930797728985,643.88140971532,1161.010164682795,5549.74515280932,727.1202823503817,0.0714705009398806,0.5749654159617124,2009,,,,,,,,,,,,,,,,,,,,,,,,,,
Mariposa,423.9130434782609,1.0149755845205886,76.84913922027233,1.150860779727665,3.673956,0.0542078444467324,19967.15217391304,294.60785025397854,496.5986394557823,135.13513513513513,733.3333333333333,342.85714285714283,195.1219512195122,631.455749601904,1116.8919530146964,77.69821229378304,356.2058074677407,97.14703840029291,64.76469226686196,16.19117306671549,32.38234613343098,121.43379800036617,40.47793266678872,80.95586533357744,168.47826086956522,1.066268272790012,179.1044776119403,142.85714285714286,142.85714285714286,133.33333333333334,250.96318253409007,231.0229913303363,388.8198837393237,953.6843810352842,240.89924373485297,0.5227272727272727,239.13043478260872,1.2812026339385147,265.30612244897964,135.13513513513513,356.2058074677407,596.6957009256597,77.69821229378304,122.0,663.0434782608695,1.0972024982003636,761.9047619047618,270.27027027027026,1713.5876539403562,155.3964245875661,0.360655737704918,112.0,10.0,123369.56521739128,26086.956521739125,97282.60869565216,1489.587922137825,485.7351920014646,283.345528667521,331.91904786766753,2249.083795796718,574.9667709739945,1289.878368261045,2721.739186175266,6675.790667246989,1806.744328011397,0.1256362175194214,1.0107174164999069,2009,,,,,,,,,,,,,,,,,,,,,,,,,,
Mendocino,266.9404517453799,0.6391358916898984,610.1988717435754,-220.1988717435754,18.36978,-10.371807256865887,12573.429158110885,-7099.115165548179,318.1019332161687,86.687306501548,586.6666666666666,254.62962962962965,130.51823416506716,660.916686637107,1205.7521891013737,94.72404604772562,372.824797590163,93.20619939754074,115.23675561877764,23.72521439210128,22.0305562212369,66.09166866371069,3.3893163417287537,62.70235232198195,95.82477754962356,0.6064575899642469,70.57654075546718,172.56637168141592,187.5,116.0220994475138,237.25214392101276,165.3595980497552,348.36480094584607,2302.1014063545763,468.1110624310397,0.5833333333333334,172.4845995893224,0.9241304792866196,193.32161687170475,99.07120743034056,427.05385905782305,732.7775734870227,108.25605262597216,642.0,439.4250513347023,0.7271593491287832,511.4235500878734,185.75851393188856,1938.5297625883968,202.98009867369777,0.3925233644859813,582.0,60.0,88774.81177275848,35592.060232717355,53182.75154004113,2475.8955876328546,635.4968140741414,366.0461649067054,882.9169070203403,3790.4585392192353,1092.7095311934063,2342.982473775405,2018.729359327211,12277.874167224409,4034.671538096105,0.1635862575785412,1.316017649203046,2009,,,,,,,,,,,,,,,,,,,,,,,,,,
Merced,322.3560910307898,0.7718176332418669,1559.9539944984629,-355.95399449846286,56.710808,-16.766145048866598,15183.616599732262,-4488.927723926799,400.9745910198399,60.324825986078885,656.1866125760649,280.6629834254143,153.5433070866142,765.7328911899681,1451.8140307139845,66.56019323889689,411.48603039859574,161.54165644705307,99.21456065252076,40.703409498470066,3.1799538670679737,167.901564181189,26.71161248337098,141.18995169781803,117.80455153949129,0.7455635822004522,110.90400745573162,116.42512077294688,118.07228915662652,175.1412429378531,279.8359403019817,210.3429454432884,302.42068501596407,848.3291788463762,204.0234361720236,0.7481259370314842,178.5809906291834,0.956793457819192,207.7967281587191,81.20649651972157,424.20584586686766,752.3723752918826,89.60026012928428,1871.0,500.9370816599732,0.8289492853171154,608.771319178559,141.53132250580046,2204.186406005867,156.16045336818118,0.356493853554249,1749.0,122.0,161927.71084337353,44390.89692101741,117536.81392235612,2375.425538699776,627.0869025858044,575.5716499393033,646.1666257882123,3620.7132901399978,1103.3632033063293,1896.621684543264,2597.555261340438,7184.828759617267,1164.908006530586,0.1902808131623438,1.5307698344167031,2009,,,,,,,,,,,,,,,,,,,,,,,,,,
Modoc,260.5042016806723,0.6237255692852227,49.701345473980474,-18.70134547398047,1.460162,-0.8808707745154284,12270.268907563026,-7402.275416096036,288.659793814433,136.36363636363637,500.0,333.3333333333333,300.0,496.98114077150314,813.0967739867867,88.48266237027559,320.63299404613105,112.22154791614584,48.09494910691965,32.0632994046131,16.03164970230655,80.15824851153276,0.0,80.15824851153276,84.03361344537815,0.531833456745357,109.89010989010988,0.0,0.0,0.0,160.31649702306552,198.0147043636425,0.0,0.0,0.0,0.6428571428571429,117.6470588235294,0.6303242904938147,113.4020618556701,136.36363636363637,224.4430958322917,319.4308754948091,88.48266237027559,45.0,378.1512605042017,0.6257636509918041,402.0618556701031,272.7272727272727,1132.5276494815955,176.96532474055118,0.3111111111111111,39.0,6.0,72268.90756302522,8403.361344537816,63865.5462184874,1907.7663145744796,641.2659880922621,336.6646437484376,160.31649702306552,2816.7995384542255,648.872857382021,1801.9338097091463,1617.2311825870115,1764.1100746314476,3857.662646976528,0.1765033407572383,1.4199329150145856,2009,,,,,,,,,,,,,,,,,,,,,,,,,,
Mono,250.0,0.5985753447172701,65.15470499110046,-26.15470499110046,1.836978,-1.231938914490814,11775.5,-7897.044323659062,270.6766917293233,130.43478260869566,360.0,324.3243243243243,157.89473684210526,371.90478504381457,679.1762958546458,57.4849283477846,171.6483623279144,114.43224155194297,57.21612077597147,9.53602012932858,0.0,76.28816103462863,19.072040258657157,57.21612077597147,128.2051282051282,0.8113869404191985,114.28571428571428,162.79069767441862,0.0,142.8571428571429,190.7204025865716,152.70374196447716,327.0660417610543,0.0,224.5818103165376,0.4545454545454545,211.53846153846155,1.1333715607917632,210.52631578947367,217.3913043478261,314.6886642678431,528.248230109169,95.80821391297434,72.0,461.53846153846155,0.763752558646407,481.203007518797,347.82608695652175,1207.4245259638149,153.29314226075894,0.4583333333333333,64.0,8.0,193589.7435897435,31410.2564102564,162179.4871794871,1487.6191401752585,476.801006466429,352.83274478515744,362.368764914486,2509.1790930185525,440.7177839996819,1336.157742189175,2009.1199708179047,2342.530569219282,1572.072672215763,0.1211903540277065,0.9749513631183434,2009,,,,,,,,,,,,,,,,,,,,,,,,,,
Monterey,461.45966709346993,1.104873517214362,1630.9559166041493,171.04408339585075,84.877804,8.056518416111363,21735.67323943662,2063.1289157775573,541.799617102744,134.88975356679637,911.1870196413322,285.1153039832285,329.6582138919515,661.898844598594,1306.3911312783257,81.26837898167639,391.9234557084905,99.90925956205191,109.82672282740266,49.220002872481466,3.3058210884502475,128.19239554101514,13.957911262345489,114.23448427866968,160.56338028169014,1.0161764329869736,148.2617586912065,153.40909090909082,236.4217252396165,199.99999999999991,230.3055358287006,147.54299817032845,268.5184790107894,825.4627583955751,123.79557607723436,0.6534260178748759,257.87451984635084,1.381628876947966,279.8340778557754,168.61219195849546,369.8846484521555,674.7379400065322,101.58547372709548,2809.0,719.3341869398207,1.190352205893762,821.6336949585194,303.50194552529183,1981.1290712848577,182.85385270877188,0.3584905660377358,2575.0,234.0,230550.5761843791,54238.15620998723,176312.4199743919,1434.3590389331353,430.1240549528045,350.41703537572624,333.1533030249305,2411.207188119124,602.480001873774,995.1520842109054,1750.342677996258,3491.484369970474,618.9778803861719,0.1234185375267216,0.9928766390783916,2009,,,,,,,,,,,,,,,,,,,,,,,,,,
Napa,312.357846853677,0.747878823422336,550.8913838670609,-138.89138386706088,19.406024,-6.542061962906302,14712.679302501894,-4959.865021157168,367.32766761095377,88.46153846153847,653.3742331288344,251.59235668789808,228.95622895622895,463.3162669005611,892.9183937306576,53.62196494378775,239.53001177140655,88.83976962413672,76.46967511951009,24.740189009253264,4.498216183500593,107.95718840401425,22.491080917502966,85.46610748651128,119.7877179681577,0.7581146818594543,106.64819944598337,134.61538461538458,149.12280701754386,119.40298507462688,177.67953924827344,142.75025659062692,215.87901290171996,1072.327037010078,107.2675470051468,0.6837606837606838,177.407126611069,0.9505041802821816,194.52313503305004,107.6923076923077,263.1456467347847,472.85652727124807,65.27891384461118,646.0,489.764973464746,0.8104617118413603,561.8508026440038,196.15384615384616,1365.7749210019058,118.90087878839893,0.3622291021671827,595.0,51.0,167854.43517816524,43972.70659590598,123881.72858225924,1483.2867865093206,366.6046189552983,353.10997040479657,333.9925516249191,2430.8498173798625,606.161342842818,1338.5153929666585,1603.67266726992,7190.898954067583,898.3657061681043,0.0986000301068794,0.7932168737970229,2009,,,,,,,,,,,,,,,,,,,,,,,,,,
Nevada,208.77458396369136,0.4998692742570849,276.07217948152186,-138.07217948152186,6.500076,-6.503475797938642,9833.700453857791,-9838.84386980127,265.30612244897964,46.783625730994146,518.918918918919,141.93548387096774,57.52212389380531,210.23061547752383,377.1094958997349,23.570392982525277,146.24738468001658,33.515025655837135,19.804333342085577,9.140461542501036,1.523410257083506,38.08525642708765,9.140461542501036,28.944794884586617,78.66868381240545,0.4978797927897532,66.32653061224492,204.54545454545456,222.2222222222222,100.0,79.21733336834231,67.51484677308207,181.60724001695183,874.536715843353,74.27529985583578,0.5492957746478874,214.82602118003024,1.15098550472925,242.8571428571429,134.50292397660817,216.32425650585785,345.200230862065,67.76487982476017,280.0,423.6006051437216,0.7009730997158148,508.1632653061224,181.28654970760232,722.3097267617999,91.33527280728543,0.5071428571428571,249.0,31.0,170499.24357034787,43721.63388804839,126777.60968229947,1006.9741799321976,281.83089756044865,236.12858984794343,344.29071810087237,1421.4127153143852,503.8171500014778,1017.916151348006,887.8576178606534,3935.415221295088,742.7529985583578,0.094962758069085,0.7639557716265551,2009,,,,,,,,,,,,,,,,,,,,,,,,,,
Orange,426.9295416344887,1.022197990215401,9193.913595955732,204.0864040442666,442.664596,9.612877803293046,20109.23527006769,436.69094640862386,514.1503917670448,123.192832417023,930.9021113243762,325.9587020648967,259.1752869491285,465.0464287097163,882.9144203818447,61.700634756701,239.99523081954928,98.42278641238836,90.50541797298054,46.1186711595505,1.929858557105654,96.29499364429748,19.64497044028063,76.65002320401688,195.83882251396903,1.2394282915162806,175.11670828357418,215.98428453267164,243.17817014446206,162.42038216560516,213.32359588929424,170.08160875314726,329.48580006714553,915.5813825967718,75.48225720164287,0.6313083222243382,238.5408622177804,1.2780438477152445,267.3956262425447,138.0574221136225,259.83813547081513,459.1797616747612,69.14550473560872,14649.0,665.4704038522691,1.1012185678988613,781.5460180095896,261.25025453064546,1342.094182056606,130.84613949230973,0.3584545020137893,13366.0,1283.0,180175.35092899625,33748.23967655472,146427.1112524415,1089.281446604276,257.8093098082168,301.9486388579154,349.2054317306308,1717.22988938591,500.84597899199775,971.2471780689632,1525.5082136186843,3765.0640353649464,464.73389728070293,0.0930728099171345,0.7487515291622919,2009,,,,,,,,,,,,,,,,,,,,,,,,,,
Placer,320.07400555041625,0.7663536328295114,1354.4660787572998,-316.4660787572998,48.891876,-14.906185241626336,15076.125809435707,-4596.418514223353,395.15455304928986,108.36277974087162,658.7677725118484,301.1542497376705,264.30517711171666,465.8749086790674,899.9261540714574,88.8906915597961,187.1578390358103,128.81127051145697,87.07103302865036,36.35440038825092,3.590558063037128,133.29946809025338,21.99216813610241,111.30729995415098,111.31668208448968,0.7045030363343753,100.9476720230738,117.51662971175168,165.93886462882094,183.8235294117648,162.0239325945504,140.47855624954423,207.6902663495108,1255.4013224388302,125.8998176377528,0.6448598130841121,164.97070613629356,0.8838728680297941,192.1470342522974,88.33922261484099,240.11857046560792,437.5962271383408,72.46523768461637,1573.0,485.04471168670983,0.8026506358187058,587.3015873015873,196.7020023557126,1337.522381209798,161.3559292444125,0.3401144310235219,1406.0,167.0,156953.4381745297,25161.88714153561,131791.55103299412,1455.5224748036758,284.10290673781276,427.7252292592979,329.4337022836565,2277.402973411278,820.3064905898574,1391.597779663852,1767.3266061062145,7565.444811539267,684.895007949375,0.0653331293883129,0.5255915296638256,2009,,,,,,,,,,,,,,,,,,,,,,,,,,
Plumas,244.29967426710095,0.5849270469549872,128.22111815556306,-53.22111815556306,3.53265,-2.506821107363331,11507.00325732899,-8165.541066330072,291.84549356223175,94.5945945945946,400.0,315.7894736842105,128.7128712871287,552.6569320608967,946.2570390778068,98.9352307096571,294.7503637658115,88.42510912974346,95.79386822388877,22.106277282435865,7.368759094145289,66.31883184730759,0.0,66.31883184730759,133.55048859934854,0.8452167542216928,111.55378486055774,399.9999999999999,71.42857142857144,117.64705882352938,302.11912285995686,236.58779571552043,1087.0116557663755,780.7467662547222,290.76523182813685,0.4883720930232558,140.06514657980458,0.7504349451970336,150.21459227467813,108.10810810810813,316.8566410482474,487.04406423122407,113.068835096751,118.0,384.3648208469056,0.6360458333135659,442.0600858369099,202.7027027027027,1433.301103309031,212.0040658064081,0.3644067796610169,103.0,15.0,106188.92508143323,39413.68078175896,66775.24429967426,2262.2090419026035,736.8759094145289,280.012845577521,744.2446685086742,3242.32191331072,1045.8867246449468,2120.840597306987,2717.52913941594,10930.45472756611,2471.504470539164,0.1236061684460261,0.9943860910641266,2009,,,,,,,,,,,,,,,,,,,,,,,,,,
Riverside,529.9913486494281,1.2689590168600096,8689.799949005359,2337.200050994641,519.393754,110.0867968019496,24963.652504085356,5291.108180426294,640.1044256588762,154.51462484103433,1183.5921943448825,416.5470208183776,337.06666666666666,814.7638834530012,1550.4983396426917,111.48043808675038,439.1907611539529,171.49423900375584,140.09180402891903,57.115487613056125,6.206598912673629,207.55162316309787,34.65351059576109,172.8981125673368,184.65827165240793,1.168668618461327,162.0045074903883,197.89654432281628,210.70544554455435,133.23983169705474,283.87801217252473,211.70270016337983,323.1501706818772,793.5375892874904,79.34990506470832,0.7877344447752307,161.44381428434104,0.8649766403938359,187.5310790651417,72.48834251801611,248.19006842465137,454.2487367160614,52.29946478143845,14386.0,691.4351629337691,1.14418497879565,827.6355047240179,227.00296735905044,2004.747076358753,163.77990286818883,0.2334908939246489,13315.0,1071.0,216706.7192156109,35013.93828703259,181692.78092857832,1537.315440203423,371.0659492791305,411.7043945406839,415.6204629022518,2422.258427672521,721.487938125224,1306.770431532222,1632.9247778816316,3766.0991021691193,595.5419190646,0.1211107570121726,0.9743110215712169,2009,,,,,,,,,,,,,,,,,,,,,,,,,,
Sacramento,439.37841530054646,1.05200434559941,7337.422162074698,381.5778379253025,363.580338,17.973079321957595,20695.602117486334,1023.0577938272764,540.244353942984,104.1102633522028,1023.680208559635,283.3688699360341,257.78506204635914,824.1249659653048,1611.760665160182,94.90930978846882,503.0803005089411,141.891706149487,117.54911096357048,40.89128928160535,5.231522649604862,238.3011949779195,57.760280682372056,180.5409142955474,139.7427140255009,0.8844062227964044,118.90013597220124,148.17091915155245,151.60532498042292,166.2852784134248,262.10996132203957,159.5593661599289,271.2247414669462,1053.3787216809746,125.43927011202814,0.58022030651341,237.70491803278688,1.2735650623502075,276.63828211773415,108.29436377061285,445.8538486683654,825.3204283221545,98.72363193126782,11895.0,677.0833333333334,1.1204356112087048,816.8826360607183,212.40462712281567,2437.081093482336,193.63294171973664,0.3510718789407314,11032.0,863.0,232371.35701275055,51161.202185792376,181210.15482695823,1875.6610185358825,491.4428317577792,500.7314536050369,455.9965966624974,2983.391965870101,911.6229921289572,1341.9611748571408,1830.4856514356347,6948.164398691137,754.3618491599493,0.1268436270625686,1.0204307768525331,2009,,,,,,,,,,,,,,,,,,,,,,,,,,
San Benito,287.4251497005988,0.6881824322497957,209.2468410291111,-65.2468410291111,6.782688,-3.073256706153191,13538.299401197604,-6134.2449224614575,368.9839572192513,47.24409448818898,417.64705882352945,285.7142857142857,292.45283018867923,405.3074350460512,761.1331923653358,33.6113182419909,199.83908255742804,78.80977903673218,87.25368393352491,50.663429380756405,2.8146349655975778,50.663429380756405,14.07317482798789,36.59025455276851,139.72055888223554,0.884266006923917,55.9006211180124,188.6792452830189,0.0,83.33333333333333,197.02444759183047,59.821881547279354,321.4910378123913,0.0,63.87376819250272,0.675,239.5209580838323,1.283294962682018,278.0748663101604,125.98425196850394,337.75619587170934,573.6076232318474,89.63018197864241,264.0,526.9461077844312,0.8719889491931035,647.0588235294118,173.22834645669292,1334.7408155971832,123.24150022063333,0.4545454545454545,242.0,22.0,198403.1936127744,49101.79640718561,149301.39720558876,1410.1321177643863,478.48794415158824,275.83422662856265,298.35130635334326,2062.781260468374,711.439569455474,1070.1469921235532,1703.9025004056737,3917.021338131483,766.4852183100327,0.11568645274672,0.9306736142874438,2009,,,,,,,,,,,,,,,,,,,,,,,,,,
San Bernardino,421.6386903772644,1.0095300977548376,12565.251920879851,119.74807912014694,597.48887,5.640374022717161,19860.02559414991,187.48127049084724,509.7053726169845,131.47751605995717,865.4496281271129,315.8121499353727,259.6724424400665,972.2065684469876,1800.7610234823508,143.19023991545006,490.5102119086102,224.71499083063208,167.6931786962561,67.59843857865535,13.1824619450439,200.64933355886583,45.9853323664322,154.66400119243366,206.31543958783448,1.305732895649637,185.21148189471543,209.3494351382937,247.554914221581,129.98266897746964,475.7182633307412,368.53406856746585,462.9996815140658,1367.8232651668245,129.2421216164577,0.7775803872801563,187.1032075785275,1.0024534208114444,207.53899480069325,119.77159172019984,431.4190598177448,733.2238441414876,130.44148891320586,18314.0,608.741897955792,1.00734439459118,717.2443674176776,251.24910778015703,2533.9848676238385,273.6317288286559,0.3073604892432019,16554.0,1760.0,150746.21904603645,33365.46451720131,117380.75452883514,2305.7812070735217,566.7692214162769,711.5463761499277,645.7873508659296,3532.9449525648292,1089.08537525269,1989.8014140233552,2211.611802096403,5525.332710392151,994.3027223026148,0.1279826464208243,1.029593952295487,2009,,,,,,,,,,,,,,,,,,,,,,,,,,
San Diego,466.9724770642202,1.1180728457287723,11381.1904551762,1343.8095448238,599.37295,63.29611718029063,21995.337614678898,2322.793291019836,564.3833008044937,139.1958994073362,810.9953287818901,394.93183165382334,332.0568927789934,599.8063957876568,1196.2696949304031,89.05604561090871,319.1582794403319,125.6176066620122,114.44635984066254,34.26791746464648,8.484491256721274,174.54483957577156,31.015529149569993,143.52931042620156,154.23853211009174,0.976147619175734,126.81554103122728,166.88553293937412,189.77820636451298,155.41601255886962,198.11287084444177,126.51821237418108,250.9208068336202,909.4793950757804,98.54871409540247,0.6263871763255241,178.5688073394495,0.9567281827198044,197.9816251725615,113.24683645683164,229.36408030669844,419.6428526666283,72.45411305743666,17591.0,645.5412844036698,1.06823991662958,762.3649259770553,252.44273586416787,1615.9125475970316,161.51015866834535,0.2766187254846228,16015.0,1576.0,206605.50458715577,46880.73394495408,159724.77064220168,1284.4577041425264,393.53898612425513,318.0741500019731,344.6588892730331,2119.6050507256223,639.7892896995432,997.6554241331276,1503.5503821938496,4792.327910028375,634.0962715027416,0.1168482498293941,0.9400200318180096,2009,,,,,,,,,,,,,,,,,,,,,,,,,,
San Francisco,105.0666323311659,0.2515611826636412,6487.487388633099,-4855.487388633099,76.870464,-228.70316697939623,4948.848516062576,-14723.695807596489,120.78474629687992,34.84688489968321,313.6882129277567,93.99375975039,47.939068100358426,264.55201278294396,535.5819931191372,35.1294804828083,160.48191951906526,39.0668107112068,52.03504663193934,4.863088470274705,2.4315442351373524,31.285869158767273,6.6462209093754305,24.639648249391843,41.20260091418271,0.2607637678859614,18.612769051134233,13.0373596215894,83.69875729744764,35.371951885396626,103.74588736586038,46.681140768824314,99.26162272244844,1066.8567155561288,22.66997037701728,0.8263959390862944,126.82675593896865,0.6795068720993321,134.7305389221557,91.51707145371348,319.342809548039,597.4202271583331,92.2592416720218,3602.0,231.89338827013455,0.3837365320197499,255.5152852190356,126.3639563533967,1133.0022202774703,127.38872215483008,0.5469183786785119,3243.0,359.0,87301.92758140016,30661.69394349368,56640.23363790648,2517.9451069592333,511.596907072899,415.63196125947815,1085.4413465653142,4434.1856860196285,1008.109636885438,2508.0169769784816,7613.629262636488,12746.38656539124,640.9024429996641,0.1174323593263684,0.9447190720580876,2009,,,,,,,,,,,,,,,,,,,,,,,,,,
San Joaquin,394.70352395020046,0.9450391916384502,3958.56598657468,-217.5659865746802,176.208582,-10.247793099640589,18591.325385102344,-1081.218938556718,471.8052738336714,120.97935669707154,779.6672828096118,330.4105221203667,284.9972113775795,868.9245407631545,1692.523018392966,124.1614785143096,489.8588229001585,192.5523775174165,118.69030749264154,43.43461350513496,3.0195185859184734,161.8926503373212,25.31750198962412,136.5751483476971,150.453682211437,0.952193992497854,118.5141509433962,137.6899696048633,190.94304388422034,247.70642201834852,331.217961809211,232.38783323413244,298.90220504243183,1327.677952399834,215.46771979271207,0.6050420168067226,138.10930576070902,0.7399560263958039,151.58891142663964,90.25444071051368,304.04229453594473,543.8000296986286,92.6284046059135,5050.0,532.8128297109095,0.8816971842712354,623.394185260311,211.23379740758523,2236.3230480915945,216.7898831202231,0.2592079207920792,4610.0,440.0,237412.95631989863,58356.19328972356,179056.7630301751,2201.461319795022,628.2921365314977,582.7670870822653,416.4612941962941,3587.33382660246,1026.3030148623288,1960.8446028113865,2170.8349990940396,6953.26692919424,869.8511650890972,0.1437333806062755,1.1563053550916995,2009,,,,,,,,,,,,,,,,,,,,,,,,,,
San Luis Obispo,390.9224011713031,0.9359860441552628,855.7819905561848,-54.78199055618484,37.728702,-2.580341319177418,18413.22693997072,-1259.3173836883434,463.6251541307028,114.75409836065576,759.6491228070175,314.8854961832061,268.6868686868687,421.6424869239733,842.0049287898573,55.72442469996994,227.9290846917359,86.85519393564994,70.01055026328146,34.21568245949845,3.1583706885690885,95.80391088659567,29.478126426644828,66.32578445995085,157.14982918496827,0.9945726889003704,137.73314203730268,181.0865191146881,266.1290322580645,205.8823529411764,169.49922695320774,138.49928247507523,256.4600863427606,697.1975108162809,60.784597569683655,0.5218295218295218,234.7486578818936,1.2577261404021287,257.70653514180026,147.54098360655738,253.1960502002886,468.0293354177664,71.64568889996134,1282.0,625.6710590531966,1.0353587231495869,721.3316892725031,262.29508196721315,1310.0342642076237,127.37011359993129,0.375195007800312,1170.0,112.0,180722.30356271335,33870.18057589065,146852.1229868227,1078.5835901463438,300.0452154140634,275.83104013503373,260.5655818069498,1816.1329714057829,485.59855809973806,1005.562498803411,1416.2295879150224,2619.772464885419,295.2394739098922,0.1508722242491327,1.21373587748378,2009,,,,,,,,,,,,,,,,,,,,,,,,,,
San Mateo,348.60264761504516,0.8346597998621149,1987.6361605938912,-328.6361605938914,78.142218,-15.479420436293474,16419.881907963856,-3252.6624156952057,406.6823283737928,108.83620689655172,816.1943319838057,248.39228295819933,176.21776504297995,338.71812305425766,651.4788317947867,42.8950274178007,205.80341653929585,63.08854733198652,50.225833798280526,20.212835552966553,1.63336044872457,83.0972128288625,18.17113499206084,64.92607783680165,142.88716116831267,0.9043068568992286,128.2778171509568,112.39860950173808,216.0864345738296,158.42839036755387,138.83563814158845,85.45152346255142,163.85802035402529,1311.6756166181308,85.702316889526,0.6337890625,215.1712544652238,1.152835180596378,238.31897676846776,119.61206896551724,209.07013743674497,381.77161324046233,47.14205983540472,2683.0,563.773902080269,0.932931480459061,645.0013051422605,228.44827586206895,1033.250445035249,90.03708725320541,0.38166231830041,2471.0,212.0,225866.77873502817,43538.55852069758,182328.22021433056,971.6452969350285,252.15001927185548,253.98754977667065,285.02139830243743,1601.9354329947548,394.124608353654,666.1441967163538,1457.8296037682874,6070.143270238348,540.9530242066882,0.0629690540678319,0.5065730320720907,2009,,,,,,,,,,,,,,,,,,,,,,,,,,
Santa Barbara,474.38752783964367,1.1358267120247532,1500.2288482566207,203.77115174337928,80.261808,9.59802878941665,22344.601336302894,2672.057012643836,540.9386776293251,185.73551263001485,782.4956672443674,388.755980861244,377.4509803921569,595.6883376023087,1155.5889109331044,92.91460159793394,315.6728690462939,113.61426626804597,107.6713661863328,41.949882929740056,1.7479117887391689,107.32178382858496,30.413665124061534,76.90811870452343,214.086859688196,1.3549168001176048,157.27002967359047,251.17739403453697,246.57534246575347,201.75438596491225,268.82883310808415,144.99203792391893,427.9985044201344,968.4360386288516,104.002867509145,0.7531914893617021,261.6926503340757,1.402085490268814,279.54779033915725,184.2496285289747,328.60741628296375,597.1884428887988,92.17128478515046,2644.0,736.0801781737194,1.2180634254730096,820.4864679684823,369.9851411589896,1752.7773538219033,185.0858863830844,0.3555219364599092,2395.0,249.0,184771.71492204905,52811.8040089087,131959.91091314034,1255.6998290302188,403.4180408410001,292.25085107718905,285.25920392223236,2136.2660107750044,500.25221500327626,921.9305052898242,1703.9690457226593,3927.5461566614545,515.4924737409796,0.1494579774997636,1.202358554534729,2009,,,,,,,,,,,,,,,,,,,,,,,,,,
Santa Clara,409.4190202536968,0.9802725247286544,5959.567214859054,-117.56721485905382,275.169884,-5.537650954291153,19284.454691989627,-388.0896316694343,491.45299145299145,106.02568324003953,968.058968058968,298.74966746475127,200.04976362279172,482.9418357005001,962.5001375271564,57.025659235648426,293.13792355254594,92.83527584588523,66.46443613543343,26.784175756070187,1.5706769733497952,137.1448999361742,42.325611071320786,94.8192888648534,153.05907912257342,0.96868307571863,123.54497354497354,162.26950354609937,193.12009656004824,141.97530864197532,180.54518472610275,102.69009611589848,379.6945394554053,1001.4450205527044,60.00173385753087,0.7010411502231036,282.71077160277525,1.5146954654665647,313.74643874643874,167.92887718142904,333.4795216048986,614.4656675082788,90.32014350987794,9876.0,692.129791856472,1.145334448799202,805.1994301994301,273.95456042146856,1576.9658050354349,147.34580274552638,0.4084649655731065,9044.0,832.0,201857.17289228385,35132.10456233791,166725.0683299459,1179.578406985696,302.80998702001574,310.74603909588836,332.23951346804347,1958.478540707431,537.8475996852927,831.1960670623046,2339.900789476054,5185.607497049473,422.62090804,0.0845197000838492,0.6799435274218568,2009,,,,,,,,,,,,,,,,,,,,,,,,,,
Santa Cruz,206.99815837937385,0.4956159760310951,1133.9424618643443,-571.9424618643445,26.471324,-26.939633838734355,9750.027255985267,-9922.517067673794,244.7102115915363,55.45286506469501,558.7349397590361,160.0633914421553,60.09615384615385,298.20500890811627,580.0034856125145,33.21948890044233,196.8577549909451,53.59200338028424,26.530694742714967,9.551050107377389,1.0612277897085989,54.65323116999284,7.428594527960192,47.22463664203264,61.51012891344383,0.3892864193701834,48.132183908045995,74.41016333938293,93.16770186335405,50.00000000000001,88.61252044066799,56.30716265794769,153.15846272397235,823.9841231921082,21.25998225999297,0.5078299776286354,164.64088397790056,0.8821057612269795,180.31278748850048,101.66358595194085,237.18441099987183,427.37098939869486,60.9023963174776,1009.0,371.6390423572744,0.614987250568749,425.0229990800368,157.11645101663584,1007.3744750112093,94.12188521791994,0.4430128840436075,924.0,85.0,221731.12338858197,44751.38121546961,176979.74217311235,1440.6167245294228,352.3276261832548,334.8173676530629,441.470760518777,2370.164619777456,599.0581165046433,1169.8443346248234,2058.300316119726,8844.096255595294,425.19964519985933,0.1300950433108758,1.0465877489051731,2009,,,,,,,,,,,,,,,,,,,,,,,,,,
Shasta,906.1757719714964,2.1696579003291077,703.3366872116228,822.6633127883772,71.877652,38.74908735895814,42682.69121140143,23010.146887742365,1145.484949832776,319.672131147541,1818.181818181818,843.1876606683804,722.8915662650602,1317.0450455629705,2327.9275743103967,269.23171405413075,621.4105064255169,283.0870084827355,258.9210443439654,111.33604906790512,7.76763133031896,332.2820069080889,64.73026108599134,267.55174582209753,309.38242280285033,1.958025088168372,278.9212207239176,654.7619047619048,336.95652173913044,424.2424242424242,449.6595470106866,401.0939531139668,672.0317455748047,3529.2854853434865,476.1416415114454,0.7289719626168224,127.07838479809978,0.6808550382471789,155.51839464882943,57.37704918032787,184.69701163202865,316.05440059980566,48.32364098407475,1740.0,1033.2541567695964,1.7098260962570992,1301.0033444816054,377.0491803278688,2643.9819749102026,317.5553550382055,0.1229885057471264,1556.0,184.0,237648.45605700716,76009.50118764846,161638.95486935868,1453.410128917459,341.7757785340343,335.73428749934175,358.17411134248545,2032.2637802009008,842.2120285795885,1438.0187784671227,1026.3757568778838,10474.008537148413,1122.3338692769787,0.1647677558355051,1.3255225586109805,2009,,,,,,,,,,,,,,,,,,,,,,,,,,
Sierra,250.0,0.5985753447172701,16.70633461310268,-6.70633461310268,0.47102,-0.3158817729463624,11775.5,-7897.044323659062,285.7142857142857,0.0,500.0,100.0,166.66666666666666,446.73495157993494,797.6672735853004,0.0,268.04097094796094,44.67349515799349,44.67349515799349,44.67349515799349,0.0,89.34699031598699,44.67349515799349,44.67349515799349,25.0,0.1582204533817437,0.0,333.3333333333333,,0.0,44.67349515799349,0.0,630.5121993905522,0.0,0.0,0.6666666666666666,150.0,0.8036634703796138,142.85714285714286,200.0,268.04097094796094,398.8336367926502,81.01668980020547,16.0,400.0,0.6619188841602194,428.57142857142856,200.0,1196.5009103779507,81.01668980020547,0.375,15.0,1.0,115000.0,32500.0,82500.0,1786.9398063197398,536.0819418959219,446.73495157993494,268.04097094796094,2791.8354575485514,405.08344900102736,1750.1977071257395,1891.536598171656,0.0,2625.1583630976033,0.0978157644824311,0.7869076188588955,2009,,,,,,,,,,,,,,,,,,,,,,,,,,
Siskiyou,390.0481540930979,0.933892833170444,260.2011615990743,-17.201161599074283,11.445786,-0.8102091136395968,18372.0481540931,-1300.4961695659622,478.35051546391753,79.71014492753622,824.561403508772,355.9322033898305,153.4090909090909,828.0361526325253,1545.7316575940313,74.43745602889902,480.4654218978851,143.11735971426364,92.00401695916948,23.852893285710607,10.222668551018833,163.5626968163013,27.260449469383552,136.30224734691774,78.65168539325842,0.4977722128863846,77.86885245901638,65.21739130434781,52.63157894736842,117.64705882352942,166.97025299997424,158.23641188624785,116.88516692207143,526.4979224485397,251.53496113536215,0.6235294117647059,136.43659711075443,0.7309940608054273,158.76288659793815,57.971014492753625,289.64227561220025,513.0230070462949,54.13633165738111,328.0,526.4847512038523,0.8712254976105616,637.1134020618556,137.68115942028984,2058.754664640326,128.57378768628013,0.2591463414634146,309.0,19.0,101123.59550561797,29373.99678972712,71749.59871589084,2122.907502428244,582.6921074080733,402.09162967340734,599.7298883264381,3231.378680746143,933.851721089824,2032.0886579076043,1792.239226138429,10003.460526522254,2138.047169650578,0.1824231822330392,1.4675568167894508,2009,,,,,,,,,,,,,,,,,,,,,,,,,,
Solano,358.27027027027026,0.8578070021159063,1931.6699396399977,-274.66993963999744,78.048014,-12.93750349692316,16875.24627027027,-2797.298053388793,426.0918253079507,128.2051282051282,693.8472942920681,339.64143426294817,203.35110434120335,593.7107665645935,1090.953754157602,98.28294864659472,335.37313066050666,122.18187772994956,95.66733534867018,40.488422825467154,0.7166092535480912,84.91819654544881,12.898966563865642,72.01922998158317,133.18918918918916,0.8429301559624138,108.5618354784555,92.37379162191193,181.81818181818178,144.8275862068965,220.7156500928121,155.10142822867826,147.66058165830304,708.52352968426,77.38188867224092,0.7502930832356389,184.4324324324324,0.988144057994682,208.84658454647257,101.61443494776827,305.63384663826093,534.7250332467618,77.89833707544913,2510.0,542.7027027027027,0.8980629185092707,634.9384098544233,229.81956315289648,1625.678787404364,176.18128572204384,0.3398406374501992,2268.0,242.0,227545.94594594595,44627.02702702703,182918.9189189189,1657.1588988299611,483.3529415181875,359.7378452811418,470.4539749543219,2560.372411202993,766.6069994434388,1428.692021879629,1598.511645626513,3896.8794132634303,534.3035170226161,0.0924984446883631,0.7441308795469731,2009,,,,,,,,,,,,,,,,,,,,,,,,,,
Sonoma,270.68152593227603,0.6480931507740353,1948.793932618428,-685.7939326184278,59.489826,-32.302265814193184,12749.641234462068,-6922.903089196994,328.2548476454293,73.86363636363637,621.7133163698048,252.17391304347825,83.95522388059702,385.2937476633699,742.2916285918716,49.62534458537596,223.61070232561372,79.62127327010258,41.183417208673745,12.507556337449063,1.525311748469398,67.41877928234739,8.23668344173475,59.18209584061265,97.5139305615088,0.6171479321791118,81.1099252934899,130.26819923371647,110.44776119402985,93.02325581395344,138.8033691107152,99.49934571965314,238.81559733551563,771.8770368498547,88.19716378967858,0.5539267015706806,204.67209601371624,1.0965832464816847,227.70083102493075,125.9469696969697,291.334543957655,514.906091732083,84.61757474173079,2218.0,475.3536219459923,0.7866138475500251,555.9556786703602,199.8106060606061,1257.1977203239544,134.24291932710676,0.4305680793507664,2007.0,211.0,138319.75996570944,41084.440634376355,97235.31933133308,1423.4209236716422,359.66851028908405,315.7395319331654,490.5402583077584,2261.3272398452796,671.8508190020129,1226.7221965699334,1833.2609089579291,6988.616414721657,948.1195107390454,0.1033212291800819,0.8311979450538945,2009,,,,,,,,,,,,,,,,,,,,,,,,,,
Stanislaus,306.86669105988534,0.7347313415336757,3424.3809373207223,-908.3809373207224,118.508632,-42.786558909680664,14454.03488230272,-5218.509441356342,369.2722371967655,98.83720930232558,596.1236249345206,324.3114909781576,224.8826291079812,770.0514451787202,1480.6064513685224,120.74369882008436,348.2983086698663,209.04019755845223,146.60359389531277,84.77911379749821,3.060617826624484,179.96432820551965,33.97285787553177,145.9914703299879,128.43029637760702,0.8128119888326679,130.01813001812994,121.67657178604946,137.12807244501943,152.17391304347828,322.28305714355815,299.57788208602756,317.36999499419505,1246.085145963383,199.3890914220642,0.6658841940532081,155.87266739846322,0.835127792125175,172.50673854447442,100.42283298097252,391.14695824260906,691.6701670626674,122.68076350703755,3794.0,462.7393584583486,0.7657397995194147,541.77897574124,199.2600422832981,2172.2766184311895,243.42446232712192,0.3368476541908276,3417.0,377.0,181448.9571899011,33186.97402122208,148261.983168679,2509.4005560494143,584.2719431026139,644.5661142871163,651.9115970710151,4009.5254996914,1221.6421292385005,2304.1239098289907,2608.3081593738852,9087.017149336743,1310.2711722021363,0.1454588357131855,1.1701862849889488,2009,,,,,,,,,,,,,,,,,,,,,,,,,,
Sutter,475.2380952380952,1.1378632267196869,438.54128359394537,60.458716406054634,23.503898,2.8477264601579853,22384.66476190476,2712.1204382457,611.0363391655451,146.57980456026058,570.3324808184144,537.9061371841156,309.94152046783626,834.6477296463133,1607.953649794861,161.87616503387892,372.998885192641,249.2234703753521,88.64995926103128,41.81601851935438,0.0,55.19714444554778,11.708485185419224,43.48865926012855,264.76190476190476,1.6756299443857048,264.7058823529412,310.2189781021898,207.3170731707317,170.7317073170732,464.99412593522067,506.9000751769748,548.3022383869387,1445.3908397914086,125.58093951926352,0.7467811158798283,221.9047619047619,1.1889116736409524,248.9905787348587,156.3517915309446,389.7252926003828,655.2234035507694,172.66790936947086,732.0,697.1428571428572,1.1536300552506682,860.0269179004038,302.9315960912052,2263.17705334563,334.5440744033497,0.3183060109289617,639.0,93.0,128952.38095238098,30095.238095238103,98857.14285714288,1756.272777812884,654.0025296427025,463.3214851944465,286.0215666723839,2631.5188585849814,1104.3551703422406,1914.9558395574595,1767.46839197672,6971.885227229147,735.5455028985435,0.1277671790072351,1.0278605614635872,2009,,,,,,,,,,,,,,,,,,,,,,,,,,
Tehama,397.4121996303142,0.9515245775542556,451.9063512844275,-21.9063512844275,20.25386,-1.031832958199104,18718.90942698706,-953.6348966720034,478.9410348977136,127.49003984063744,908.256880733945,288.2096069868996,238.30734966592428,1073.269505249473,1939.0574254247997,158.3471669198654,494.2031675334782,164.73438917782607,267.0693885155665,87.35914577611989,42.431585091258235,192.19012070746376,44.92756068486165,147.2625600226021,134.01109057301295,0.8481318203457612,123.44139650872818,176.99115044247785,80.0,137.9310344827586,361.9164610724967,329.19511530170683,527.2240212826414,868.1925924355248,184.0034127345219,0.5944444444444444,166.358595194085,0.8913088396077047,172.08182912154032,147.41035856573706,449.27560684861663,696.6965121501164,183.08891175109432,610.0,563.7707948243993,0.932926338580716,651.0228640192539,274.9003984063745,2635.753937574916,341.4360786709598,0.2950819672131147,541.0,69.0,102772.6432532347,35767.09796672826,67005.54528650643,2700.6455922789064,544.1226794055467,571.5784109351844,1120.693041527938,4048.6349762010263,1242.035590527694,2666.812954262312,2978.815720246924,10852.40740544406,1334.0247423252838,0.1912840423137519,1.538840605696584,2009,,,,,,,,,,,,,,,,,,,,,,,,,,
Trinity,264.95726495726495,0.6343875448285599,97.73205748665067,-35.732057486650675,2.920324,-1.68305137173622,12480.017094017094,-7192.527229641968,317.2043010752688,62.5,557.3770491803278,297.8723404255319,126.98412698412696,660.312456594909,1195.9270836078272,61.76275567318214,362.1068310359178,149.10281277949557,85.2016073025689,31.950602738463346,31.950602738463346,138.45261186667446,42.60080365128445,95.85180821539002,98.29059829059828,0.6220633209880522,101.60427807486631,80.0,333.3333333333333,52.63157894736842,244.9546209948856,237.0724482125757,374.8154519059818,2448.112002950812,124.90276702581376,0.40625,136.75213675213678,0.7326846453603318,134.40860215053763,145.83333333333334,340.8064292102756,506.7487642406048,144.11309657075833,94.0,401.70940170940173,0.6647475973403913,451.61290322580646,208.33333333333337,1702.6758478484317,205.87585224394047,0.3404255319148936,84.0,10.0,61965.811965811954,9401.7094017094,52564.102564102555,2492.147013600141,649.6622556820879,500.55944290259225,670.9626575077301,3770.2108059500993,988.2040907709144,2333.2919903027187,4685.193148824772,7344.336008852435,2373.1525734904617,0.1715570279223852,1.3801408500483652,2009,,,,,,,,,,,,,,,,,,,,,,,,,,
Tulare,427.1858714533874,1.0228117210542351,2885.183987682833,65.81601231716695,138.998002,3.100065812163198,20121.308917197453,448.7645935383917,509.8617511520738,124.74713418745785,841.994750656168,388.1385789782736,259.76441413515187,1108.1985610466795,2062.244268717041,140.09169124564684,602.355300548585,248.2274648769418,157.34842327297824,67.22044812855155,6.384064906063556,232.83060245643557,40.933122044760445,191.89748041167513,131.5865662999421,0.8327874471569486,133.78099173553724,127.34584450402141,142.44186046511626,203.9473684210527,341.35970585951605,265.35956330002097,379.2520898816703,1343.664340699386,210.2828459724595,0.4733288318703578,214.38911407064273,1.148644662837491,233.5483870967742,144.30209035738366,556.1647132870663,944.6361129661934,162.05201041388338,4432.0,641.5749855240301,1.0616764963079373,743.4101382488479,269.04922454484154,3006.880381683234,302.1437016595302,0.3341606498194945,4033.0,399.0,164345.6861609728,32281.412854661263,132064.27330631154,2594.1835512404145,715.3908027088867,639.5330902956609,605.735099616501,4044.712638391159,1123.0052871205096,1983.5371218101948,2978.1269373865907,9433.072106134468,1031.064277026253,0.1949539706626201,1.568364421143626,2009,,,,,,,,,,,,,,,,,,,,,,,,,,
Tuolumne,338.75,0.8110695920919011,334.1266922620536,-63.12669226205361,12.764642,-2.9733934589272493,15955.802500000002,-3716.74182365906,433.8624338624338,107.2961373390558,850.3401360544217,286.4583333333333,294.4162436548223,723.0546916728704,1263.0505259598367,130.37020426135416,333.51231165722805,146.74541712918034,154.7497126089538,45.357674385383014,16.008590959546947,178.76259904827424,13.340492466289122,165.42210658198513,102.5,0.6487038588651491,93.96914446002802,178.57142857142856,83.33333333333331,210.52631578947364,218.7840764471416,218.9230868840358,250.581619371822,88.81857177777356,227.4130774622914,0.5575221238938053,141.25,0.7567831012741363,144.62081128747795,133.0472103004292,301.4951297381342,421.0168419866123,161.65905328407916,384.0,480.0,0.7943026609922633,578.4832451499118,240.343347639485,1684.0673679464492,292.0292575454334,0.2942708333333333,328.0,56.0,103374.99999999996,19749.999999999996,83624.99999999997,2134.4787946062597,392.2104785089003,512.2749107055023,525.6154031717915,2911.1774317854774,1215.050303715821,2329.733745497277,1403.2570684822033,1065.8228613332828,1080.2121179458843,0.1345602057979618,1.0825090587177848,2009,,,,,,,,,,,,,,,,,,,,,,,,,,
Ventura,292.54571026722925,0.7004425974750615,3266.5060752269014,-978.5060752269014,107.769376,-46.08959315533751,13779.488045007032,-5893.0562786520295,350.9286412512219,79.61972667855021,642.3285643808584,224.58270106221548,189.63730569948183,423.5637400036369,801.3277420404607,50.63164038687232,241.03146393563603,82.1950614342722,67.75538847960276,28.50909788486018,1.110744073436111,80.15869729963933,13.884300917951386,66.27439638168794,105.86881472957424,0.6700244746200424,88.95502645502646,116.93260300071442,123.42569269521405,94.52736318407965,153.2826821341833,95.97259075502768,243.48399706698223,510.9950783495108,39.05849850243171,0.6430910281597905,195.2435749904104,1.046067526974104,211.63245356793743,135.4723707664884,282.6843666894902,483.25196699654526,86.14935827020068,3815.0,487.7892852576397,0.8071923485076196,562.5610948191594,215.09209744503863,1284.5797090370058,136.780998657073,0.400262123197903,3453.0,362.0,124242.42424242428,25840.68533435622,98401.73890806804,1447.8548997239704,375.2463728091661,365.99017219719855,357.289343621949,2283.449248210004,635.9182893366129,1078.8889012758502,2082.259274306026,4140.102981729712,413.1977999467774,0.0823574174943928,0.6625484106656531,2009,,,,,,,,,,,,,,,,,,,,,,,,,,
Yolo,538.1414701803051,1.2884728640793388,903.3950442035276,260.6049557964725,54.826728,12.275014627925447,25347.539528432735,5674.995204773673,641.9161676646706,186.61257606490872,955.3752535496958,514.6443514644351,575.9162303664922,822.2437952950797,1590.1657033993,138.60795138733715,332.7120511889885,173.77317323246533,233.11035433623397,79.82263648483162,4.238370078840617,175.89235827188563,19.072665354782774,156.81969291710286,244.10540915395285,1.5448987403709789,201.52091254752847,257.4931880108992,301.20481927710847,406.2499999999999,372.9765669379743,287.62168721200686,506.0384224595242,2258.1204700794983,191.27751310221075,0.7846534653465347,186.77762367082755,1.0007090215236984,211.9760479041916,101.41987829614604,285.3835853086016,525.1106893687987,75.33040836268323,1568.0,724.9190938511327,1.199594094270948,853.8922155688623,288.0324543610548,2115.2763927680985,213.93835975002037,0.2576530612244898,1426.0,142.0,163430.42071197418,25705.03929727232,137725.38141470184,1527.9324134220426,348.25274147807073,337.65681628096917,404.76434252927896,2477.217093914954,742.7578264560567,1427.2547874859968,1965.2497464830192,7496.959960663935,470.8369553285189,0.1840601262007154,1.4807256928558528,2009,,,,,,,,,,,,,,,,,,,,,,,,,,
Yuba,469.8689956331878,1.1250079841323717,478.2188283000643,59.781171699935726,25.340876,2.8158127494103726,22131.769432314413,2459.2251086553515,568.2613768961493,177.08333333333334,903.3232628398792,323.26283987915406,410.0,1172.8112919594007,2089.805908637703,222.27974403280385,651.8040451595925,233.2542904082823,178.75562442503875,52.31871934391378,6.539839917989222,146.05642483509266,26.15935967195689,119.89706516313576,177.292576419214,1.1220524728906192,175.78125,228.26086956521738,119.65811965811966,157.89473684210523,442.52916778393745,462.8911570002661,433.6660047507973,982.7610032605456,214.33437972207537,0.8752997601918465,364.1921397379912,1.951252792712075,411.901983663944,222.2222222222222,909.037748600502,1514.7874450700394,278.9392866294009,955.0,834.061135371179,1.380202040115741,980.1633605600932,399.3055555555556,3604.5933537077426,501.2190306622048,0.4366492146596858,840.0,115.0,101484.71615720524,24366.812227074235,77117.90393013101,2496.038902032554,721.5623376181443,721.5623376181443,435.9893278659482,3677.5434572946847,1255.226789832304,2633.3363598237356,1899.870116051112,8213.074098677416,1357.4510715731442,0.178082519052966,1.4326370781831714,2009,,,,,,,,,,,,,,,,,,,,,,,,,,
Alameda,284.9042758988727,0.6999118543054625,6102.196974843647,-1831.1969748436468,195.731388,-83.92009496313464,13056.593155893535,-5598.031816632289,342.17308171917864,52.32950708980419,1065.0195058517556,157.31604172540176,70.04878048780489,404.1324726779192,,,309.9831375539366,52.79932562731888,33.96945860252236,6.812816209976629,2.365561184019663,58.192805126883705,13.057897735788538,45.13490739109517,83.31665666066307,0.560233608101198,39.38248267170761,73.16304005045723,110.12675480441595,64.17112299465238,,32.95800856594319,104.66335610133552,618.1650682514496,25.831155434537607,0.837738811829364,254.88626509238875,1.4444697486536289,292.45988860254386,102.29574611748818,361.5523713655653,677.8198016635293,56.57735038745215,8092.0,539.7905409912614,0.9250687111392928,634.6329703217225,154.62525320729236,1470.8574092948786,85.51955933152834,0.472194760257044,7634.0,458.0,2704.1420079247146,691.6450885468251,2012.4969193778895,1418.4851083855506,291.0586480817793,335.62582078870975,484.9400427240308,2317.650481583455,553.0762767248623,836.8697535064298,1430.5495784367893,5613.214239803077,402.53550552154456,0.1080836341381162,0.869510509142086,2010,793.0376076313493,28.94220894407618,0.0029985406479466,118.18343675362236,,,,,,,,,,,,,,,,,,,,,,
Alpine,400.0,0.982662477910858,6.10586049113833,-0.1058604911383298,0.274968,-0.0048513745878873,18331.199999999997,-323.4249725258269,461.53846153846155,0.0,500.0,0.0,1000.0,740.7715526724896,,,370.3857763362448,0.0,370.3857763362448,0.0,246.92385089082987,0.0,0.0,0.0,266.6666666666667,1.793106382502281,0.0,666.6666666666666,****,333.3333333333333,,0.0,5402.225679478864,0.0,1367.9559562767056,0.0,0.0,0.0,0.0,0.0,0.0,0.0,0.0,6.0,400.0,0.6855019796682719,461.53846153846155,0.0,1376.1467889908258,0.0,0.0,6.0,0.0,4359.197907585004,871.8395815170009,3487.3583260680034,1851.928881681224,740.7715526724896,0.0,370.3857763362448,2981.651376146789,523.5602094240838,957.3332632086676,8103.338519218295,****,4103.867868830117,0.1434262948207171,1.1538349133834764,2010,1376.1467889908258,0.0,1.0,493.84770178165974,,,,,,,,,,,,,,,,,,,,,,
Amador,404.33925049309664,0.9933225245154138,206.37808460047552,-1.3780846004755176,9.39474,-0.063154861070592,18530.059171597633,-124.56580092819058,529.9145299145299,121.7948717948718,1000.0,714.2857142857143,279.06976744186045,781.2651218535136,,,331.5612956158814,133.3867281213316,182.93036999496903,106.70938249706526,7.622098749790376,194.3635181196546,49.54364187363745,144.81987624601717,199.2110453648915,1.339524738407769,169.15422885572144,236.36363636363637,538.4615384615385,351.35135135135135,,329.3531042957985,381.2673247031624,805.5845435111436,989.0873708328768,0.5176470588235295,167.65285996055226,0.9501080193571892,205.1282051282051,83.33333333333333,323.939196866091,479.64825794417425,114.48701012769703,290.0,571.9921104536489,0.9802543101765228,735.0427350427351,205.1282051282051,1718.7395909666243,281.81417877586966,0.293103448275862,258.0,32.0,1506.3180942833776,290.18387105283983,1216.1342232305378,1932.2020330718603,331.5612956158814,186.74141936986425,655.5004924819724,2338.2852574778494,1373.8441215323646,1947.058057748691,1613.0540660518411,1496.0855808064098,2815.0948246781877,0.0885403864116808,0.7122891183514328,2010,1239.0913330224505,167.3271686481726,-0.2040709348401655,384.9159868644141,,,,,,,,,,,,,,,,,,,,,,
Butte,688.6694386694386,1.6918240426609756,783.1783723300097,541.8216276699903,60.7221,24.830601552860315,31560.34303534303,12905.718062817206,844.742413549753,252.465483234714,1259.9620493358634,608.1370449678801,435.9805510534846,885.1950330002818,,,443.5996240846694,189.73236933741887,179.71129349213265,99.54268672984298,16.701793075477013,109.5637625751292,28.05901236680138,81.50475020832782,288.46153846153845,1.9396583464567945,252.94888597640897,449.760765550239,495.3271028037384,268.29268292682934,,335.2534621375356,479.865324020641,2359.911200031687,173.05008043178242,0.7495327102803738,278.06652806652806,1.5758349621532397,333.09809456598447,124.2603550295858,357.41837181520805,627.0008900224498,84.51724554272145,1860.0,966.7359667359668,1.6567485475350645,1177.8405081157375,376.7258382642998,2217.085774253112,256.23482378825076,0.2876344086021505,1669.0,191.0,1924.790022906592,346.3258553612333,1578.4641675453588,1285.3699950887108,352.07379803105545,311.98949464991057,412.20025310277265,1882.3310617834984,680.1625950819013,1325.3802674141953,1066.934603407596,4764.349026479065,645.0048452457344,0.1995118390101098,1.6050315304523677,2010,1590.0848842306618,171.7175782455293,-0.0225980450455467,370.7798062755897,,,,,,,,,,,,,,,,,,,,,,
Calaveras,241.30434782608697,0.5928018209136154,187.24638839490876,-76.24638839490876,5.086908,-3.4942194873618786,11058.495652173911,-7596.129320351911,298.2456140350877,76.27118644067797,378.3783783783784,231.8840579710145,169.81132075471697,365.606708497421,,,184.4502313140142,52.70006608971835,88.93136152639971,65.87508261214793,6.5875082612147935,42.81880369789615,0.0,42.81880369789615,100.0,0.6724148934383554,96.69211195928752,48.78048780487805,100.00000000000001,312.49999999999994,,147.56066523507974,69.68423675539478,469.45498239206313,327.81072158250305,0.5967741935483871,134.7826086956522,0.7638285289123757,154.97076023391813,76.27118644067797,204.2127560976586,349.3277089375165,59.1910555738244,173.0,376.0869565217391,0.6445208830576686,453.2163742690058,152.54237288135593,1021.6187714210388,118.3821111476488,0.3583815028901734,155.0,18.0,1414.114631667326,205.48853241415833,1208.6260992531677,1515.1269000794025,487.47561132989466,227.26903501191035,523.706906766576,2254.152385974163,776.0605064123644,1526.0879325627984,1428.5268534855932,4694.54982392063,1048.9943090640102,0.0852890877997307,0.686133092658985,2010,672.2910624835223,59.1910555738244,-0.0992691154422787,151.51269000794025,,,,,,,,,,,,,,,,,,,,,,
Colusa,339.35018050541515,0.8336667231373706,112.75489040302116,-18.75489040302115,4.307832,-0.8594991173896532,15551.740072202168,-3102.8849003236573,425.74257425742576,106.66666666666669,873.015873015873,339.62264150943395,204.54545454545456,700.586838839496,,,409.91783123587527,134.15492658628648,67.07746329314324,22.359154431047745,0.0,52.1713603391114,22.359154431047745,29.81220590806366,137.18411552346572,0.9224464242114624,145.985401459854,137.9310344827586,83.33333333333331,83.33333333333333,,347.1987891584862,226.6282274881353,1138.1506145583417,196.44368289235464,0.6521739130434783,166.06498194945848,0.9411093322339508,173.26732673267327,146.66666666666666,342.8403679427321,511.6211080251425,169.6222050886661,140.0,505.4151624548736,0.8661577360429427,599.009900990099,253.33333333333337,1768.7472591726355,292.9838087895143,0.3285714285714285,121.0,19.0,1776.0581763938094,223.75536080551933,1552.30281558829,2064.495259133408,469.5422430520026,395.0117282818435,327.93426498870025,2952.7846806022512,1156.515034695451,2378.3117057356303,1643.0546492889814,13657.807374700102,2357.3241947082556,0.1183196821020193,0.951857400488492,2010,1257.1261511474931,123.36160370084812,0.0101586768533288,283.2159561266048,,,,,,,,,,,,,,,,,,,,,,
Contra Costa,179.0845941573889,0.4399492776259003,4277.765860091514,-2395.765860091514,86.248296,-109.79315783627388,8207.088781044818,-10447.536191481006,221.2647165918194,25.991189427312776,623.6051502145923,94.06422315926044,30.6477093206951,268.0117832596428,,,206.91876784073375,41.2983087913371,13.813572250895511,1.9937114588921352,0.7120398067471913,45.00091578642249,12.674308560100004,32.32660722632249,44.43810067561138,0.2988084073039413,30.59273422562144,55.01618122977347,53.833145434047374,47.23127035830616,,36.5718311638055,74.4791658665165,304.65382484843366,22.352147210956257,0.8662016487000634,150.0618517461224,0.8504177547411215,166.88918558077438,88.98678414096916,224.57735504806416,402.851308314558,56.41811971254689,3459.0,329.1464459035113,0.5640763506690818,388.15390217259375,114.97797356828194,936.958897447241,72.89667943056801,0.4559121133275513,3198.0,261.0,2306.2330829354337,411.1416927709011,1895.0913901645329,1496.5652658212466,331.81054994419117,439.04374484031814,450.72119767097206,2413.8850394208316,634.0056027103042,1195.441731166891,1353.7683678090348,5659.223929645247,473.2489099147293,0.0850677497418384,0.6843524737064017,2010,534.1075891326831,16.47855971802112,-0.0460195022872358,66.50451795018766,,,,,,,,,,,,,,,,,,,,,,
Del Norte,262.85714285714283,0.645749628341421,213.70511718984156,-75.70511718984156,6.324264,-3.4694141105760585,12046.217142857144,-6608.40782966868,342.03655352480416,49.29577464788732,548.5714285714286,183.4862385321101,79.13669064748201,694.3353726024424,,,483.01591137561206,100.62831486991917,55.345573178455545,15.094247230487875,0.0,90.56548338292724,30.18849446097575,60.37698892195151,60.95238095238095,0.4098528874290927,50.88495575221239,166.66666666666666,0.0,128.20512820512823,,177.90307955710696,108.6405889352886,0.0,223.77015913606937,0.6407766990291263,196.1904761904762,1.1118339692739896,211.48825065274153,154.9295774647887,518.2358215800837,696.654339038445,267.7376171352075,241.0,459.04761904761904,0.7866951290478739,553.5248041775457,204.2253521126761,1823.342220693214,352.92685895095536,0.4273858921161825,212.0,29.0,2131.08443853449,388.4242572698331,1742.6601812646568,2641.4932653353785,880.4977551117928,548.4243160410596,699.3667883459383,3294.056936441042,1728.1246196908846,3496.1822591222763,651.8435336117316,970.4656708960856,1745.4072412613407,0.2111580058032181,1.6987225364828369,2010,1126.6878816547692,85.18924181574783,-0.3118835304822566,161.0053037918707,,,,,,,,,,,,,,,,,,,,,,
El Dorado,275.8620689655172,0.677698260628178,684.6704897396447,-220.67048973964472,21.264192,-10.11288720378844,12642.206896551725,-6012.418075974099,342.443729903537,86.7579908675799,547.3251028806584,307.69230769230774,159.26892950391644,379.1122086067793,,,217.3358782099209,81.70521737215071,49.84018259701193,22.8774608642022,4.085260868607535,66.99827824516358,13.88988695326562,53.10839129189796,107.60998810939358,0.7235855868748058,92.52669039145908,161.84971098265893,162.79069767441862,262.29508196721315,,130.6639412912407,208.0051522617376,797.6406361405233,186.90408373362663,0.4966666666666666,178.359096313912,1.0107814908318422,204.1800643086817,105.0228310502283,245.1156521164521,413.2634798737431,75.36288869229004,764.0,454.2211652794292,0.7784237700156951,546.6237942122186,191.7808219178082,1106.3746705281312,137.61918804679053,0.3926701570680628,680.0,84.0,1302.550460032122,267.68515809982176,1034.8653019323003,1374.281756199575,397.0873564286524,265.5419564594898,312.93098253533725,2024.0148384367576,717.5857662439792,1412.1756731861012,1285.1746907600216,4899.792479148929,712.5718192344517,0.0767337146744725,0.6173068832021698,2010,693.1111906543881,62.25629935450048,0.1404319818112922,147.88644344359278,,,,,,,,,,,,,,,,,,,,,,
Fresno,356.912701386287,0.8768117988552673,5432.180550282734,-669.1805502827337,218.278764,-30.667206258357123,16356.59527913076,-2298.029693395063,420.8216619981326,97.15370018975332,770.0433369447453,293.7154021491371,178.92524767337136,806.9825805770781,,,481.6820232165932,152.82349100997786,100.97871468065055,61.163281878716184,3.5579748461303047,166.37768089999807,33.20776523054951,133.16991566944856,131.7347321094043,0.8858039585347538,112.28689006466782,134.1006795174041,146.77983025461813,157.75034293552807,,181.60050914370748,343.45209024798197,992.3648235185464,167.41331889333753,0.8737864077669902,131.21019108280254,0.7435832278584006,146.31185807656396,69.8292220113852,296.6673312178173,529.7498309668695,62.95957926576813,6514.0,488.1228924690895,0.8365230227724095,567.1335200746965,166.98292220113854,2053.41446923597,150.5555156355325,0.2688056493705864,6074.0,440.0,3063.4193392814113,533.2904643249476,2530.1288749564637,2261.008301028996,625.5258634244326,520.3114644031508,564.3625815457164,3620.689655172414,901.6222356809728,1617.290398185584,2561.151005975383,6760.9072840396175,1061.2548649847226,0.194285285876278,1.5629849901718202,2010,1523.6646382691006,87.59593636976435,-0.1101609950608807,297.85332283319406,,,,,,,,,,,,,,,,,,,,,,
Glenn,294.39252336448595,0.7232212162194399,174.22055268048032,-48.22055268048032,5.774328,-2.209851488241052,13491.420560747662,-5163.2044117781625,372.30769230769226,48.543689320388346,660.1941747572816,256.0975609756098,174.24242424242425,710.4068822699236,,,383.39419043138736,118.40114704498728,129.6774467635575,28.190749296425537,16.914449577855322,84.57224788927662,11.276299718570217,73.29594817070641,119.1588785046729,0.8012420459195356,109.02255639097748,131.1475409836066,71.42857142857143,192.30769230769226,,281.68989080104006,253.11123698375857,840.9213924051012,499.4720674515854,0.7051282051282052,182.2429906542056,1.032791966286405,193.84615384615384,145.63106796116503,439.7756890242384,696.6714585867521,173.57093265447813,204.0,476.6355140186916,0.8168364711000435,566.1538461538461,194.17475728155335,2034.7229901581336,231.42791020597085,0.3823529411764705,184.0,20.0,1589.3287923939265,258.97545054633173,1330.3533418475947,2413.1281397740263,580.7294355063661,462.32828846137886,744.2357814256342,3593.940064138007,1191.8537375607498,2583.7762397612637,1929.9731820011584,11772.899493671415,2597.2547507482445,0.1660667439448477,1.3359726496107034,2010,1338.0515315713812,57.85697755149271,-0.0554906542056075,287.5456428235405,,,,,,,,,,,,,,,,,,,,,,
Humboldt,302.06830206830205,0.7420779655219082,846.2722640717725,-218.2722640717725,28.779984,-10.00298131788119,13843.186147186148,-4811.438825339677,376.5079365079365,69.44444444444444,705.2401746724892,283.2512315270936,196.319018404908,656.9213838063501,,,337.8751703335208,120.29611327664055,133.89480434269555,72.17766796598433,13.59869106605502,43.93423267494698,2.092106317854618,41.84212635709236,150.55315055315054,1.012341806860054,135.61320754716982,204.08163265306135,135.5932203389831,243.3628318584071,,302.27526887649867,233.8983275862692,727.2489717987046,557.9739749536723,0.7319034852546917,179.41317941317942,1.016755100861033,198.7301587301587,119.04761904761904,390.17782827988634,643.6488515083591,127.93449753726092,1001.0,481.48148148148147,0.8251412718229197,575.2380952380952,188.4920634920635,1863.0858129922476,202.56295443399648,0.3726273726273726,906.0,95.0,2261.935723574215,393.08935537804194,1868.8463681961732,2174.7445174098757,479.0923467887075,424.69758252448753,682.0266596206055,3238.8081186123504,1074.6497793129918,2228.951547889312,1146.1018051727183,5363.461167015445,2292.765787991453,0.1911502993043196,1.5377646708138148,2010,1219.4369614838884,74.62845689673554,0.0510321743198454,327.4146387442477,,,,,,,,,,,,,,,,,,,,,,
Imperial,166.05913325232888,0.4079501984036571,1005.0246368413692,-595.0246368413691,18.78948,-27.268789057166263,7610.157958687729,-11044.467013838095,197.1616827166751,42.33870967741935,421.3709677419355,138.53503184713375,96.84439608269858,368.25755550653946,,,187.7215343923579,78.14245690016813,79.93883521971223,23.352918154073237,4.4909457988602375,43.11307966905828,11.676459077036618,31.436620592021665,79.78938841636291,0.5365157310950022,68.64988558352402,78.09110629067243,127.81954887218045,109.09090909090907,,179.1529524610003,165.7014659081653,365.0093884171975,198.08743636856855,0.7531531531531531,224.78736330498177,1.2738958141034604,255.44855549923972,102.8225806451613,498.49498367348633,873.1506184816881,96.35913616868515,965.0,390.8464965573106,0.669815117841112,452.6102382159148,145.16129032258067,1547.0704410796577,136.0364275322614,0.5751295336787565,893.0,72.0,2134.469287105482,351.94824424524757,1782.5210428602345,2217.6290354771854,445.50182324693554,564.0627923368459,825.4358378305117,3418.1074806832753,937.1398341111342,2609.661340848571,2121.8993273240067,2855.6616858521925,1815.8015000452117,0.1896959846410611,1.5260650097745978,2010,673.9198225979696,39.677291363576245,-0.0392293004686685,176.94326447509337,,,,,,,,,,,,,,,,,,,,,,
Inyo,338.09523809523813,0.8305837610913206,85.48204687593662,-14.482046875936618,3.253788,-0.6636832442304234,15494.228571428572,-3160.396401097252,402.4390243902439,108.69565217391305,647.0588235294118,225.0,150.0,582.3467784813882,,,360.8909613124097,73.81860572299288,73.81860572299288,8.202067302554765,0.0,49.21240381532859,8.202067302554765,41.010336512773826,100.0,0.6724148934383554,104.0,117.64705882352943,250.0,63.82978723404256,,154.20538965412058,192.1601521755739,1219.031477052907,187.7224606118472,0.5,342.85714285714283,1.943010820090467,378.0487804878049,217.3913043478261,590.5488457839431,997.7470228516252,168.57720836142954,143.0,680.952380952381,1.1669855130067008,780.4878048780488,326.0869565217391,2059.8648213710976,252.8658125421443,0.5034965034965035,128.0,15.0,1170.3441241208998,370.430020937349,799.9141031835508,1722.434133536501,557.740576573724,328.0826921021906,492.1240381532859,2639.2018023817186,775.4551584625758,1482.7441312896206,1633.361293492378,4876.125908211628,2940.985216252272,0.116628701594533,0.9382538116219774,2010,1062.1177985194722,84.28860418071477,-0.2846616541353384,172.24341335365006,,,,,,,,,,,,,,,,,,,,,,
Kern,363.7499081625156,0.8936084652370617,5540.45780965892,-589.4578096589203,226.894428,-27.013672501049,16669.930791271767,-1984.6941812540572,429.81146163897705,119.4338971349672,613.6919315403422,293.96984924623115,339.25049309664695,921.9361442175592,,,420.653150835683,196.08134919432237,224.19937742636668,133.32786896783932,6.889847977388345,251.2001330134291,76.7193882887567,174.4807447246724,173.53611049886123,1.1668826524879845,159.60591133004928,174.51349654739482,207.21649484536078,169.6428571428571,,363.1923495709641,449.1962767483173,1304.999598770899,106.6163031600051,0.8171206225680934,169.9360811108662,0.9630472959397042,190.87175658017543,92.50949257852952,430.7086046405201,726.390531703661,105.66823329022488,7264.0,533.6859892733819,0.9146070054203084,620.6832182191525,211.9433897134967,2362.10124001435,242.09065388133615,0.3184196035242291,6650.0,614.0,2982.9734456081587,579.629911231917,2403.343534376241,2534.5329951414265,685.4467676963918,667.0117690541906,660.8667695067902,3805.6470203780073,1142.2420591111252,2275.557005027954,2573.9916146045675,6297.75925775011,628.475050206346,0.1794168578726351,1.4433715583448576,2010,1635.7107083106891,136.42242059111123,-0.0169680332258856,439.8329979078722,,,,,,,,,,,,,,,,,,,,,,
Kings,1145.7142857142858,2.8146260974446724,569.8803125062441,1034.119687493756,73.508112,47.39163703846385,52505.79428571429,33851.16931318846,1358.6142322097378,460.8433734939759,2119.3181818181815,1259.6899224806202,1066.4556962025315,1568.4843288076438,,,729.4821130240039,317.80386961501506,329.53816633926175,145.70085099272998,18.57930314672396,377.4532112966025,124.18797366494437,253.26523763165815,484.2857142857143,3.256409269651464,413.9534883720929,490.0924702774106,711.1111111111111,423.07692307692315,,461.8304650593694,763.4172902897178,1103.1144000064237,513.8473709658299,0.5625,240.0,1.360107574063327,266.85393258426967,153.6144578313253,328.56030827890794,466.07467006819405,124.05137186223,1940.0,1385.7142857142858,2.3747747152793703,1625.4681647940074,614.4578313253012,2838.9671131171403,496.20548744892005,0.1731958762886598,1736.0,204.0,1458.6328584498758,348.32048098287805,1110.3123774669978,1369.0012844954497,344.20603724457015,252.28737957130429,309.00314707183,1746.5535004660749,807.5501070247129,1115.657865031061,1557.700508758266,1551.2546250090331,1214.5483313737795,0.1597964188448125,1.2855291794804242,2010,2372.892443048946,372.15411558669,-0.0706903709051529,662.9877649199392,,,,,,,,,,,,,,,,,,,,,,
Lake,383.9541547277937,0.943243352722457,426.1890622814554,-24.189062281455392,18.422856,-1.1085363462345377,17595.85100286533,-1058.773969660495,486.4516129032258,91.91176470588236,775.9197324414716,420.73170731707313,204.6979865771812,924.1772755284644,,,533.3560396084671,158.62744281458717,140.2358552418814,75.86529873741125,20.69053601929398,172.42113349411648,27.58738135905864,144.83375213505786,147.08691499522445,0.9890343227269028,125.48015364916776,190.14084507042256,179.10447761194024,298.24561403508767,,293.5128417515512,410.1809157967496,1541.1556434768193,618.5435056239039,0.745,191.0219675262655,1.0825434368539693,228.38709677419357,84.55882352941177,459.789689317644,811.1080560901842,106.86739150636558,602.0,574.9761222540593,0.98536817516786,714.8387096774194,176.47058823529412,2538.722390248373,223.0275996654586,0.3322259136212624,554.0,48.0,2232.1844072844597,452.95194366022395,1779.2324636242358,2406.9990235778664,687.3855855298777,377.027545240468,685.0866370832896,3551.4618275135185,1263.823064770932,2339.1176470200144,2157.2477793754974,8604.785676078911,2073.9399894448547,0.1934929310035152,1.5566106589020483,2010,1727.6143341581887,116.16020815909305,-0.1324849586083774,354.03806077458586,,,,,,,,,,,,,,,,,,,,,,
Lassen,434.1317365269461,1.0665124198882816,135.95716026934682,9.042839730653183,6.64506,0.4144152591763742,19895.38922155689,1240.7642490310643,556.4853556485356,126.31578947368422,850.0,406.25,301.58730158730157,547.4307102647876,,,320.9076577414273,98.15998942678952,71.73229996573079,22.65230525233604,11.32615262616802,117.03691047040289,52.855378922117424,64.18153154828545,176.64670658682635,1.1877987638581728,145.45454545454547,266.66666666666674,666.6666666666666,304.3478260869565,,236.0720976082181,160.4200225589081,137.80110888493033,423.2800886124756,0.7164179104477612,200.5988023952096,1.136816460357322,246.86192468619248,84.21052631578947,252.95074198441912,327.0872602284067,96.61835748792272,212.0,634.7305389221557,1.087772602467617,803.347280334728,210.52631578947367,1064.4195587093911,241.5458937198067,0.3160377358490566,192.0,20.0,1229.484595450619,339.7638928879931,889.720702562626,1260.978325713373,377.53842087226735,241.6245893582511,237.84920514952844,1324.9805965184612,1147.342995169082,1622.9956710564988,601.5750845959052,206.7016633273955,1390.77743401242,0.139787798408488,1.124563961373608,2010,737.3322984809846,144.92753623188406,-0.3064813768689037,222.74766831463776,,,,,,,,,,,,,,,,,,,,,,
Los Angeles,494.8760057616265,1.21574020520087,44368.03173017363,9571.968269826364,2471.96232,438.6641618696026,22679.17759204382,4024.552619517995,585.3771135091465,144.0586972083035,1145.9027777777778,330.50603795284644,257.17487393388535,806.2463169077582,,,493.284036903779,137.4534877694428,123.49290082113274,43.6455180825112,8.101325616685298,227.98804360018607,47.68123379562011,180.30680980456597,174.7479288420782,1.1750310995091933,141.52158359170045,166.37903839373533,220.82336211979333,140.67796610169486,,150.09794658890735,296.07688532717873,1124.0752479625733,66.76407229615334,0.708512467755804,138.71023973136874,0.7860868652448936,155.646603958682,73.05833929849678,225.98513283886535,407.88945185658355,48.49011060080524,69059.0,633.5862454929952,1.0858115639400898,741.0237174678284,217.11703650680028,1941.9360926815812,144.10441319394232,0.2189287420900968,64206.0,4853.0,2036.12063412594,511.06789714533426,1525.0527369806057,1629.1885391916005,430.47634273161736,415.8879777834903,480.1903814790257,2620.612602410921,663.7176681868945,1060.601095462232,1779.5323749047882,5090.381910555186,474.5879837919336,0.1378067676483005,1.1086269781415703,2010,1534.0466408249977,95.61430259313708,-0.0123593843628097,284.6973229169832,,,,,,,,,,,,,,,,,,,,,,
Madera,502.7195027195027,1.2350089805911522,523.8828301396686,123.1171698603314,29.650716,5.642213660359267,23038.62937062937,4384.004398103545,532.9566854990584,360.0,899.749373433584,500.0,483.3948339483395,668.3846969824381,,,370.8656973982925,127.06540607239548,135.32982272751065,64.04922907714246,8.264416655115156,161.15612477474554,41.32208327557578,119.83404149916974,158.5081585081585,1.0658324651237334,134.52914798206277,145.63106796116503,436.61971830985914,163.265306122449,,153.05484835044825,214.0903322445412,750.8520978296868,180.76862377727952,0.6558265582655827,286.7132867132867,1.6248371368472148,302.2598870056497,213.33333333333337,381.1962182171865,706.8460572963689,94.14903006884649,1016.0,789.4327894327894,1.3528943499280577,835.2165725047081,573.3333333333334,1953.185211283113,253.02551831002492,0.3631889763779528,887.0,129.0,1958.1899973537973,432.6541413072241,1525.5358560465731,1329.5380293916503,412.1877806738683,254.13081214479095,279.9571141920258,2338.5374232048093,441.3235784477178,1137.7077060716656,1470.0869480791828,1719.6935143841213,1107.2078206358372,0.1621410504389227,1.304391256310116,2010,1246.339153986744,158.87648824117844,-0.1293105519909644,210.74262470543644,,,,,,,,,,,,,,,,,,,,,,
Marin,260.38437693738376,0.6396748926264111,656.5835314804084,-236.5835314804084,19.24776,-10.842150080684156,11932.895226286422,-6721.729746239402,333.60790774299835,37.59398496240601,515.8562367864693,214.76510067114097,102.6252983293556,243.41996851031135,,,141.415410277419,55.638849945214034,24.92156820462712,8.693570303939692,0.5795713535959794,63.75284889555775,27.819424972607017,35.93342392295073,73.15561066336019,0.4919092214862116,57.405281285878296,58.823529411764675,141.79104477611938,79.99999999999996,,39.80201364809748,81.87976653180357,674.8980571743967,55.47704304976795,0.8090277777777778,178.54928704277742,1.0118593235437026,210.87314662273477,80.20050125313283,166.91654983564212,299.1807589374408,37.00577058735096,708.0,438.9336639801612,0.7522247390036213,544.4810543657331,117.79448621553884,772.4940689751891,54.35222555017173,0.4067796610169492,661.0,47.0,1411.9722906866798,205.72305720287852,1206.2492334838012,934.848593350315,274.1372502508983,259.0683950574028,242.8403971567154,1418.7712552736452,461.4157020110324,693.3510777498582,1391.9560310406612,4759.807350598378,693.4630381220996,0.0714705009398806,0.5749654159617124,2010,473.3133100377482,17.346454962820765,-0.1276257349171023,68.38941972432558,,,,,,,,,,,,,,,,,,,,,,
Mariposa,320.6751054852321,0.7877884844011099,96.4725957599856,-20.47259575998561,3.482928,-0.9382181184886204,14695.898734177214,-3958.7262383486104,354.1666666666667,177.77777777777777,687.5,340.9090909090909,106.38297872340424,609.8875507970148,,,353.09279256669276,120.37254292046345,40.12418097348782,24.07450858409269,16.049672389395127,104.32287053106832,40.12418097348782,64.19868955758051,122.36286919831224,0.8227861565279454,139.07284768211915,47.61904761904763,125.0,266.6666666666667,,199.63419039946208,286.5675701560982,1018.8503240019218,501.85057840243337,0.5428571428571428,147.67932489451476,0.8369157013399515,145.83333333333334,155.55555555555557,280.8692668144147,436.5450576863112,115.16946363935504,111.0,468.3544303797468,0.8026447230293056,500.0,333.3333333333333,1496.7259120673527,246.79170779861795,0.3153153153153153,96.0,15.0,1208.6759754953364,204.205530106518,1004.4704453888183,1901.8861781433225,513.5895164606441,353.09279256669276,377.1673011507855,2993.4518241347055,740.375123395854,1435.4648928723227,6017.9189732780615,8150.802592015374,1881.939669009125,0.1256362175194214,1.0107174164999069,2010,1060.1808543810414,131.62224415926292,-0.2435356485989398,232.72024964622932,,,,,,,,,,,,,,,,,,,,,,
Mendocino,249.12770411723656,0.6120211176102169,583.3132055867484,-226.3132055867484,16.360596,-10.371481585629503,11417.024424284718,-7237.600548241106,308.7431693989071,53.73134328358209,611.8980169971671,175.18248175182484,110.88709677419357,598.4219578013657,,,362.0704282495658,80.46009516657017,92.19385904502832,20.115023791642543,15.086267843731909,56.992567409653866,3.352503965273757,53.64006344438011,85.1360781577111,0.5724676692217681,72.01646090534977,116.6666666666666,210.52631578947367,87.43169398907104,,162.78943733985756,240.28531050126855,1942.106268469974,348.4448677505928,0.5732758620689655,161.8981158408932,0.9174952232574198,185.79234972677597,83.58208955223881,388.89045997175583,677.6958341638428,95.18305741578,589.0,411.02581995812983,0.7043975331901817,494.53551912568304,137.3134328358209,1803.8668527008172,156.3721657544957,0.3938879456706282,543.0,46.0,1619.3042904740787,554.9301220163977,1064.3741684576808,2402.069091118647,591.7169498708181,459.2930432425047,831.4209833878916,3647.5981662348017,1138.7972940816535,2260.4476156334513,2059.58837572516,9225.004775232375,3985.3381748974048,0.1635862575785412,1.316017649203046,2010,1126.1710185369743,61.18910833871571,-0.066729293037737,204.5027418816992,,,,,,,,,,,,,,,,,,,,,,
Merced,305.41735765616363,0.7503054436784814,1472.733550462565,-367.73355046256506,50.63994,-16.852493150598434,13996.666666666668,-4657.958305859156,366.29526462395546,71.04557640750672,662.5,254.65116279069767,132.89962825278812,694.9363268811986,,,399.981451489993,137.7294620696674,89.93293641991981,45.90982068988913,3.1445082664307624,147.79188852224584,25.784967784732252,122.0069207375136,105.30679933665007,0.7080986025428784,91.9854280510018,100.9688934217236,142.13197969543148,157.5757575757575,,179.7123010344934,240.7388500199536,964.887900086262,176.2012799144963,0.7092084006462036,171.0889994472084,0.9695810166127689,198.81615598885793,64.343163538874,389.2901233841285,711.4466913367971,61.16052088376953,1724.0,476.506357103372,0.816615127797195,565.1114206128134,135.3887399463807,2022.2031174073936,128.6919293595984,0.3590487238979118,1623.0,101.0,2331.6405731982245,564.7734275662477,1766.8671456319769,2275.3661815892997,603.7455871547064,540.8554218260912,676.6981789359,3578.414881820107,950.5364287352514,1953.7040251076612,2384.287297419844,6788.67558274977,1118.2004302266116,0.1902808131623438,1.5307698344167031,2010,1310.7564260705965,67.53140847582885,-0.0525466521214524,239.61152990202413,,,,,,,,,,,,,,,,,,,,,,
Modoc,151.68539325842698,0.372638861005522,72.45621116150818,-45.45621116150818,1.237356,-2.0831672451095966,6951.43820224719,-11703.186770278631,197.08029197080293,0.0,338.7096774193548,111.1111111111111,30.303030303030305,429.93802464447725,,,334.396241390149,63.694522169552194,15.923630542388048,15.923630542388048,0.0,63.694522169552194,0.0,63.694522169552194,33.70786516853933,0.2266567056533782,23.255813953488367,136.36363636363637,0.0,0.0,,58.78130392239283,393.0254989081796,0.0,0.0,0.5625,89.8876404494382,0.5094035857915082,87.59124087591242,97.5609756097561,254.77808867820875,379.0271636133923,128.0,43.0,241.57303370786516,0.4139969821030293,284.6715328467153,97.5609756097561,1231.838281743525,128.0,0.3720930232558139,39.0,4.0,1178.1727986771382,175.69243489045044,1002.4803637866878,2834.4062365450727,987.2650936280588,573.2506995259697,525.4798078988056,4327.226784586229,1312.0,2527.596068662892,2882.186991993317,7686.215671010611,6371.882251058417,0.1765033407572383,1.4199329150145856,2010,852.8111181301326,0.0,-0.4177238129757159,95.54178325432828,,,,,,,,,,,,,,,,,,,,,,
Mono,194.44444444444449,0.4776831489844449,58.61626071492797,-30.616260714927968,1.283184,-1.4030819960437189,8911.0,-9743.624972525824,213.67521367521368,111.1111111111111,325.0,209.30232558139537,88.23529411764706,269.21412006417654,,,124.99227002979625,86.53311002062817,28.84437000687606,19.229580004584037,0.0,57.68874001375212,19.229580004584037,38.45916000916807,48.611111111111114,0.3268683509769783,44.44444444444444,23.809523809523803,0.0,181.8181818181818,,52.86219345337957,42.342323079889944,0.0,452.06119110790854,0.6923076923076923,180.55555555555551,1.0232290777096789,213.67521367521368,37.03703703703704,249.9845400595925,444.99822000712,20.999580008399832,54.0,375.0,0.6426581059390049,427.3504273504273,148.14814814814815,889.99644001424,83.99832003359933,0.4814814814814814,50.0,4.0,1728.7799348164945,418.0246563695622,1310.7552784469322,1384.5297603300507,384.5916000916808,413.4359700985569,326.90286007792866,2082.5916696333215,566.9886602267954,1189.3993527010405,1778.3775693553782,3369.5620499372076,2486.336551093497,0.1211903540277065,0.9749513631183434,2010,444.99822000712,62.9987400251995,-0.2222222222222222,67.30353001604414,,,,,,,,,,,,,,,,,,,,,,
Monterey,429.1791791791792,1.054345689199901,1626.601234839251,88.39876516074901,78.59502,4.051138609786806,19668.423423423425,1013.7984508976006,511.3165444692381,129.22002328288707,847.1999999999999,253.49087003222343,278.4552845528455,626.0188163961376,,,386.56205630525346,86.14602954489123,100.01700040381438,41.612912576769496,2.920204391352245,134.69442755112232,13.870970858923164,120.82345669219914,162.16216216216216,1.0904025299000355,134.3028229255775,171.828595672465,207.31707317073167,126.76056338028168,,163.42053244786482,280.65867077182907,775.4889349266773,72.5507836605837,0.7314453125,256.2562562562563,1.452233645980196,290.72362129423016,130.38416763678694,373.78616209308734,636.3027461486939,86.36377656457235,2739.0,685.4354354354354,1.1746683698144371,802.0401657634683,259.604190919674,1755.4141549453002,171.95644798124673,0.3738590726542534,2516.0,223.0,1973.9072927313205,489.8695364636574,1484.037756267663,1458.6420934804464,456.2819361487883,339.8387860436175,359.18514013632614,2188.6860906452334,662.3793220443539,1216.806384914356,1633.3641654548178,3740.5936861169143,572.3450711001603,0.1234185375267216,0.9928766390783916,2010,1119.1114087966064,85.59267141667438,-0.0699529996144868,236.53655569953185,,,,,,,,,,,,,,,,,,,,,,
Napa,270.4626334519573,0.6644337039254913,571.9155993366236,-191.9155993366236,17.41464,-8.795108086398786,12394.7615658363,-6259.863406689525,319.18656056587093,69.34306569343066,628.0487804878048,265.57377049180326,171.7791411042945,418.1159611011448,,,226.66286312325215,89.12471802419138,61.617089004379224,15.404272251094806,7.702136125547403,97.92715931053128,23.106408376642207,74.82075093388906,119.5729537366548,0.8040263494494213,90.15256588072126,165.9663865546219,133.3333333333334,82.1917808219178,,123.33743719170234,285.3391018050717,1010.0997714326876,68.85020856627796,0.6600790513833992,180.0711743772242,1.0204840339205865,199.82316534040672,98.54014598540148,278.377205680499,493.9674768316139,60.25037377546694,633.0,450.5338078291815,0.7721045429359717,519.0097259062776,167.8832116788321,1283.0040216821124,102.64878495079552,0.3996840442338072,587.0,46.0,1497.6478076689518,476.29151089032126,1021.3562967786304,1545.928750913443,360.9000927399355,335.5930740417083,358.6994824183505,2472.0230809582094,611.4297190547386,1368.0968033110364,1719.2583855596722,7575.748285745154,837.6775375563817,0.0986000301068794,0.7932168737970229,2010,789.0365448504983,42.39841117532858,-0.1341256953322046,184.8512670131377,,,,,,,,,,,,,,,,,,,,,,
Nevada,176.62337662337663,0.433902912324275,313.43417187843426,-177.43417187843426,6.232608,-8.131453228844885,8094.296103896105,-10560.32886862972,214.89001692047376,50.27932960893855,409.5238095238095,156.97674418604652,63.43283582089553,203.78949804335775,,,128.86688846859388,40.458209170372506,25.473687255419723,11.987617531962222,2.9969043829905555,34.46440040439139,8.990713148971668,25.473687255419723,51.948051948051955,0.349306438149795,32.68945022288261,166.66666666666666,76.92307692307693,333.3333333333333,,37.82233772061089,204.30919090929024,425.18036217724347,203.41373233121695,0.5029239766081871,222.07792207792207,1.2585410993767798,238.57868020304568,167.59776536312847,256.2353247456925,424.72438098680647,89.47478302365117,307.0,398.7012987012987,0.683276323890128,453.46869712351946,217.87709497206703,807.2775468401711,116.31721793074652,0.5570032573289903,268.0,39.0,1186.994841801712,315.78733601397124,871.2075057877406,1153.808187451364,314.6749602140083,257.73377693718777,401.5851873207345,1780.2277245617206,533.866205374452,1157.0196948168696,1225.8551454557416,5527.344708304166,610.241196993651,0.094962758069085,0.7639557716265551,2010,382.55316585336465,26.842434907095353,-0.1539996235648409,59.93808765981111,,,,,,,,,,,,,,,,,,,,,,
Orange,380.3042087978567,0.9342766904430756,9420.121565728216,-619.1215657282155,403.332228,-28.37310311419266,17428.581280788178,-1226.0436917376464,467.4719101123596,89.85398727068514,973.8703339882122,279.1732909379968,184.24926398429832,431.6677889673562,,,243.12887511773488,86.1275579396293,73.66947154061687,36.44235509632379,1.6185702801866555,88.92327024176988,19.373795777991784,69.54947446377811,153.271108806499,1.030617762953006,133.62672534506908,173.065204143815,193.93455706304854,129.0953545232274,,143.25102077537596,266.8766357540752,714.76743702019,60.86968091665079,0.5554447215295095,259.9170339642209,1.4729796938450492,296.17977528089887,139.08648446274805,295.02121925220405,521.9119877402162,72.75860887106646,14816.0,640.2212427620776,1.0971823233477136,763.6516853932585,228.9404717334332,1345.6657149758646,119.76282456166122,0.4059800215982721,13593.0,1223.0,1307.5517493849202,228.9292758682293,1078.6224735166911,1135.059194669078,249.6522038227296,308.50930492042613,399.83590679035194,1762.1459373626417,523.1177504565774,1072.023731820515,1542.0583072973125,3685.611516816044,471.50946013087434,0.0930728099171345,0.7487515291622919,2010,823.7537272356484,47.00421569059475,-0.109210837596593,173.97178132794144,,,,,,,,,,,,,,,,,,,,,,
Placer,305.2726183343319,0.7499498689268757,1358.7574879613162,-339.7574879613162,46.698732,-15.5704061582912,13990.033553025763,-4664.5914195000605,382.9614604462475,85.91065292096219,639.8104265402843,325.2212389380531,226.86230248307,447.2592314099847,,,177.7625011982766,129.04240827726744,88.2228709650706,39.063858288016334,2.1945987802256366,136.94296388607972,22.384907558301496,114.55805632777825,117.7351707609347,0.7916688230116048,112.5248508946322,132.38770685579192,111.57024793388426,170.88607594936707,,161.99266604416516,202.0442986410336,857.6513668600765,121.25030863695156,0.6570841889117043,145.89574595566208,0.8268079545746458,170.38539553752534,76.74684994272624,213.75392119397705,379.2701758188172,58.00614692004675,1506.0,451.168364289994,0.7731920172112174,553.3468559837729,162.65750286368845,1231.725047183016,122.93840093502446,0.3233731739707835,1364.0,142.0,1422.95263384568,223.8961350107955,1199.0564988348845,1465.1141456786352,277.83620557656565,396.7834594647952,388.8829038559828,2225.954722365201,755.8114367343405,1439.6168024772985,1526.1560415206648,7687.097436301428,709.5388431347537,0.0653331293883129,0.5255915296638256,2010,852.4548713641988,64.9322540149777,-0.0462436404063214,172.49546412573503,,,,,,,,,,,,,,,,,,,,,,
Plumas,208.19112627986348,0.5114540200730575,119.26780826023536,-58.26780826023537,2.795508,-2.670297116950066,9540.982935153585,-9113.64203737224,261.0619469026549,29.850746268656717,406.5934065934066,244.44444444444443,130.95238095238096,444.6849960348384,,,269.72696480801676,80.1890976456266,80.1890976456266,7.289917967784237,7.289917967784237,65.60926171005814,0.0,65.60926171005814,85.32423208191128,0.5737328442306787,75.39682539682539,210.52631578947367,181.8181818181818,0.0,,159.7317328976029,403.6523402440812,1571.267233567578,0.0,0.6190476190476191,143.34470989761093,0.8123509401402124,154.86725663716814,119.40298507462688,306.1765546469379,508.7209302325582,116.97616610615586,103.0,351.53583617747444,0.60244627906,415.929203539823,149.25373134328356,1366.279069767442,146.22020763269484,0.4077669902912621,94.0,10.0,1755.614465062772,545.1908167858751,1210.423648276897,2135.9459645607812,663.3825350683655,328.04630855029063,612.3531092938758,3284.8837209302324,979.6753911390554,2118.5471942208387,1917.3486161593855,8641.969784621679,1561.625948104784,0.1236061684460261,0.9943860910641266,2010,857.5581395348837,29.244041526538965,-0.1478043230944254,182.24794919460592,,,,,,,,,,,,,,,,,,,,,,
Riverside,583.7676438653638,1.4341163986123042,7497.996683117868,3255.003316882132,492.788484,149.17029200607433,26752.90358306189,8098.278610536065,709.0947427607534,158.3969465648855,1357.2832496178205,444.9484536082474,325.4562920268972,771.5544419361983,,,445.9416773582696,154.84185675609746,121.54870497906816,54.10137163767261,5.0226737594656266,210.45003052160976,36.09149858587443,174.35853193573533,195.33116178067317,1.313435823339415,170.1439905965325,194.66603167043704,273.2847834419318,151.81518151815183,,198.7823187394947,274.2453913703337,796.5363120623334,73.34226003813524,0.7796448953709575,171.2269272529859,0.9703626693349016,195.10823727860557,90.17175572519083,226.30732910506555,400.1885614691648,54.328376228317154,13907.0,754.9945711183497,1.2938756828510665,904.2029800393592,248.56870229007632,1854.6202605550457,149.76234928546688,0.2267922628891925,12865.0,1042.0,1964.6865589926088,301.3504881832284,1663.3360708093803,1321.6807235622405,328.55461635133,347.9995390486898,373.4716702574084,2051.1105376740916,602.4988178547766,1168.3181876865294,1408.799414140325,2914.674948345901,483.1022780772821,0.1211107570121726,0.9743110215712169,2010,1454.4316990858804,95.43397305714971,0.1014663642207998,258.1654312365332,,,,,,,,,,,,,,,,,,,,,,
Sacramento,461.5057680631451,1.13376100403771,6704.234819269886,896.7651807301136,348.338628,41.09695470249965,21149.886338797816,2495.2613662719923,567.4572011936548,100.37473233404712,1093.5971542907955,285.32974427994617,230.9378806333739,803.0941649473624,,,519.7237465302032,134.3949188018741,100.16225080517032,34.76094991023315,2.4300968022351443,237.72686108822063,58.85060516717285,178.8762559210478,130.78324225865208,0.8794059990687415,98.43919023334874,130.9408341416101,156.3915012190874,183.84879725085912,,131.17572681334153,217.1142789434969,959.6974850366624,118.39730429880537,0.5870921305182342,253.0661809350334,1.4341551226209135,292.99513114496625,116.97002141327624,440.3758031180906,804.8719453265221,90.84559159813404,11769.0,714.5719489981785,1.224601214134167,860.4523323386211,217.34475374732335,2363.7046113488886,168.80233496037718,0.3541507349817316,10957.0,812.0,2846.005517981311,601.9935977899914,2244.01192019132,1740.1606231657752,475.2424094110296,471.0161541027946,433.7194510076203,2747.0488747756453,776.6570485369078,1332.5559312545265,1658.1097895610758,6136.506635947124,643.9928140364927,0.1268436270625686,1.0204307768525331,2010,1558.8326660223663,77.95674336224316,0.0503605821133998,227.58384834845657,,,,,,,,,,,,,,,,,,,,,,
San Benito,308.0,0.7566501079913608,203.52868303794432,-49.52868303794432,7.057512,-2.269800486262912,14115.024,-4539.600972525825,364.3410852713178,115.04424778761062,457.3170731707317,275.22935779816515,383.83838383838383,430.18187162460146,,,209.5041582587345,83.8016633034938,106.1487735177588,58.661164312445656,8.380166330349379,47.48760920531315,16.760332660698758,30.72727654461439,160.0,1.0758638295013687,121.79487179487178,184.0490797546012,0.0,100.0,,130.64438320206006,312.1291366107964,0.0,56.63121089865612,0.688,250.0,1.4167787229826323,273.90180878552974,168.141592920354,349.1735970978908,593.372145096283,106.80757771656644,279.0,558.0,0.9562752616372392,638.2428940568475,283.1858407079646,1382.6690550828482,179.8864466805329,0.4480286738351254,247.0,32.0,1980.1264679313456,384.8238482384824,1595.3026196928636,1396.6943883915633,458.1157593924327,304.4793766693608,276.5454889015295,2166.3681146439767,635.2240148406319,1072.6591462905988,1695.901642251994,2997.467416712762,566.3121089865613,0.11568645274672,0.9306736142874438,2010,789.2969099865652,73.0788689639665,0.0715833333333333,223.4711021426501,,,,,,,,,,,,,,,,,,,,,,
San Bernardino,410.3709721093962,1.0081403907892672,12026.102823346057,97.89717665394528,555.618672,4.486431811697004,18806.480909829406,151.85593730358232,500.8436195719741,120.1936770150954,867.3801137903008,305.96931347295333,229.000682904621,916.2407759778334,,,483.8906044693227,206.46402177263624,152.05183448262957,61.06256573656297,10.277857599223472,209.33577610183096,46.854939055283474,162.48083704654752,197.40048740861087,1.3273502770554049,171.53838373621917,196.327574184551,249.52967333675386,158.3610188261351,,352.34043102593574,416.5978436858003,1278.709479845668,119.64481192686615,0.8235071090047393,178.54725155699975,1.0118477882119397,194.92052215611403,126.03246938194246,398.64484438164567,669.4287592084577,133.36749148557823,17399.0,588.9182236663959,1.0092615204650912,695.7641417280881,246.2261463970379,2389.5099446005765,260.55637602097715,0.3031783435829645,15670.0,1729.0,2122.258949141419,442.2762536842049,1679.982695457214,2232.7134184666047,557.8760646872622,674.7866948784291,663.9798299027751,3434.3677710462152,1058.1994635160795,2054.0034443121635,2121.9527894446032,5124.478635132023,755.5193368528682,0.1279826464208243,1.029593952295487,2010,1720.081185392119,127.1888845353989,-0.0267236345359729,440.73871704905355,,,,,,,,,,,,,,,,,,,,,,
San Diego,408.3453434904948,1.0031641176943251,11862.465762183549,37.53423781645324,545.3532,1.720119050652419,18713.6504014824,59.025428956574615,500.3583587170758,107.0695218539161,831.3682141979858,364.5133002046186,220.58660763696736,558.603837559725,,,317.74700642367884,117.07209839276923,93.55440741651528,28.39960686753224,6.618751352598422,178.7062865201574,31.82633629121794,146.87995022893946,137.73934527486102,0.9261798717526452,110.11108408335362,150.28778512044346,177.06958325476143,144.53860640301326,,125.6378478678146,223.46790423637177,891.2887830164198,98.04843808162154,0.6423076923076924,160.59295861642988,0.910098747314353,178.3730514244759,102.37606336168965,219.6862151075221,369.3658261476127,66.80084257108595,16580.0,568.9383021069248,0.9750208310085056,678.7314101415517,209.44558521560575,1405.482420338681,136.6641879534538,0.2822677925211098,15152.0,1428.0,1743.4236697319218,374.89761098196504,1368.526058749957,1367.9691625349164,382.197684488343,321.1737358473645,424.1164430547996,2070.749046438801,652.5045052287451,1141.0099983459183,1486.933246486269,5033.551029111901,678.3546660761043,0.1168482498293941,0.9400200318180096,2010,1036.1165941910683,69.86334538236784,-0.1255472997944217,188.42317680375933,,,,,,,,,,,,,,,,,,,,,,
San Francisco,110.27605145252204,0.2709103449364015,5632.859831758147,-4106.859831758147,69.933528,-188.20917236981236,5053.73088596618,-13600.894086559643,127.7084991598125,32.39826155669696,330.82214215525715,116.0377358490566,39.22883487007544,247.05494425836892,,,163.51605091805544,39.826681708754094,37.88391674735146,4.856912403506597,0.9713824807013194,33.02700434384486,6.961574445026123,26.06542989881874,41.19092354386472,0.2769739046537524,37.466495098842245,32.79506597573249,226.69635327472685,102.25205896210517,,37.80983381174991,91.27700840549676,980.4700013234154,22.32832843786249,0.8292108362779741,122.70559329382858,0.6953866950786268,133.98779517113294,72.30343737653101,274.9012420384734,473.0162199291255,61.54073795079431,3224.0,232.98164474635064,0.3992734467499835,261.6962943309454,104.70169893322796,923.8646830166884,89.11636916371855,0.5266749379652605,2959.0,265.0,1894.8755972977456,719.5447838578167,1175.330813439929,2240.3317946574766,494.2717855968547,343.22180984779953,965.7160828972284,3530.293332500742,851.1453975598929,1009.1638866139438,2783.2543002974717,4325.03649555938,218.36556314369588,0.1174323593263684,0.9447190720580876,2010,450.8484630875626,27.575631212924225,0.0495820509877602,92.28133566662537,,,,,,,,,,,,,,,,,,,,,,
San Joaquin,418.9923885465748,1.0293202468874156,3369.21381901013,98.78618098987,158.931504,4.527173102403762,19201.58318231243,546.9582097866078,509.4892763462428,92.42761692650332,941.253836036826,334.4066237350506,241.7950435365037,793.5990307868358,,,491.30828117051215,166.3628879417617,82.60935701097108,24.027652316210425,1.144173919819544,153.7769748237467,24.94299145206606,128.83398337168066,139.78494623655914,0.9399347972794216,100.69008782936008,142.06321639458145,189.73747016706437,204.1198501872659,,188.6072866356133,260.03171910563367,993.9396417634664,140.61033664402055,0.6675257731958762,140.63066328379847,0.7969701261576823,155.68585094892765,86.30289532293986,266.3636885339899,463.1308379042068,71.12538717448663,4632.0,559.6230518303734,0.959056774744302,665.1751272951705,178.7305122494432,1978.7483074380923,147.2983824710336,0.2512953367875647,4311.0,321.0,3235.0410113562066,804.3555181496911,2430.6854932065157,1894.0655068692731,521.972142221676,497.4868203375378,341.6503324581158,2974.7779588277144,824.1367442927613,1873.146510262727,1830.3944237288983,5238.499495583554,688.8616492468531,0.1437333806062755,1.1563053550916995,2010,1515.6174695338857,76.17299529654699,0.0615369844010789,264.76184504624246,,,,,,,,,,,,,,,,,,,,,,
San Luis Obispo,341.93840579710144,0.8400251028336706,898.7826642955621,-143.78266429556209,34.60014,-6.589271939337019,15670.353260869568,-2984.271711656256,420.7459207459208,67.07317073170732,683.1210191082803,312.3844731977819,186.50088809946712,397.0992644997161,,,225.6365357223552,88.88712013304904,55.22572552645058,24.720086664220737,2.629796453640504,98.88034665688296,29.979679571501745,68.9006670853812,151.268115942029,1.0171493406178025,133.60881542699724,175.43859649122797,248.06201550387595,140.35087719298238,,141.2975465899465,275.4425063448369,672.7497477629537,67.98066399781095,0.5589519650655022,207.4275362318841,1.1755156795761696,228.43822843822844,134.14634146341464,240.88935515347015,393.7284679744077,72.86618015611026,1213.0,549.3659420289855,0.9414786020579866,649.1841491841492,201.21951219512195,1118.9120237844136,109.2992702341654,0.3775762572135201,1114.0,99.0,1399.4283659495875,265.7987121551932,1133.6296537943945,1161.318113927647,330.30243457724725,284.5439762839025,296.1150806799207,1723.566456745111,543.184252072822,1057.5465858175378,1570.0222861655711,2712.0224206694074,484.3622309844033,0.1508722242491327,1.21373587748378,2010,725.1835558100059,36.43309007805513,-0.1253036286164034,175.67040310318566,,,,,,,,,,,,,,,,,,,,,,
San Mateo,310.93814010651374,0.7638681080851509,1987.254061182488,-469.25406118248816,69.566904,-21.50497511587107,14249.673084801309,-4404.9518877245155,370.5912863070539,86.74463937621832,844.3680137575237,209.50155763239871,122.8516868236792,308.42500624926174,,,199.52131497811263,54.65502416406548,39.2134559987533,17.47335345022168,1.828606756418548,80.865054339398,18.286067564185476,62.57898677521252,117.98443260958624,0.7933448968055975,109.0407177363698,102.35294117647064,182.6589595375723,99.07834101382493,,75.96970064305904,143.57603163130878,1143.0573921924793,57.64553529569777,0.7215064420218038,206.67759115116755,1.1712656546411109,229.5124481327801,120.85769980506822,205.00713524736832,363.20954112475937,50.15349395933522,2527.0,517.6157312576812,0.8870665212114516,600.103734439834,207.60233918128657,949.6800883194276,86.15075978498712,0.3992876929165018,2314.0,213.0,1447.3680553432423,249.45037535680464,1197.917679986438,991.9175760928166,236.29662863497455,260.8812305823795,319.19346825928204,1582.5265430249403,414.9797161474027,696.7094698214726,1402.754332030028,6257.877495230978,581.8177283333215,0.0629690540678319,0.5065730320720907,2010,586.470547194668,35.997265825651894,-0.108044238235745,117.03083241078708,,,,,,,,,,,,,,,,,,,,,,
Santa Barbara,451.4124293785311,1.108965141032169,1440.9830759086458,157.0169240913542,73.233144,7.195771597258581,20687.32881355932,2032.7038410334972,535.2415026833631,136.91275167785236,845.360824742268,368.3510638297872,286.43724696356276,557.9139680800762,,,314.9176465633471,96.70974290249129,98.80453877763551,40.49938691945484,4.1895917502884314,108.58025286164184,30.723672835448497,77.85658002619334,192.090395480226,1.291644428073677,137.5698324022346,235.19362186788152,257.7777777777779,94.48818897637794,,138.55305851493247,356.67640340531415,1029.5066123381596,52.596299328153705,0.7146092865232163,249.43502824858757,1.4135769631566828,270.8407871198569,169.1275167785235,308.2841262920571,518.780967523078,89.65100145860757,2481.0,700.8474576271186,1.2010807991221628,806.0822898032201,306.0402684563758,1544.0072917166374,162.22562168700415,0.3559048770656993,2253.0,228.0,1484.1229250679414,433.90031841354295,1050.2226066543983,1235.9295663350874,372.52453312981305,262.5477496847417,344.94305410708085,1915.4462407225928,530.079334021132,1007.147105550169,1516.5224319121833,3993.7756513118247,556.6441678896268,0.1494579774997636,1.202358554534729,2010,1025.226324193559,72.5746202283966,-0.0484310760987771,237.41019918301112,,,,,,,,,,,,,,,,,,,,,,
Santa Clara,400.97980997624705,0.98506953415871,5483.876835774371,-81.8768357743711,247.562856,-3.7522516298678785,18376.10273159145,-278.52224093437326,488.9162561576355,82.6474622770919,996.8687731283804,289.61424332344217,181.86680930730145,443.21443139961485,,,287.32634927090913,80.07724639874567,55.79152413027362,21.496146061958367,1.6409271803021654,133.24328704053582,42.50001396982608,90.74327307070972,135.09501187648456,0.9083989801497973,114.933114933115,143.38518404435547,167.64898493778657,118.50195640022362,,94.8872621153442,304.56704493669383,783.4931695954518,48.53649847548235,0.7678671918964547,263.8064133016627,1.495021253408633,294.0507768093975,154.320987654321,291.5927599396948,503.79632605230785,75.04903203426238,8956.0,664.7862232779097,1.1392806802830022,782.967032967033,236.9684499314129,1341.455101424718,115.24195807927843,0.3968289414917373,8265.0,691.0,1555.646182239072,261.6425918560177,1294.0035903830544,1105.3285486515383,288.2288592200753,276.4962298809149,306.7713363574898,1713.2970418196394,486.3177275820202,825.5867960297047,2124.117962163215,4673.4143358291185,409.5839423237636,0.0845197000838492,0.6799435274218568,2010,837.65877537241,40.19292604501608,-0.0206126483137505,149.32437340749703,,,,,,,,,,,,,,,,,,,,,,
Santa Cruz,199.08547309180443,0.48908456076112,1157.2640917537517,-591.2640917537515,25.938648,-27.09645079689092,9123.689060851211,-9530.93591167461,237.16814159292036,51.45797598627787,549.0483162518301,154.83870967741936,73.33333333333333,300.6670321812591,,,199.2051891660286,50.99652842650332,35.06011329322103,9.030635242193297,2.656069188880381,52.05895610205547,6.90577989108899,45.15317621096648,57.33380232149138,0.3855210257842136,48.216644649933954,62.44343891402715,101.35135135135133,78.94736842105262,,62.19671031494088,126.30640414258818,816.3312866470922,41.63194930163008,0.6146341463414634,144.21385860007035,0.8172765056952224,162.83185840707964,72.04116638078902,217.7976734881913,389.2202902229555,45.18218100842325,976.0,343.2993316918748,0.5883309287339371,400.0,123.4991423670669,956.1281042433473,77.45516744301128,0.4200819672131147,904.0,72.0,2163.2076116941644,498.9094667406354,1664.298144953529,1510.2409407973846,362.81905120106006,329.35257942116726,478.0924539984686,2390.320260608368,627.1717030454942,1289.9427317372667,2022.73299387768,8054.468694917977,527.3380244873144,0.1300950433108758,1.0465877489051731,2010,566.9078140203917,32.272986434588034,-0.0382258728750016,86.58785555750042,,,,,,,,,,,,,,,,,,,,,,
Shasta,744.4389520514087,1.8288305631904993,823.4770515715227,682.5229484284773,69.016968,31.278661680580257,34116.148294611965,15461.52332208614,932.6923076923076,261.0229276895943,1769.041769041769,746.2039045553145,606.4908722109533,1282.7090815970869,,,613.2473696878502,292.9959655175284,254.66800491203784,109.87348706907316,16.182916700096047,338.1377857862174,65.58339925828398,272.55438652793345,267.9189322787939,1.801526802983631,263.7818612922348,401.86915887850466,162.39316239316236,312.5,,453.7111945788755,479.2819270318163,2115.9676948370075,370.05484733641623,0.8217391304347826,113.69253583786455,0.6443086629481076,138.73626373626374,49.382716049382715,195.89846531695216,350.01992687702517,47.083354352687955,1736.0,858.1314878892734,1.4706270844094416,1071.428571428571,310.40564373897706,2703.124187763165,295.95251307403856,0.1324884792626728,1560.0,176.0,2420.5544286680188,820.9375704304709,1599.6168582375478,1723.054762331279,346.6551103652153,392.64866309180405,419.9041017445975,2522.915908578954,953.437925641931,1720.024236527108,1192.63177191638,13029.906331364735,1184.175511476532,0.1647677558355051,1.3255225586109805,2010,2353.1042608861394,248.8691587213506,-0.178482834040254,461.6389921816873,,,,,,,,,,,,,,,,,,,,,,
Sierra,214.28571428571428,0.5264263274522454,17.09640937518732,-8.09640937518732,0.412452,-0.3710422488460845,9820.285714285714,-8834.33925824011,257.1428571428571,0.0,384.61538461538464,90.9090909090909,0.0,400.8825962753628,,,222.71255348631263,44.54251069726253,0.0,0.0,0.0,89.08502139452506,44.54251069726253,44.54251069726253,47.61904761904761,0.3201975683039787,54.05405405405404,0.0,0.0,****,,98.75763267313674,0.0,0.0,0.0,0.625,190.47619047619045,1.0794504556058149,200.0,142.85714285714286,356.34008557810023,610.8202443280977,91.24087591240875,17.0,404.7619047619048,0.6936627175214656,457.1428571428571,142.85714285714286,1396.1605584642234,91.24087591240875,0.4705882352941176,16.0,1.0,1392.7576601671335,588.0532342927899,804.704425874344,1870.7854492850263,579.0526390644129,489.96761766988783,311.7975748808377,3054.101221640489,638.6861313868613,1827.01620445303,2496.1938825833417,32785.26299729148,0.0,0.0978157644824311,0.7869076188588955,2010,785.3403141361256,0.0,-0.1428571428571429,89.08502139452506,,,,,,,,,,,,,,,,,,,,,,
Siskiyou,429.5415959252971,1.0552360225443425,239.7567886186984,13.243211381301592,11.594484,0.6069098911822893,19685.032258064515,1030.4072855386912,501.0570824524313,137.9310344827586,841.1764705882352,600.0,204.81927710843377,847.8626601764042,,,479.226720969272,180.96673379259224,113.94201757311362,23.458650676817513,10.05370743292179,164.2105547377226,26.80988648779144,137.40066824993113,135.82342954159594,0.913296969016442,131.86813186813183,174.99999999999997,184.21052631578945,107.14285714285715,,247.37942527740748,258.0409799088943,1863.4580085888456,240.27823131039307,0.6835443037974683,134.12563667232595,0.7601053929754019,154.3340380549683,51.72413793103448,264.7476290669405,490.59139784946234,40.42309506164522,332.0,563.6672325976231,0.9659875095495172,655.3911205073996,189.65517241379308,2083.333333333333,148.2180152260325,0.2379518072289156,310.0,22.0,1352.58392471803,307.00095659718437,1045.5829681208454,1973.8778926636448,569.7100878655681,301.6112229876537,556.3051446216724,3178.763440860215,781.5131711918076,1875.9606416870072,1474.5198851936818,10115.91490376802,2242.5968255636685,0.1824231822330392,1.4675568167894508,2010,1592.741935483871,107.79492016438724,0.1012527335862554,268.0988648779144,,,,,,,,,,,,,,,,,,,,,,
Solano,380.9636838357465,0.9358967938802084,1714.9326832777188,-109.93268327771877,73.55394,-5.037995009251294,17458.80370282459,-1195.821269701235,466.43878185208206,104.52261306532664,778.9389067524116,271.21609798775154,222.4316682375118,572.4302018519834,,,345.59804709942176,110.56284272530522,84.17042220378075,32.0988898234757,2.496580319603666,85.9536938606405,12.83955592939028,73.11413793125023,155.7085212437693,1.0470072871957303,122.55466052934408,175.86206896551718,179.82456140350868,180.6020066889632,,174.14214911777177,166.65682410630225,699.7504769837265,96.68508840838238,0.8025974025974026,182.76762402088772,1.0357651238515326,209.136109384711,97.48743718592964,274.62383515640323,477.7352650969312,69.72397929844739,2375.0,563.7313078566343,0.9660973188417672,675.5748912367931,202.0100502512563,1543.23397670242,144.47958596894767,0.3242105263157894,2174.0,201.0,2441.5565558298294,455.2054595614936,1986.351096268336,1502.584698070035,443.6779882267087,407.6559007581414,378.4102455856414,2284.32701795234,715.2098907418057,1420.9345312990015,947.6564508005424,3891.2953354217,535.3489154464136,0.0924984446883631,0.7441308795469731,2010,1065.4987116054886,74.75560667050028,0.0633416039470897,233.96524138000072,,,,,,,,,,,,,,,,,,,,,,
Sonoma,246.27166465135025,0.6050048105638193,2019.8186504685596,-797.8186504685596,56.001816,-36.56243311367315,11286.13784764208,-7368.487124883744,302.3194517659462,64.2123287671233,593.996840442338,227.36030828516377,80.43478260869564,368.4925688760079,,,226.76465776985103,71.16550430011281,44.6292145610877,13.26814486951256,2.1108412292406347,63.9283343712878,8.141816169928163,55.786518201359634,88.27085852478838,0.5935463992865773,67.00701978302486,135.49459684123036,102.56410256410261,105.83941605839414,,91.75121952889944,218.85756857906975,717.2364566830425,124.76003720666488,0.5533553355335533,183.19226118500603,1.0381715914479748,211.12282551396945,92.46575342465754,274.1078110542481,486.75551018175855,64.71289644138989,2131.0,429.4639258363563,0.7359959283923253,513.4422772799156,156.67808219178082,1183.769954849021,109.65240785902176,0.4265603003284843,1948.0,183.0,1252.6380565731506,387.3968008788708,865.2412556942797,1496.2848827845755,381.7607137455205,313.0075994216827,554.8496945432526,2305.5560619595403,699.8579911439203,1369.2777238265282,1615.2494171817225,6993.055452659661,1178.767248090558,0.1033212291800819,0.8311979450538945,2010,697.0144446672622,44.93951141763187,-0.0901792658248612,132.07835120105685,,,,,,,,,,,,,,,,,,,,,,
Stanislaus,313.03569144172957,0.7690210705666719,3181.9674306152215,-734.9674306152215,112.141116,-33.68208741023437,14345.799667391582,-4308.825305134242,381.5019233985616,90.31556039173012,629.8523783488245,318.2448036951501,230.52464228934815,741.101602651788,,,348.8962183305516,208.67143613693585,131.74466577585935,74.80674125663737,3.3314743069757533,179.89961257669069,33.617604370391696,146.282008206299,130.86861967506715,0.8799800895323494,129.21639854696423,112.5600549073438,185.34482758620695,192.63456090651556,,300.6661924729418,256.6357688914519,1549.5616654852647,239.2729390039076,0.7295774647887324,136.24152488166817,0.7720963745562254,155.0426492724536,75.0816104461371,322.5472851753798,568.8163465668528,82.92123083948734,3512.0,449.27721632339774,0.7699510530238489,536.5445726710152,165.39717083786726,1968.4604528440816,182.66705924060977,0.303246013667426,3208.0,304.0,2860.020453667782,518.5218246845103,2341.498628983272,2367.466787057224,553.9333188598775,655.694715872955,571.4992742966588,3668.7733938761735,1104.4146542244762,2326.8423811058583,2279.9897272856433,8360.425730060031,1242.108051005579,0.1454588357131855,1.1701862849889488,2010,1399.644106277229,99.74582840112244,0.0201031932157158,309.82711054874505,,,,,,,,,,,,,,,,,,,,,,
Sutter,376.23762376237624,0.9242864891240744,452.2407337103122,-34.24073371031227,19.156104,-1.5691843444761906,17242.21782178218,-1412.4071507436456,461.53846153846155,150.81967213114754,559.5567867036011,366.66666666666663,311.3207547169811,692.9308950573335,,,334.86134163057744,182.35023554140355,109.41014132484212,51.389611834395545,4.973188242038279,48.074153006370025,11.604105898089315,36.47004710828071,202.52025202520252,1.3617763368463542,180.86696562032887,262.58992805755395,259.7402597402597,126.43678160919542,,380.7549729566982,454.1608349712928,1685.048877895981,97.48318036415736,0.8118279569892473,167.4167416741674,0.9487699099001606,191.0669975186104,104.91803278688523,308.3376710063733,512.7692871175041,105.91116700867148,604.0,543.6543654365437,0.931690359405122,652.605459057072,255.73770491803276,1751.4067858688777,258.15846958363676,0.3079470198675497,526.0,78.0,1722.5738396624497,378.6919831223634,1343.8818565400863,1841.737378968176,598.4403184586062,497.3188242038279,351.438635770705,2683.714580627976,1009.4658105514,2105.1659248597616,1729.5440016714986,6487.438179899526,771.0033356074263,0.1277671790072351,1.0278605614635872,2010,1238.6374987513734,152.24730257496526,-0.2083176253497093,372.9891181528709,,,,,,,,,,,,,,,,,,,,,,
Tehama,434.01240035429583,1.0662192519404794,459.5677662996782,30.432233700321778,22.45572,1.3946484060183464,19889.92028343667,1235.2953109108455,521.0772833723654,163.63636363636363,922.077922077922,372.5490196078431,259.79381443298973,1208.9047604893706,,,525.5034979270122,234.3794943805923,310.8612241258382,91.28464517980964,69.08027202796404,214.64227380117396,49.34305144854574,165.29922235262825,186.00531443755537,1.250727436864966,165.03667481662592,261.60337552742624,173.91304347826087,176.47058823529406,,447.32759058330504,779.3541089015827,1798.760166282257,413.6694334704543,0.7441860465116279,152.34720992028343,0.8633691420833047,170.96018735362998,94.54545454545456,424.3502424574934,723.0228296934581,128.31268815081677,662.0,586.3596102745793,1.004876684101851,692.0374707259953,258.1818181818182,2926.7567969098204,350.3923407195381,0.2598187311178248,591.0,71.0,1951.7561090594777,579.8695686336129,1371.8865404258645,2785.4152542704073,569.9122442307033,629.1239059689582,1196.5689976272342,4229.188332590501,1357.153432364408,2710.4738451640264,2979.143932414114,10342.870956122977,2344.1267896659087,0.1912840423137519,1.538840605696584,2010,2203.733967216362,222.07965256872131,0.0920963190310422,518.1020402097303,,,,,,,,,,,,,,,,,,,,,,
Trinity,190.6474820143885,0.4683553177093119,113.16194776909704,-60.16194776909704,2.428884,-2.7571017423621793,8736.992805755395,-9917.632166770429,227.67857142857144,37.03703703703704,629.6296296296297,243.90243902439025,48.78048780487805,558.3017274130434,,,358.15582513289576,105.33994856849876,63.20396914109925,31.601984570549625,42.135979427399505,105.33994856849876,42.135979427399505,63.20396914109925,53.956834532374096,0.362813791423573,58.57740585774057,41.666666666666664,0.0,0.0,,175.49480830206812,159.5802313636253,0.0,0.0,0.392156862745098,183.45323741007195,1.0396505736994857,196.42857142857144,129.62962962962962,537.2337376993437,886.9179600886918,154.21899096717337,104.0,374.10071942446046,0.6411169594019809,424.1071428571428,166.66666666666666,1914.936504736948,198.2815598149372,0.4903846153846153,95.0,9.0,943.6000864366492,244.90383922783255,698.6962472088165,2928.4505702042657,568.8357222698933,431.8937891308449,1295.6813673925346,4515.218705906068,1189.6893588896232,2995.947084585306,3829.9255527270066,3144.1182981632587,1633.2601354541926,0.1715570279223852,1.3801408500483652,2010,1028.0185446482562,44.06256884776382,-0.2804595033650499,158.00992285274813,,,,,,,,,,,,,,,,,,,,,,
Tulare,442.4025100851636,1.0868308669856757,2724.4349511459227,236.5650488540773,135.696708,10.841303058884654,20274.42223218288,1619.7972596570544,531.7324185248714,118.25726141078836,917.7111716621254,376.2057877813505,232.20338983050848,1095.26245874342,,,622.905093050969,216.38923956936867,152.0273119025821,63.25223925873854,4.438753632192179,243.7615536345538,39.57888655371359,204.1826670808402,140.7440609592111,0.9463840275196932,120.00000000000004,152.13675213675214,126.80115273775216,147.72727272727272,,256.6204540933841,401.3860285927738,1193.9594827336125,180.32630393372327,0.592956592956593,182.4294038547736,1.0338483913113965,201.25786163522017,114.10788381742738,451.64318207555414,778.864451033323,123.32115069844616,4182.0,624.8319139399372,1.0708087849143555,732.9902801600915,232.36514522821577,2836.659733592955,251.12670687683575,0.2919655667144907,3846.0,336.0,2520.5234898723734,467.72368462575344,2052.79980524662,2475.7148383551876,678.7594095893872,575.1884915049031,654.7161607483463,3869.982741071823,1080.741720666383,2138.503784111534,2638.323895806435,9415.998647921899,1220.6703650898191,0.1949539706626201,1.568364421143626,2010,2057.7952825596317,127.80555617838964,0.0356206505145069,348.442160127086,,,,,,,,,,,,,,,,,,,,,,
Tuolumne,309.7014925373134,0.7608300901735188,327.27412232501445,-78.27412232501445,11.411172,-3.5871464779107622,14193.0,-4461.624972525824,411.0320284697509,74.3801652892562,870.7482993197278,283.68794326241135,184.8184818481848,658.8241359094224,,,338.6726481783376,105.8352025557305,148.1692835780227,52.91760127786525,5.291760127786525,182.56572440863513,15.875280383359575,166.69044402527555,74.62686567164178,0.5018021592823547,66.37806637806636,132.35294117647058,125.0,111.11111111111109,,149.5249094876257,219.4427683122048,183.5933485269436,163.0574856511506,0.5752212389380531,140.54726368159203,0.796497491030037,165.48042704626334,82.64462809917356,298.9844472199387,449.60116026105874,116.33994532022572,362.0,450.2487562189055,0.7716160343280921,576.5124555160143,157.02479338842974,1566.3524292965917,221.0458961084288,0.3121546961325966,324.0,38.0,1531.9954149305845,220.15611069667543,1311.839304233909,2127.2875713701833,388.9443693923096,373.06908900895,801.7016593596587,2716.944645878656,1407.713338374731,2252.625266846187,1658.0120272477698,1468.7467882155488,1467.5173708603556,0.1345602057979618,1.0825090587177848,2010,1116.751269035533,104.70595078820313,-0.0857520515503663,158.75280383359575,,,,,,,,,,,,,,,,,,,,,,
Ventura,283.2310838445808,0.6958013966802344,3184.8168321777525,-968.8168321777524,101.554848,-44.39893778504204,12979.914110429449,-5674.710862096375,348.30339321357286,67.3289183222958,656.7926455566904,208.44189682126108,167.19963453631794,405.31344602964606,,,235.21348898651848,73.16127184650652,66.94256373955346,22.131284733568226,0.3658063592325326,79.37997995345957,13.717738471219972,65.6622414822396,94.83640081799592,0.6376940835010988,75.3491393309516,104.40221313447192,167.15542521994132,76.92307692307695,,83.44165325014197,208.2590853652851,594.776455931764,37.45978884091398,0.6854838709677419,190.1840490797546,1.077794856747524,211.74318030605457,118.65342163355407,272.15993126900423,466.60801993988713,79.01274493950932,3704.0,473.4151329243354,0.8113175270613749,560.0465735196274,185.9823399558499,1234.1470566673995,123.84788392844018,0.4017278617710583,3367.0,337.0,1158.1360297948331,211.7817533299894,946.354276464844,1431.0344773176676,358.12442568864935,350.99120168361503,400.3750601800069,2203.6507587420274,665.9120643273994,1107.400217056841,1994.776538855969,3558.2240609251153,486.9772549318816,0.0823574174943928,0.6625484106656531,2010,767.5390367275127,44.835138988930865,-0.0318399008966493,135.7141592752696,,,,,,,,,,,,,,,,,,,,,,
Yolo,465.7939189189189,1.1442955164016857,963.9118428677044,139.0881571322957,50.548284,6.374132065058847,21346.403716216217,2691.7787436903927,572.4557522123894,121.42857142857144,880.5970149253732,481.80242634315425,400.0,775.4424200650424,,,331.8303012427017,195.44242318955736,187.0060595986412,66.78787842808615,4.921212094701085,181.38181720469711,18.981818079561325,162.3999991251358,187.5,1.2607779251969164,165.17857142857136,202.29007633587787,190.4761904761904,261.90476190476187,,252.3951249011724,412.3929861737483,1544.222720134829,164.41386937255277,0.9017199017199016,171.875,0.9740353720505596,195.79646017699116,94.64285714285714,286.13333179190596,514.0119064904893,72.86224910640638,1510.0,637.668918918919,1.092808265729614,768.2522123893806,216.07142857142856,2016.8433280092927,166.34588946934286,0.2695364238410596,1389.0,121.0,1784.1239831836613,254.7327047936516,1529.3912783900098,1664.775748607453,376.8242403942545,405.6484826632179,467.51514899660305,2625.2359517932337,769.8652735771241,1528.0137291314225,2038.62193165136,8107.169280707854,627.7620466952015,0.1840601262007154,1.4807256928558528,2010,1502.8314215188036,93.48364036293648,-0.1344396506687099,312.1454528638974,,,,,,,,,,,,,,,,,,,,,,
Yuba,450.5788067675868,1.1069172168808863,457.12542210322295,48.874577896777055,23.188968,2.2398241558534986,20649.12555654497,1994.5005840191443,565.0644783118406,88.88888888888889,821.8085106382979,298.5074626865671,336.283185840708,1087.4145233818117,,,664.0535330533198,171.92324480344848,163.32708256327606,58.02409512116386,10.74520280021553,126.79339304254326,27.937527280560374,98.85586576198288,164.7373107747106,1.1077182126989826,156.16797900262463,215.7894736842105,172.0430107526882,115.38461538461536,,406.45797640885456,401.03220924808886,1111.7865629459895,160.93468659332103,0.900497512437811,357.96972395369545,2.028655553478248,412.6611957796014,185.18518518518516,863.9143051373286,1510.6647783356937,217.78900601097655,908.0,808.5485307212823,1.385654046168279,977.725674091442,274.0740740740741,3579.245525943093,322.3277288962453,0.4427312775330396,834.0,74.0,1880.1150188011463,345.6093784560931,1534.5056403450533,2413.3725489284084,808.0392505762079,575.9428700915524,485.6831665697419,3660.787090682803,1176.0606324592734,2602.6972943155233,1858.441945296022,6462.259397123564,1394.7672838087824,0.178082519052966,1.4326370781831714,2010,2068.580747607399,104.53872288526875,-0.0410543982362696,397.5725036079746,,,,,,,,,,,,,,,,,,,,,,
Alameda,309.6009482418017,0.7833513384684121,5001.58716478403,-1083.5871647840304,203.301102,-56.22625439347855,16064.883603318844,-4443.007063886096,374.13280475718534,55.7504873294347,1105.0675675675675,113.30698287220024,47.74465840147718,367.0482311272904,,,306.4356212397567,32.22679721995607,16.956541560500142,2.904159051798367,0.8431429505221064,58.176863586025355,45.34235422807773,12.83450935794762,78.94112998814698,0.581226974460121,33.73337658125204,76.63269158172896,107.06229394412641,64.65517241379311,,27.5227947626678,89.05686950749,467.224221280544,22.757250098238043,0.7383598678281766,263.0580798103516,1.3731164227235904,304.3607532210109,100.58479532163744,311.8692091431214,583.6477600986907,46.74685831800354,7247.0,572.6590280521533,0.975895605604035,678.4935579781962,156.3352826510721,1301.091685325834,72.65693870356364,0.459362494825445,6846.0,401.0,2871.619075085783,706.9094913332307,2164.709583752552,1185.5526709841397,277.30034817171503,284.4202219761239,355.15054726992287,1917.6183325938748,464.75074258015144,815.8920793587,1162.126341504143,4364.040822106601,351.978801519415,0.1120025795877794,0.8534126318330688,2011,717.4439252271434,25.9100803855601,0.0406172040482031,93.58886750795382,,,,,,,,,,,,,,,,,,,,,,
Alpine,136.36363636363637,0.3450268407461281,8.694975711201002,-5.6949757112010015,0.155667,-0.2955065946785087,7075.772727272727,-13432.117939932214,150.0,0.0,250.0,0.0,250.0,383.95378553121105,,,255.96919035414072,0.0,127.98459517707036,0.0,0.0,0.0,0.0,0.0,0.0,0.0,0.0,****,****,0.0,,0.0,0.0,****,0.0,0.0,0.0,0.0,0.0,0.0,0.0,0.0,0.0,3.0,136.36363636363637,0.2323837868130836,150.0,0.0,730.1656290970293,0.0,0.0,3.0,0.0,5229.936880072137,631.1992786293958,4598.737601442742,2815.661093895548,1023.8767614165628,1023.8767614165628,511.93838070828144,4867.770860646862,564.5406350765752,3457.380342546459,0.0,****,709.9476482771761,0.176,1.3410461058613732,2011,730.1656290970293,0.0,-1.0,0.0,,,,,,,,,,,,,,,,,,,,,,
Amador,344.44444444444446,0.8715122421809608,177.85177591092958,-22.851775910929575,8.042795,-1.1857558002422246,17872.87777777778,-2635.012889427162,448.38709677419354,114.28571428571428,833.3333333333334,500.0,246.3768115942029,600.8481158864637,,,290.73295929990184,96.9109864333006,131.79894154928883,73.65234968930847,7.752878914664048,209.32773069592932,158.93401775061298,50.39371294531631,122.2222222222222,0.8998965741265836,117.14285714285718,142.85714285714286,444.4444444444444,57.14285714285714,,203.15266397318933,234.10897638384068,455.91424532256235,151.46557691544126,0.6262626262626263,220.0,1.1483608989200207,267.741935483871,114.28571428571428,383.7675062758704,553.5643198505197,138.35997888971772,254.0,564.4444444444445,0.9618967412677863,716.1290322580645,228.57142857142856,1480.6178193592216,276.71995777943545,0.389763779527559,222.0,32.0,1667.291120269764,262.27051330086175,1405.0206069689025,1744.3977557994108,348.87955115988217,193.8219728666012,534.9486451118194,2067.5293873935075,1210.64981528503,1734.2300583077133,1638.7628346868848,1025.8070519757653,2650.647596020222,0.1117175763645468,0.8512410269315119,2011,927.053499508702,138.35997888971772,-0.2259259259259259,213.20417015326132,,,,,,,,,,,,,,,,,,,,,,
Butte,547.3785473785474,1.3849754665576504,821.6752047084946,316.32479529150544,59.049682,16.413777302880927,28402.925444925444,7895.0347777205025,655.2162849872774,213.01775147928996,1085.820895522388,463.2034632034632,342.14186369958276,757.6982571179136,,,387.5047325506377,142.48455801690113,163.79066015026956,82.56114576680254,13.98212952502301,109.19377343351304,81.229514383467,27.96425905004602,196.24819624819625,1.444934286673145,172.14111922141123,309.64467005076153,281.87919463087246,247.1910112359551,,247.48647942274437,299.2732651752855,1848.6525435170702,166.82592816379778,0.7329931972789115,282.8282828282828,1.4763133686758758,335.2417302798982,120.3155818540434,391.4996267006443,702.4748827611086,82.63969427705702,1726.0,830.2068302068302,1.4147951183047,990.4580152671756,333.3333333333333,2075.4333822752296,228.95259562004324,0.3406720741599073,1557.0,169.0,1685.632678968128,261.14158770458357,1424.4910912635444,1384.230822977278,356.87721073392066,307.60684955050624,478.72148230912114,2095.4279235302893,686.8577868601296,1437.6953080247056,966.5054629431348,6558.314975810558,674.8867093899091,0.2129071170084439,1.62226284189969,2011,1372.958499514121,146.31290134298618,-0.1198021403971061,271.65280220044707,,,,,,,,,,,,,,,,,,,,,,
Calaveras,256.53206650831356,0.6490766220212197,166.3902170188919,-58.39021701889189,5.604012,-3.029809970893281,13311.192399049882,-7196.69826815506,331.16883116883116,53.09734513274336,454.5454545454545,235.2941176470588,127.1186440677966,357.54407673574957,,,215.1885647020715,52.96949284974068,49.65889954663188,29.79533972797913,3.3105933031087926,46.34830624352309,43.0377129404143,3.3105933031087926,109.26365795724466,0.8044853847730634,115.49295774647888,73.17073170731707,0.0,166.66666666666666,,160.99527153665142,101.20568433076656,0.0,129.19095806295655,0.4647887323943662,168.64608076009503,0.8803025677318232,185.06493506493507,123.89380530973452,235.05212452072425,370.3015423092745,91.3437666423436,179.0,425.1781472684085,0.7245663915042941,516.2337662337662,176.99115044247787,1032.946407494292,130.491095203348,0.3966480446927374,159.0,20.0,1815.4748677836544,266.65481534154037,1548.8200524421138,1393.7597806088015,473.4148423445573,225.12034461139788,390.65000976683746,2000.927632127308,737.2746878989163,1393.983448671006,1383.1443525204766,5723.763884134745,775.1457483777392,0.0914665873782799,0.6969369932958599,2011,662.6448651850176,39.1473285610044,-0.0344660429492461,152.28729194300445,,,,,,,,,,,,,,,,,,,,,,
Colusa,292.77566539923953,0.7407800611203309,103.94448236572106,-26.944482365721058,3.995453,-1.3981222454748998,15191.83650190114,-5316.054165303802,346.15384615384613,90.9090909090909,1108.695652173913,326.0869565217391,100.0,568.459308126898,,,376.5120092788545,110.73882625848664,36.91294208616221,14.765176834464883,7.382588417232442,2340.280528262684,1705.377924380694,634.90260388199,64.63878326996198,0.4759217968937687,38.46153846153847,85.7142857142857,142.8571428571429,71.4285714285714,,87.018071578112,125.30845580984676,1955.553031611975,194.21162406554495,0.6551724137931034,220.532319391635,1.1511395115340683,240.3846153846154,145.45454545454544,428.1901281994817,717.9761243654242,120.50792129182544,135.0,513.3079847908745,0.874752657585372,586.5384615384615,236.36363636363637,1751.861743451635,195.8253720992163,0.4296296296296296,122.0,13.0,1725.097384529772,208.6811352253756,1516.4162493043962,1941.6207537321325,339.5990671926923,339.5990671926923,369.1294208616221,2986.7806773601646,828.4919588812999,2262.469861030912,1461.9319844482125,13688.871221283824,2718.9627369176305,0.1164811956786613,0.8875378060849172,2011,1033.885619086211,75.31745080739088,-0.4985597419057495,125.5040030929515,,,,,,,,,,,,,,,,,,,,,,
Contra Costa,187.4493927125506,0.4742838596275386,3904.834546666631,-2052.8345466666315,96.098428,-106.51953179198485,9726.56153846154,-10781.329128743402,231.68676260858297,29.995385325334563,662.1560667568787,75.85703865791393,31.43149982917663,260.1226269312156,,,206.1879137878102,29.21463628601126,12.92185835727421,1.264094839298564,0.4213649464328546,0.9831848750099944,0.5618199285771396,0.4213649464328546,53.84615384615385,0.3964579312585648,38.01020408163265,70.40816326530611,63.099738296016255,49.91087344028519,,42.34638806055818,83.97024173118069,340.6873892775897,21.20036341975676,0.7083641746854182,136.74089068825913,0.7137631461358797,154.02567094515754,75.21919704660822,189.7546808769289,345.97866235876677,44.53705031117419,3203.0,324.19028340080973,0.5524681485010376,385.7124335537405,105.21458237194278,866.4027950482584,62.297223748145505,0.4217920699344364,2975.0,228.0,2267.4841584270384,370.17072334073424,1897.313435086304,1387.695223585535,311.38869541387965,385.1275610396292,411.1117327363219,2246.2402548595687,592.0968590448741,1114.0794711234105,1192.6208245877838,5399.188625463739,424.7644242315553,0.0934752801398651,0.7122423887833356,2011,520.4241326894918,17.760173436971304,0.0774438327629816,74.72205050075956,,,,,,,,,,,,,,,,,,,,,,
Del Norte,223.0769230769231,0.5644285240923841,205.5176077192964,-89.5176077192964,6.019124,-4.644979146946571,11575.238461538462,-8932.65220566648,290.5759162303665,36.231884057971016,446.42857142857144,188.23529411764704,58.13953488372093,582.6190727382058,,,376.6933659945296,80.36125141216631,50.22578213260394,5.022578213260394,5.022578213260394,75.33867319890592,45.20320391934355,30.135469279562365,53.84615384615385,0.3964579312585648,42.352941176470594,83.33333333333331,153.84615384615387,103.44827586206895,,140.1073076919036,53.803075269815835,188.14722282698068,262.86499310670234,0.5588235294117647,196.15384615384616,1.0238882140720464,219.8952879581152,130.43478260869566,512.3029777525602,727.9910122109121,216.554111267196,218.0,419.2307692307692,0.7144311804843265,510.4712041884817,166.66666666666666,1689.9791354896172,276.7080310636394,0.4678899082568807,195.0,23.0,2394.810659186536,561.0098176718093,1833.8008415147267,2611.740670895405,843.7931398277462,426.9191481271335,863.8834526807879,3310.625793625815,1660.2481863818364,3308.0892093921684,645.6369032377901,1222.9569483753744,2541.0282666981225,0.2120103744097891,1.6154300397980652,2011,961.9881232787052,60.15391979644335,-0.4176113360323886,140.63218997129104,,,,,,,,,,,,,,,,,,,,,,
El Dorado,241.25452352231605,0.6104214311551925,655.2849876896026,-255.28498768960264,20.7556,-13.246482726225793,12518.455971049458,-7989.434696155484,299.35794542536115,65.53398058252426,524.0174672489082,220.58823529411765,130.0,326.16397198057433,,,195.6983831883446,61.15574474635769,42.40131635747466,22.831478038640203,1.6308198599028716,67.67902418596918,53.00164544684333,14.677378739125844,84.43908323281062,0.6217072504657832,81.35349172066238,118.88111888111885,65.5737704918033,92.3076923076923,,113.8476561102208,123.23019311805643,453.1811213962099,68.93156446067155,0.4320987654320987,195.416164053076,1.0200376446158752,227.1268057784912,99.51456310679612,264.19281730426525,452.9692386009852,66.59640974835447,724.0,436.670687575392,0.7441513784396456,526.4847512038523,165.0485436893204,1049.9922986651811,110.45258202166106,0.4475138121546961,656.0,68.0,1366.891821219578,214.69505045333685,1152.1967707662411,1351.9496638594806,373.4577479177576,277.23937618348816,326.16397198057433,1994.345128257341,669.212702837123,1399.4194189123596,1036.5833891695338,6911.012101292199,746.7586149906083,0.0852449958112756,0.6495310777095473,2011,597.023060064196,43.8561722733066,0.0116555131268585,114.15739019320102,,,,,,,,,,,,,,,,,,,,,,
Fresno,266.4965139442231,0.6742886353575664,6348.913173851494,-2067.9131738514943,222.136809,-107.30194667798018,13828.237612051793,-6679.653055153149,310.65655404887764,75.05812022583859,758.7176602924635,244.95677233429393,111.60590036181463,717.2428793881217,,,452.02552875242986,128.16883969444362,67.18392773525737,36.85901272258509,4.020983206100192,167.20588498699962,133.19506870206885,34.01081628493079,101.53137450199202,0.7475542042966837,90.99639855942377,97.73084700067403,127.99999999999994,126.14678899082573,,181.0128675969174,302.4489875419423,904.3879115284129,157.67408475650453,0.7093072673183171,146.476593625498,0.7645817851205429,156.5157435072397,102.95582862836268,394.2238951647396,678.1184964792764,103.35595754895247,6634.0,412.9731075697211,0.7037672003194708,467.17229755611737,178.01394885420126,2024.065879359093,178.7057846652856,0.3546879710581851,6098.0,536.0,3391.52728604566,616.0526134198192,2775.474672625841,2691.378092616395,595.7756783705117,523.2304396937874,601.9746941465828,4332.5896889593705,1003.8864134835352,1989.2311175228529,3094.71366333146,7065.530558815729,1249.9254718879265,0.2045365554537663,1.5584826772589329,2011,1345.9473828798166,75.3498271163331,-0.402386694246354,273.2593170478922,,,,,,,,,,,,,,,,,,,,,,
Glenn,234.5132743362832,0.5933647438200375,178.64222824831148,-72.64222824831148,5.500234,-3.769332581576635,12168.659292035398,-8339.231375169544,309.5238095238095,17.241379310344826,496.1832061068702,138.29787234042553,159.2920353982301,593.4279877955227,,,363.89452081800914,72.77890416360184,100.77079038037176,16.79513173006196,27.991886216769934,128.7626765971417,117.56592211043372,11.196754486707974,99.5575221238938,0.7330211434458294,77.77777777777779,137.9310344827586,333.3333333333333,0.0,,205.4130345419633,308.13212778795304,3308.1294583912145,0.0,0.7528089887640449,196.90265486725664,1.0277968624686429,238.09523809523807,77.58620689655173,498.2555746585049,879.729571766629,102.31038742335716,195.0,431.4159292035398,0.7351964936785612,547.6190476190477,94.82758620689654,2023.3780150632465,125.0460290729921,0.4564102564102564,184.0,11.0,1595.6880961668026,230.48828055742703,1365.1998156093755,2530.4665139960025,733.3874188793724,526.2474608752748,632.6166284990006,3694.864201419841,1318.667215678826,2641.0247298252425,2233.9579264626595,9924.388375173645,2433.378593881938,0.1819473619177066,1.3863625066561955,2011,1143.6484432966176,22.73564164963493,0.0951327433628319,251.92697595092943,,,,,,,,,,,,,,,,,,,,,,
Humboldt,272.3426758328926,0.6890805756484455,747.3726849945951,-232.37268499459515,26.722835,-12.057586251684548,14131.589106292968,-6376.301560911974,340.11220196353435,64.51612903225806,716.2162162162163,202.3809523809524,153.713298791019,535.7759709193754,,,330.82865777157554,70.74323499517968,92.59041050839691,32.25059242427309,7.282391837739084,46.815376099751255,42.654009335328915,4.1613667644223336,114.22527763088314,0.8410167492438243,98.06537691794531,172.93233082706777,151.51515151515156,186.52849740932643,,193.22200266143284,260.87635501608156,891.7041935229164,356.22093664301053,0.7054054054054054,195.66367001586465,1.0213295817518573,223.7026647966339,109.67741935483872,384.9264257090658,643.2653443123334,109.31368910548728,885.0,468.0063458487573,0.7975519706065115,563.8148667601683,174.19354838709677,1621.270648360865,173.61585916753862,0.4180790960451977,804.0,81.0,2088.724309211505,327.17646708902174,1761.547842122483,1967.2861378806583,461.91171085087905,349.55480821147603,602.3578391501328,2875.5372444808377,996.683635961796,1970.3386529897125,1508.5458790060356,5885.247677251246,1909.740021447251,0.1973713186290986,1.5038865810015738,2011,978.005304048532,64.30217006205133,0.0004558799394591,224.713805278806,,,,,,,,,,,,,,,,,,,,,,
Imperial,153.9091281211625,0.3894203884093289,965.537530112002,-589.5375301120021,19.510264,-30.590512899981675,7986.190749079001,-12521.699918125942,185.74401664932364,36.46833013435701,388.785046728972,117.14770797962647,94.50830140485311,332.9536666685474,,,184.18713475281348,61.10053989396216,65.5281152485971,15.93927127668578,5.313090425561927,49.58884397191131,36.3061179080065,13.282726063904818,73.27056897257471,0.5394758236586635,42.4628450106157,82.86674132138855,56.45161290322581,64.51612903225806,,120.00691004744868,167.04384895659314,147.17904898813592,137.58394608715585,0.7763440860215054,190.33974621367173,0.993539645737003,212.27887617065556,109.404990403071,411.7645079810493,689.9772499493426,102.38511371428096,841.0,344.2488743348342,0.5866509515098478,398.0228928199792,145.873320537428,1293.7073436550172,136.5134849523746,0.5529131985731273,765.0,76.0,2029.533757275396,253.69171965942448,1775.8420376159715,2163.3133182746315,473.7505629459384,521.5683767759958,693.3583005358314,3250.3340058888148,935.835863949831,2826.162731617417,2015.8129340302391,2607.1717249326935,2132.551164350916,0.2076776169086815,1.5824162467611222,2011,603.7300937056747,34.12837123809365,-0.0845076249118191,158.5071976959308,,,,,,,,,,,,,,,,,,,,,,
Inyo,278.60696517412936,0.7049304606952402,79.44045990688187,-23.44045990688187,2.905784,-1.2163020241081934,14456.6368159204,-6051.253851284542,333.3333333333333,88.88888888888889,542.8571428571428,148.14814814814815,108.69565217391305,452.7550188323313,,,307.22661992193906,64.67928840461875,40.42455525288672,8.084911050577343,0.0,32.33964420230937,24.254733151732033,8.084911050577343,104.4776119402985,0.7692467322927377,90.9090909090909,93.75000000000003,0.0,142.85714285714286,,118.7109627016516,136.93709298039613,0.0,479.1598577514861,0.5098039215686274,253.7313432835821,1.324432515715085,275.64102564102564,177.77777777777777,412.33046357944454,657.6274910428046,132.2949258913065,107.0,532.3383084577115,0.9071831412238792,608.9743589743589,266.6666666666667,1452.8979453271263,198.44238883695976,0.4766355140186916,95.0,12.0,1229.020032485111,368.16459122902,860.855441256091,1625.067121166046,565.943773540414,436.5851967311766,371.9059083265578,2385.8113628529654,744.158958138599,1305.8205897181676,1460.6623251242252,3549.3668079391846,3354.119004260402,0.109714705072929,0.8359799886010261,2011,795.270454284322,66.14746294565325,-0.5625,169.78313206212422,,,,,,,,,,,,,,,,,,,,,,
Kern,336.68457405986186,0.8518782427160863,5149.796978043138,-762.7969780431376,227.637043,-39.58077239368037,17470.225863392174,-3037.664803812768,397.0503181029497,100.90361445783132,589.3931109896117,261.48303812668865,273.5876959479444,805.7420486695643,,,395.9835552613587,159.97294834538192,169.89090381111168,89.44526503352583,4.958977732864882,250.1528767467396,175.40087906985042,74.75199767688915,153.26170376055256,1.128433763118474,144.09512293430075,159.47843530591777,160.61899679829247,127.35849056603776,,318.42144871745376,376.07196404749993,976.6276645848175,76.21373876291732,0.7276058631921825,188.48810437452036,0.9838744044329768,211.2974744553692,99.39759036144578,451.0833078487463,755.9991117308111,101.3921588630418,6843.0,525.1726784343822,0.8949718487992453,608.3477925583188,200.3012048192771,2176.6014571775313,204.3205625573418,0.3589069121730235,6311.0,532.0,2912.9588841239147,524.0686203454587,2388.890263778456,2393.1659207122,671.8496498822125,611.79091956196,620.9742116598579,3577.8899567041217,1020.0665679554508,2209.8003196307764,2358.1367808513046,6080.399479840356,598.4189858421655,0.1878914758905944,1.4316541594751575,2011,1420.6023454467204,102.9284036943,-0.0814389633701385,366.7806863900433,,,,,,,,,,,,,,,,,,,,,,
Kings,839.3939393939394,2.123831886370611,652.1231783400751,732.8768216599249,71.866265,38.028245399111846,43555.312121212126,23047.421454007184,1026.4211369095276,256.857855361596,1896.103896103896,771.9869706840391,719.6765498652292,1359.7033638008863,,,716.666754927543,232.67126153127083,262.1233199529507,108.97261616021544,13.744293930117264,382.87675948183806,253.28770242644669,129.58905705539135,280.0,2.0615812425445372,242.59259259259255,275.6632064590543,398.7341772151899,341.17647058823525,,342.13148000328596,496.1145985000692,703.5935309375456,450.12238145521354,0.581986143187067,262.42424242424244,1.369807904221402,301.0408326661329,142.14463840399003,425.0913765529125,627.417448472492,133.67822605928782,1818.0,1101.8181818181818,1.8776609974497165,1327.4619695756603,399.00249376558605,2766.643961615403,375.2371257804571,0.2381738173817381,1658.0,160.0,1601.424652511801,354.8537046857711,1246.57094782603,1619.8632131923916,377.9680830782247,301.39273118185713,364.2237891481074,2084.1606200588894,940.4380464872706,1410.3129710059115,1799.712790374727,1764.5679029862251,1319.3242215066605,0.1565192104976191,1.192610668922322,2011,2139.2265131429112,241.55889972116927,-0.4364890282131661,453.5616996938697,,,,,,,,,,,,,,,,,,,,,,
Lake,328.0075187969925,0.8299235849776855,420.5206434871757,-71.52064348717568,18.109261,-3.711134669906059,17019.98214285714,-3487.9085243478003,421.5189873417722,58.394160583941606,559.659090909091,433.07086614173227,138.88888888888889,801.5587118840429,,,452.45577719529064,126.3201408413248,103.35284250653848,62.01170550392309,11.483649167393164,167.6612778439402,140.1005198421966,27.56075800174359,100.5639097744361,0.740430964528281,92.2077922077922,171.42857142857144,88.60759493670886,66.66666666666667,,213.39879576557797,357.999045478716,880.6915536281532,180.4814535630619,0.6174242424242424,248.12030075187968,1.2951438709624292,282.27848101265823,149.63503649635038,606.3366760383591,977.3410055274156,185.20506391988872,613.0,576.1278195488721,0.9818069388976336,703.7974683544304,208.02919708029196,2436.7784711804625,257.480210815455,0.430668841761827,556.0,57.0,2163.163430293707,519.5987630095914,1643.564667284115,2443.720542821265,808.4489013844786,291.68468885178635,744.1404660470771,3462.329122720442,1237.7118905865732,2314.324968161902,2088.3277652925094,9939.233248089158,2707.221803445929,0.2133514567090685,1.6256485238610665,2011,1459.4374656530467,72.27514689556631,-0.3028937138765281,245.75009218221368,,,,,,,,,,,,,,,,,,,,,,
Lassen,380.9523809523809,0.9638845074812468,124.49624313765068,-4.49624313765068,6.22668,-0.2333055601695561,19767.238095238095,-740.6525719668462,493.44978165938863,81.39534883720931,660.377358490566,300.0,267.85714285714283,457.4361769885722,,,266.83776991000036,68.61542654828581,57.17952212357152,19.05984070785717,7.623936283142868,129.60691681342874,76.23936283142868,53.36755398200007,158.7301587301587,1.1686968495150438,149.0196078431373,222.2222222222222,333.3333333333333,148.14814814814815,,226.1732047363494,123.06818328491254,68.45705332429236,244.6484683155051,0.6081081081081081,234.9206349206349,1.2262439613287377,266.3755458515284,151.1627906976744,282.0856424762861,335.71978387112995,164.8044405734446,194.0,615.8730158730159,1.0495386265801496,759.8253275109171,232.5581395348837,957.6269244848625,253.5452931899148,0.3814432989690721,174.0,20.0,1140.5069568007468,350.0277105270834,790.4792462736633,1200.7699645950015,404.068623006572,228.7180884942861,213.47021592800027,1260.325090270307,1090.2447607166334,1517.741242309713,553.8068247821064,205.37115997287708,1651.3771611296595,0.1438405091239691,1.0960042876466822,2011,621.9071406137325,88.74085261647018,-0.2669552669552669,190.5984070785717,,,,,,,,,,,,,,,,,,,,,,
Los Angeles,485.4422056042469,1.2282643308060817,41171.10521870543,9397.89478129457,2623.974841,487.64736230659395,25189.11060659877,4681.219939393828,573.6778312472248,132.6648114384416,1198.0686930758256,309.95601759296284,206.8188222034376,749.6470706753257,,,485.553207556005,114.91752045472772,97.92893964446998,33.19147681864491,5.781454202443731,223.26790190514112,175.66726230502104,47.600639600120054,154.50557256818118,1.1375921081255933,121.91694529243588,150.09990988520164,193.4307899821368,120.82262210796908,,127.86404714942968,247.7094495030537,940.3107866741452,54.52576271363687,0.6163136140532163,148.6402165669908,0.7758755123297095,164.06053114761968,86.98781306976298,229.53855607856084,408.916507557537,52.71982029440647,66053.0,634.0824221712377,1.0805701457156074,737.7383623948446,219.65262450820455,1838.7932340062605,133.122635029119,0.2344178159962454,61475.0,4578.0,1975.3555821634284,467.82334829679576,1507.5322338666326,1544.25606595581,405.2799395913055,370.7542810336351,473.5010991801416,2492.4733858724303,606.0598425681299,1048.7799447626317,1650.2971233793885,4861.226006268093,451.28769565116494,0.1438294437011115,1.0959199737703595,2011,1429.8767264487233,80.40281473471255,-0.1563514786578651,238.59616766238935,,,,,,,,,,,,,,,,,,,,,,
Madera,401.423487544484,1.0156804365309509,555.2927670107912,8.70723298920882,29.265396,0.4518096125770564,20829.46334519573,321.5726779907891,451.58371040723983,216.66666666666669,825.7756563245824,296.9283276450512,329.073482428115,578.391007159556,,,354.82852566880564,89.21988940227193,105.62814492452884,48.19925059662967,3.0765479104231703,179.4652947746849,138.44465596904266,41.02063880564227,135.94306049822063,1.0009202270615316,104.74308300395262,131.6129032258065,280.4878048780488,309.52380952380946,,137.0524653206877,202.86045068037143,558.459890137249,292.71183845913805,0.7807017543859649,243.4163701067616,1.2705901890347688,262.4434389140272,173.33333333333334,350.7264617882414,623.8360865841248,100.8129878469468,906.0,644.8398576512456,1.0989024053993794,714.027149321267,390.0,1697.2643872926706,226.8292226556303,0.3774834437086092,789.0,117.0,2392.2879413715436,524.6879124775908,1867.6000288939529,1440.8499380481846,429.6911914891028,300.4761792513296,320.98649865415075,2377.030605777441,581.6133914246931,1308.4631594767536,1541.3416595812537,1991.0309126632355,945.6844011756768,0.1713817387081107,1.305856893808314,2011,1073.4283007085455,126.01623480868348,-0.4218117933240236,195.87355029694183,,,,,,,,,,,,,,,,,,,,,,
Marin,242.30254350736277,0.6130731280013754,590.4678960242861,-228.46789602428612,18.783818,-11.854970656804182,12572.836680053548,-7935.053987151394,314.9955634427684,19.07356948228883,439.83402489626553,225.4335260115607,91.13924050632912,208.2048658841155,,,121.9321314017472,44.86182193083152,20.70545627576839,6.901818758589464,0.0,67.29273289624727,39.68545786188942,27.607275034357855,54.21686746987952,0.3991874178765239,39.47368421052631,60.126582278480996,100.37174721189591,27.39726027397261,,26.25499548240464,68.64160311826512,475.074176651854,13.501181282444977,0.7366548042704626,188.08567603748327,0.9817738000381094,214.72937000887313,106.26702997275204,161.6175892636366,285.9442973252049,44.31603891127996,643.0,430.3882195448461,0.7334451245555293,529.7249334516415,125.34059945504086,705.4080392692039,52.2701997415097,0.4370139968895801,597.0,46.0,1324.6023438299346,212.896573978608,1111.7057698513263,859.2764354443883,277.2230534700101,199.0024408726629,227.1848674702365,1331.649682171512,417.0252892420448,665.1265522209177,1141.618241335357,4733.1464266425455,492.7931168092416,0.0762991849679217,0.5813677550092505,2011,419.4637419439989,7.954160830229737,-0.3115824643110256,46.58727662047888,,,,,,,,,,,,,,,,,,,,,,
Mariposa,270.27027027027026,0.6838369816589926,87.74020944939191,-27.740209449391912,3.11334,-1.439411728119497,14024.054054054051,-6483.836613150888,323.6994219653179,81.63265306122449,529.4117647058823,268.2926829268293,70.17543859649122,488.6921861937872,,,293.2153117162723,89.593567468861,32.579479079585816,16.289739539792908,8.144869769896454,122.1730465484468,73.30382792906808,48.86921861937873,63.063063063063055,0.464320099672193,61.34969325153374,51.28205128205128,0.0,117.64705882352943,,96.76460265065349,191.69124470559257,0.0,249.5871954671537,0.4358974358974359,175.67567567567568,0.9169958038059132,167.63005780346822,204.08163265306123,317.6499210259617,456.8660054163824,162.64304545513417,99.0,445.94594594594594,0.7599577893076521,491.3294797687861,285.7142857142857,1339.0900158756035,227.70026363718785,0.3939393939393939,85.0,14.0,1575.4606691532597,306.1849357011635,1269.275733452096,1808.1610889170129,553.8511443529588,333.9396605657546,464.2575768840979,2725.442032311523,796.9509227301575,1577.2630232056515,3737.979271759054,3041.301179085025,2121.491161470806,0.1274695534506089,0.9712644788115186,2011,882.2240104592212,65.05721818205367,-0.6256902063353678,114.02817677855036,,,,,,,,,,,,,,,,,,,,,,
Mendocino,242.7564604541895,0.6142216272222902,504.703817418349,-194.703817418349,16.08559,-10.10298638202071,12596.389976507438,-7911.500690697503,300.7135575942915,50.67567567567568,593.4959349593496,89.68609865470852,113.06532663316584,517.7756599538488,,,365.7834500964287,33.40488128734509,75.16098289652645,13.361952514938036,6.680976257469018,51.77756599538489,48.43707786665038,3.340488128734509,79.87470634299139,0.5881007012516579,67.27480045610035,104.47761194029849,122.80701754385963,105.6338028169014,,137.65755173439146,175.3653430566481,1651.3984115697735,325.194394828112,0.6067961165048543,161.31558339859046,0.8420386743700586,179.40876656472986,101.35135135135135,344.0702772596544,576.1030034510467,100.99873776604228,516.0,404.0720438527799,0.6885984724359504,480.1223241590214,152.02702702702703,1541.7301967354715,151.49810664906346,0.3992248062015504,471.0,45.0,1558.13343371089,550.9359066488724,1007.1975270620176,2132.901670196984,616.3200597515169,372.4644263538977,664.7571376181672,3211.1195817356634,996.5208792916172,2046.1978452722255,1678.4968549707753,13447.101351353871,3078.506937706127,0.1730790656218665,1.318789812263234,2011,965.627193284425,50.49936888302114,-0.1604536261358963,170.3648945654599,,,,,,,,,,,,,,,,,,,,,,
Merced,273.46429685063924,0.6919184975944077,1267.4903229918914,-390.4903229918914,45.506653,-20.262152369726252,14189.788899282818,-6318.101767922124,333.4651898734177,50.07363770250368,701.6908212560387,176.47058823529412,89.04933814681107,541.311984049083,,,358.6114740393583,87.02963483571347,45.67512750243118,20.98586939300892,0.6172314527355565,133.3219937908802,108.01550422872238,25.306489562157815,83.56719675709385,0.615287733308762,63.197026022304826,92.18559218559218,94.67455621301774,109.67741935483872,,119.40048121839762,179.0183708493462,547.8178404244256,114.3061429822776,0.7705479452054794,182.10165263486124,0.9505382614299572,207.6740506329114,86.89248895434461,360.46316839756497,641.1771720331848,73.9835842688393,1461.0,455.5659494855004,0.7763516968866163,541.1392405063291,136.96612665684833,1670.7245168407558,116.61819215257718,0.3997262149212868,1368.0,93.0,2565.738099103906,544.692629446648,2021.0454696572576,1979.4612689229295,511.06764286504074,493.1679307357096,512.9193372232473,3087.4207445712213,851.4381986193538,1889.337026338174,1941.934380471716,5786.325939482997,1042.2030683678252,0.2015050847457627,1.5353841432361992,2011,1029.547344807571,42.63460788373789,-0.2791605545317656,165.4180293331291,,,,,,,,,,,,,,,,,,,,,,
Modoc,235.95505617977528,0.5970127356730757,35.17512901349496,-14.17512901349496,1.089669,-0.73553326938124,12243.47191011236,-8264.418757092582,333.3333333333333,0.0,533.3333333333334,76.92307692307693,210.52631578947367,337.83844796114784,,,257.40072225611266,16.08754514100704,64.35018056402816,64.35018056402816,16.08754514100704,64.35018056402816,64.35018056402816,0.0,67.41573033707866,0.4963678754120074,64.93506493506493,0.0,****,200.0,,99.26153201551315,0.0,0.0,289.41523784192094,0.6956521739130435,258.42696629213486,1.3489428332564084,269.8412698412698,230.76923076923077,370.013538243162,539.2775600590785,190.7349046638177,44.0,494.3820224719101,0.8425000211051125,603.1746031746031,230.76923076923077,1205.4439577791168,190.7349046638177,0.5227272727272727,38.0,6.0,1417.7693761814744,441.0838059231254,976.6855702583492,1431.7915175496266,482.6263542302112,209.1380868330915,305.66335767913375,1998.4991931601148,826.5179202098767,1528.627593038903,897.2883052131365,0.0,1447.0761892096048,0.2029637966610392,1.5464989155859443,2011,666.1663977200383,0.0,-0.197752808988764,96.52527084604225,,,,,,,,,,,,,,,,,,,,,,
Mono,163.93442622950818,0.414786365924307,48.217592580296454,-28.217592580296454,1.03778,-1.4641826613990023,8506.39344262295,-12001.497224581992,174.75728155339806,105.26315789473684,282.05128205128204,214.28571428571428,22.22222222222222,191.34341606251388,,,105.23887883438265,57.40302481875417,9.567170803125697,0.0,0.0,66.97019562187985,47.83585401562847,19.13434160625139,40.98360655737704,0.301753694751835,49.999999999999986,34.48275862068966,0.0,0.0,,52.767193027479074,41.42164592629729,0.0,0.0,0.5,196.72131147540983,1.026850282193759,203.88349514563103,157.89473684210526,229.61209927501667,385.5537080170794,58.76294889026205,44.0,360.65573770491807,0.6146106711340575,378.6407766990291,263.1578947368421,716.0283148888617,97.93824815043676,0.5454545454545454,39.0,5.0,1814.459192318554,345.94747246540527,1468.5117198531489,1167.1948379813348,373.1196613219021,267.8807824875194,430.5226861406562,1891.0491393218656,372.1653429716597,1055.3438605495817,1201.227731862621,13615.265347524064,2100.99855844902,0.1153726868603328,0.8790914343000741,2011,330.4746068717823,39.175299260174704,-0.680327868852459,47.83585401562847,,,,,,,,,,,,,,,,,,,,,,
Monterey,440.084835630965,1.1135012569855602,1490.7931083022809,169.20689169771913,86.13574,8.779976403302948,22835.56203605514,2327.671368850198,526.5278710543989,115.86901763224182,913.4860050890584,260.7655502392344,215.0753768844221,599.3227539301996,,,388.837714447485,78.70624117878526,77.26208996449562,25.99472185721348,1.4441512142896378,149.4696506789775,134.3060629289363,15.163587750041197,178.68504772004243,1.3156205096529108,141.23222748815164,185.0533807829181,279.2207792207791,142.8571428571428,,157.38395983816136,280.0509034577265,988.099633398212,91.78566244293908,0.7732057416267942,277.04135737009545,1.446106646307025,304.23102753525853,175.06297229219146,377.28450473316786,625.2317048205012,105.12913463910908,2705.0,717.1261930010604,1.222089002584536,830.7588985896574,290.93198992443325,1707.3104169160265,174.71100792542586,0.3863216266173752,2474.0,231.0,1934.6691763360416,464.8447737723666,1469.824402563675,1361.8345950751286,425.6635704118707,301.8276037865343,359.2326145545474,2055.1214315181596,600.5218194492993,1114.3629371091292,1513.3519975311765,3538.7754312401094,642.499637100574,0.1341208972455879,1.021944925942211,2011,1082.0787120955254,69.58187328631679,0.114640752950105,243.33947960780395,,,,,,,,,,,,,,,,,,,,,,
Napa,244.27480916030532,0.6180633483085858,569.5209090836656,-217.52090908366563,18.264928,-11.286942451442323,12675.175572519083,-7832.715094685856,302.0372010628875,35.256410256410255,678.5714285714286,158.5014409221902,114.61318051575932,383.32415598452786,,,227.59871761581343,59.89439937258248,43.55956318005999,10.889890795014995,5.444945397507499,96.92002807563348,72.96226832660048,23.95775974903299,89.52116585704371,0.6591255583628564,93.55246523388112,96.92671394799052,53.25443786982249,86.20689655172414,,140.71995367404887,143.75564124479214,498.81906486801324,56.07462090166561,0.7193675889328063,175.57251908396944,0.9164573447314528,202.83436669619132,76.92307692307693,275.5142371138794,500.552328834536,52.15987875607103,605.0,419.8473282442747,0.7154818881522423,504.8715677590788,112.17948717948718,1245.916277011727,76.0664898526036,0.4181818181818181,570.0,35.0,1406.354369354979,328.1735544390556,1078.1808149159235,1569.233263561661,335.4086364864619,377.8792105870204,380.05718874602337,2467.788555695158,678.0784238289234,1504.1822075158473,1483.137469427978,9366.71355141047,650.4656024593211,0.0958848645465253,0.7306024102906991,2011,745.3639481771911,23.90661109653256,-0.2665936784755238,140.47959125569346,,,,,,,,,,,,,,,,,,,,,,
Nevada,165.4879773691655,0.4187171560964327,279.42490126450485,-162.42490126450485,6.071013,-8.428065701713892,8587.005657708627,-11920.885009496316,201.1070110701107,48.48484848484848,361.9047619047618,164.17910447761193,15.93625498007968,174.64928602225658,,,113.44739946744872,32.840036687945684,5.97091576144467,1.4927289403611674,1.4927289403611674,37.31822350902919,28.361849866862183,8.956373642167005,53.74823196605375,0.3957369530041039,49.759229534510446,75.47169811320755,0.0,142.85714285714283,,53.57438753266069,69.86362843106065,0.0,95.03033652661463,0.5730337078651685,251.76803394625173,1.3141843899174723,287.82287822878226,133.33333333333334,265.7057513842878,468.3434075154941,65.20044535959822,295.0,417.25601131541725,0.7110659011866635,488.929889298893,181.8181818181818,795.5833525102943,88.90969821763395,0.6033898305084746,265.0,30.0,1178.7478987315978,273.03754266211604,905.710356069482,1055.3593608353451,313.4730774758452,200.02567800839643,374.67496403065303,1627.193120983319,489.00334019698664,1076.6723688015356,925.6930767115534,4071.6301901479,665.2123556863028,0.1092196218872324,0.8322076625882083,2011,327.2399449948003,23.709252858035715,-0.2598420556341347,56.72369973372437,,,,,,,,,,,,,,,,,,,,,,
Orange,366.9606762219772,0.9284827404961652,8603.283240064698,-615.2832400646985,414.489332,-31.92643204371714,19041.222528482176,-1466.6681387227654,452.1857923497268,76.03406326034063,991.588223512918,252.90065264684551,136.9063067739424,386.1076342145772,,,239.31132911822385,67.42866170873,50.99443591592126,22.6212284442191,0.7250393732121506,83.23452004475489,64.28682442481069,18.9476956199442,151.59867695700112,1.1161892457468652,128.20783609673674,178.8429752066118,186.7954911433174,116.54894046417763,,129.87307820420332,246.41835929292745,656.7598522514595,52.48408098232335,0.5389958951689295,290.9775817714076,1.5188512607663065,328.22523164647185,163.82806163828062,306.1599593283841,544.6673206272492,76.91140487672743,14322.0,657.9382579933848,1.1212240151325137,780.4110239961987,239.86212489862123,1295.0387125807868,112.606673229169,0.4422566680631197,13139.0,1183.0,1312.137725676125,213.8330151079317,1098.3047105681933,1052.177138405473,241.34143936321783,266.62114550921484,372.4768939981888,1659.431597915376,469.4641693713115,1012.9886140985182,1377.8475727562006,3515.929898691,450.3179589046098,0.09955432989958,0.7585621956447176,2011,750.3713919535375,35.695268352441566,-0.2195646221107423,159.50866210667314,,,,,,,,,,,,,,,,,,,,,,
Placer,246.38572746847123,0.6234043871248098,1284.8802744142931,-483.8802744142931,41.563089,-25.108063559083256,12784.709012611504,-7723.181654593438,324.1852487135506,48.96626768226333,590.7643312101911,217.98941798941797,157.89473684210526,343.8666735909128,,,159.2690835233816,88.43512454398008,54.09138685699752,17.171868843491275,2.14648360543641,127.07182944183543,104.3191032242095,22.75272621762594,74.43863426637958,0.5480760433007185,70.39934129271305,90.11627906976742,85.03401360544215,81.52173913043475,,97.39971311256107,101.98323125657676,784.0093500767482,63.05692788470913,0.6415441176470589,167.33312826822515,0.8734491890781734,201.11492281303603,81.61044613710555,233.53741627148136,412.2409900415675,63.142125664890976,1345.0,413.7188557366964,0.7050380653951756,525.3001715265866,130.57671381936888,1076.748854586184,101.02740106382556,0.4044609665427509,1225.0,120.0,1423.723667156798,195.11536828728632,1228.6082988695118,1395.643640254753,269.598340842813,405.68540142748145,342.57878342765093,2049.7782276693724,773.7015131471308,1383.5315973708236,1131.6848887826582,9219.949956902561,773.4983153857656,0.0702198063068955,0.5350454420579668,2011,664.5078645446164,37.88527539893459,-0.3122379175901169,103.88980650312224,,,,,,,,,,,,,,,,,,,,,,
Plumas,219.12350597609563,0.5544256006677492,99.2017683414296,-44.2017683414296,2.853895,-2.2935855574684405,11370.099601593623,-9137.791065611316,273.6842105263158,49.18032786885246,434.2105263157895,219.5121951219512,114.28571428571428,399.68453614750183,,,239.81072168850113,65.40292409686393,58.13593253054572,21.800974698954647,7.266991566318215,65.40292409686393,65.40292409686393,0.0,115.53784860557768,0.8506809338900337,118.94273127753308,76.92307692307693,0.0,166.66666666666666,,228.30920844434215,93.9734586225236,0.0,134.8573133330264,0.4761904761904761,167.33067729083663,0.8734363954118228,163.1578947368421,180.32786885245903,305.21364578536503,439.74551605678016,158.32714826706473,97.0,386.45418326693226,0.6585750346070659,436.8421052631579,229.5081967213115,1177.3831558939598,201.50727961262783,0.4329896907216495,83.0,14.0,1593.0009102862346,525.9431576818045,1067.05775260443,1824.014883145872,552.2913590401844,297.9466542190468,508.68940964227505,2695.2144532512334,877.9960040264498,1919.488530254284,1221.6549620928065,3872.0406926514142,809.1438799981586,0.1447325505544683,1.1028012688207622,2011,737.6376398371796,43.180131345563105,-0.1132470119521913,210.74275542322823,,,,,,,,,,,,,,,,,,,,,,
Riverside,551.3252226808603,1.394961331905041,7276.904217937856,2874.0957820621443,526.725239,149.1339560354226,28607.71447968716,8099.82381248222,667.1325739045357,147.45308310991956,1352.4590163934429,382.0058997050148,240.42248478338703,714.7253990990104,,,441.4666783913698,127.65216713294312,94.55976859323918,38.58432851012291,3.8725147227313146,216.4383683213829,179.40304570035252,37.03532262103039,178.6334998913752,1.3152409738076456,148.7296602911791,193.32509270704574,225.79439252336448,123.24492979719189,,177.90227030009788,254.84348880255703,654.7922996657046,61.43179567369278,0.6779525459877366,203.7258309797958,1.0634126290781205,228.24795583199383,118.20619059224956,264.10550409027564,451.15032948945185,66.61804769860741,13902.0,755.0510536606561,1.2867185693037289,895.3805297365295,265.6592737021691,1769.7911884319833,149.71891132264346,0.2698172924759027,12812.0,1090.0,2080.3915650746085,297.3656128399426,1783.025952234666,1296.377110453254,326.4177864469523,334.16281589241487,393.3066771123113,1976.5799340675344,563.5749478502809,1196.1452070273367,1318.2121639467302,2899.949340406887,498.45292439034273,0.1280693284792845,0.9758345127126457,2011,1318.6408589425314,83.10086362403605,-0.0065093293932231,231.5763804193326,,,,,,,,,,,,,,,,,,,,,,
Sacramento,460.6691067873885,1.165583514657418,6154.857125024236,1019.1428749757642,372.251686,52.88230463961743,23903.6592820908,3395.7686148858593,559.3456032719837,100.3584229390681,1160.5374823196605,284.41349758971614,163.0510846745976,749.6588865209688,,,514.4369526544089,110.97543037151782,73.04315049876737,23.5117437227792,1.880939497822336,244.41763807813575,184.75005734166055,59.66758073647521,140.24272779811213,1.032577775113812,113.93416426973477,133.83407306247867,165.0246305418719,187.72563176895315,,146.3251570610733,205.49611756641636,912.4417418491706,113.36286145395704,0.5633187772925764,249.9839465741989,1.3048717709250977,287.1165644171779,114.39665471923536,406.8054147234641,742.9817340456017,77.5559218463652,11067.0,710.6530533615874,1.2110578161032717,846.4621676891616,214.75507765830343,2190.4202233344404,145.59453735649234,0.3517665130568356,10348.0,719.0,2525.6249925727193,522.950472444963,2002.6745201277563,1627.3261555326244,443.2747416534638,390.1904491593668,447.9770903980197,2587.7355266972877,677.9562045473385,1284.2956983004156,1535.45440906131,5529.124584936765,603.8752427451171,0.1366984583389223,1.0415848592765058,2011,1447.4384892888388,68.03861551012716,0.0339002274264514,228.22065906911007,,,,,,,,,,,,,,,,,,,,,,
San Benito,286.5731462925852,0.7250864669253969,197.2178581767863,-54.217858176786336,7.420127,-2.813310442935266,14869.993987975951,-5637.896679228988,364.61126005361933,55.55555555555555,418.4782608695653,277.10843373493975,278.6885245901639,391.7182081821646,,,210.92518902116552,63.00362788943905,93.13579774960556,49.30718704390882,0.0,65.7429160585451,46.56789887480278,19.17501718374232,110.22044088176352,0.8115299766672598,69.89247311827957,127.94612794612794,272.7272727272727,199.99999999999991,,91.98567983457907,189.89200467428725,1028.2412716016856,48.30766173445819,0.689922480620155,258.51703406813624,1.349412971039193,294.9061662198391,150.79365079365078,353.36817381467995,615.8834728229499,105.51247688463384,272.0,545.0901803607214,0.9289142152902424,659.5174262734585,206.34920634920633,1377.3394028585972,144.3854946842358,0.4742647058823529,246.0,26.0,1494.1455355218734,351.9862078873644,1142.159327634509,1366.9047963839168,504.0290231155124,227.36091803580177,334.1931566309376,2088.4048669360027,699.7143203928349,1316.1028037870544,1484.1559312700872,3770.2179958728475,241.53830867229095,0.1051745392224661,0.8013858310230251,2011,761.4559300356473,38.87301779960194,-0.1879346929152423,150.66084930083252,,,,,,,,,,,,,,,,,,,,,,
San Bernardino,377.35444440473213,0.9547810198261514,11058.032973804218,-500.0329738042183,547.844062,-25.94621097772708,19580.544765717143,-927.345901487799,463.4706406110877,100.6024096385542,847.7771525042206,252.78766310794785,180.91116720759703,787.5218322332884,,,449.47968943339606,158.9514135716175,112.25803727136758,40.27863131331462,5.668844407059095,207.5095413215579,160.59239484734513,46.91714647421277,177.24007291182673,1.3049814633651715,149.7819693743028,186.14130434782584,217.97671033478886,108.7470449172577,,305.80135386503275,354.13069201428607,1017.3165726829114,76.07917419361046,0.7736711754619927,187.604989456378,0.9792647015182144,210.36599653217115,114.4578313253012,391.5232143770155,673.7545555742028,111.7825865300728,15807.0,564.9594338611101,0.9627743593337516,673.8366371432588,215.06024096385545,2158.1458575632573,210.03359679597892,0.332068071107737,14379.0,1428.0,2202.482970242228,415.17165704519743,1787.3113131970306,2086.9552324356105,530.1861321760006,628.7941888356337,620.5146923990079,3202.77310345242,976.6268086311624,2041.643297537636,1902.4831337409848,4667.088383526948,699.5976235629829,0.1406279006727507,1.0715255600718885,2011,1484.3913019890545,98.2510102659061,-0.1280020288548966,369.8920975606059,,,,,,,,,,,,,,,,,,,,,,
San Diego,399.3064522079168,1.0103239204288437,10713.395754705709,110.60424529429292,561.646536,5.739143684075565,20719.612498616592,211.7218314116508,495.31083824809053,90.01713128796138,859.3587069864442,330.3212851405622,178.98423817863397,503.30817825820367,,,306.56973570365267,91.78957352935087,71.28339220896399,17.158233349711487,3.533945080157379,172.93081254085914,141.3113039289247,31.61950861193445,124.72793005496736,0.9183455750811704,95.48730267673302,142.7910741126142,158.26190950767403,133.89355742296908,,103.17415729606545,190.49324519054943,747.5377256977469,75.32773385361759,0.549769677548568,184.19596414210352,0.9614701952712086,204.72783525089432,118.0501479520324,232.17089191086572,387.611166395599,70.32364774139072,15817.0,583.5024163500203,0.9943743415906836,700.0386734989848,208.06727923999375,1325.3830697933106,123.94774852572294,0.3156730100524751,14481.0,1336.0,1668.7244152023438,351.5843812095729,1317.140033992771,1260.4559116819223,356.74245598641335,277.8796815660592,398.2663106782625,1893.299784665729,595.7099500626251,1080.5013274419937,1334.069698504503,4723.421624465482,562.5941628816214,0.124200730864095,0.9463574231274496,2011,937.7719033977116,53.624100784332235,-0.1849313923266522,157.2140567896329,,,,,,,,,,,,,,,,,,,,,,
San Francisco,156.3770794824399,0.3956647911255044,3207.260358927096,-1938.260358927096,65.847141,-100.57439176436807,8114.250277264325,-12393.640389940618,182.84765212139516,38.8739946380697,473.9173228346457,123.17666126418152,63.52941176470588,204.47117966776503,,,155.16607251383587,24.491425775807947,17.40180252491617,0.4833834034698936,0.1611278011566312,33.19232703826603,26.263831588530888,6.928495449735142,51.879235982748,0.381975927784196,29.69993945387615,22.08265511085236,170.21590570057361,150.50706376541038,,28.891815327536175,53.882421465165585,674.9967581574263,28.57016407199138,0.8478552278820375,183.85705483672217,0.959701148932208,205.34500981428351,88.47184986595174,240.40267932569375,419.54095206733626,43.435972362485906,2761.0,340.234134319162,0.5798092412651604,388.1926619356787,127.34584450402144,793.1174910037658,62.52147537024486,0.5403839188699746,2571.0,190.0,1934.188932891776,671.303348040998,1262.8855848507778,1307.5521063860624,327.41169195027464,198.8317066272829,273.9172619662731,2043.1027393690945,490.95811185476487,972.7903779873023,2440.033646075714,3965.532805992945,189.82606767561825,0.1219587488619834,0.929274461574364,2011,373.5765389364296,19.085503007758955,0.2750635641139631,67.83480428694175,,,,,,,,,,,,,,,,,,,,,,
San Joaquin,436.0565819861432,1.1033089823743825,2738.1268966909333,282.87310330906666,156.756669,14.67800245760416,22626.53998267898,2118.6493154740383,531.4866112650046,94.5142101784534,1004.3520309477756,269.7724810400867,187.4476987447699,681.3626825732777,,,468.4509406503468,112.31996554832584,50.52143028679715,9.247226079279836,0.9021683979785208,152.46645925836998,126.75465991598216,25.71179934238784,140.15588914549653,1.0319384003375256,98.9564591579705,151.54109589041087,178.6743515850144,221.17647058823525,,160.689219203213,220.13669494857336,749.6364818254443,119.9797936357514,0.6680997420464316,167.86951501154735,0.8762490325451291,189.6583564173592,89.8876404494382,262.30546171225484,463.9089309012021,60.79445712698069,4184.0,603.9260969976905,1.0291793114208394,721.1449676823638,184.4018506278916,1763.938047876528,124.71804072373244,0.277963671128107,3905.0,279.0,3395.5267456663814,820.9472756920886,2574.5794699742933,1562.5556652987975,466.4210617548952,416.3507156670873,269.52280889608306,2446.024207234673,676.3383355376601,1623.8376006026508,1452.653444632395,4195.5461160230525,542.4618329275994,0.1511364658610453,1.1515964147534383,2011,1300.029116975326,63.92358359675175,-0.0012048741947245,219.0013786092859,,,,,,,,,,,,,,,,,,,,,,
San Luis Obispo,301.3519406890536,0.7624797256901642,906.2536048083588,-215.25360480835877,35.855299,-11.169294299900928,15636.850850414306,-4871.039816790635,374.0803621958121,57.034220532319395,736.6666666666667,257.7962577962578,102.96191819464036,362.60931631745296,,,231.9440199888773,65.07026805117825,38.30749651400009,13.119005655479484,1.5742806786575383,108.62536682737012,77.13975325421937,31.48561357315076,122.54688181421716,0.9022869745732583,102.99625468164793,144.8412698412698,246.03174603174608,196.7213114754098,,120.48139222130902,197.3776310970408,649.8387500641938,101.20382538293713,0.5318791946308725,259.9215002180549,1.3567440347229358,286.92699490662136,169.20152091254752,312.75709482663086,511.4934997894202,97.45110058947672,1287.0,561.2734409071086,0.956492882661092,661.0073571024335,226.2357414448669,1178.3518890612286,130.29978618143514,0.4630924630924631,1168.0,119.0,1429.420955237332,251.1644055714175,1178.2565496659145,1203.2751987205784,314.8561357315076,252.4096688114253,372.0550003893982,1782.6607773725946,575.9469540456713,1169.7647899305282,1362.716795519296,2641.2800809060777,514.4527790299304,0.1524227893912715,1.1613976599868912,2011,666.8583892718083,32.84868559195844,-0.2078909752765583,147.4576235675894,,,,,,,,,,,,,,,,,,,,,,
San Mateo,322.95973884657235,0.8171517081378014,1816.064245134936,-332.0642451349361,77.003276,-17.2304816158067,16758.057889009793,-3749.832778195149,380.7314410480349,95.59613319011817,875.5595344673231,217.58839528558477,116.9250645994832,297.5533650316642,,,196.0964898928353,48.12183801051174,36.29188616626093,14.236043744776389,2.2055842421484546,85.81727778541259,67.57108087309355,18.246196912319032,133.18824809575625,0.9806371214342116,117.94500723589002,130.86582947785854,187.18592964824126,112.8318584070796,,78.9742840548416,156.85948281972043,1053.2394176199693,67.12146435808855,0.651697699890471,198.6942328618063,1.0371485811791263,218.3406113537118,121.37486573576798,183.06349209832172,325.40773403941364,43.14899282033137,2397.0,521.6539717083787,0.8889754525789739,599.0720524017468,216.97099892588616,892.8374702706411,77.13359778501714,0.3808927826449729,2195.0,202.0,1355.1282669994278,217.3058759453702,1137.8223910540578,921.3326902429226,223.9670544072567,221.15994718997683,310.3858551678007,1490.3674219005145,355.5018789002523,669.5856476306202,1198.6282702335204,5626.7018552046675,594.8804292128634,0.0643246472037631,0.4901268047926889,2011,567.4297362312276,33.984604964685765,-0.0595803075850088,122.71068692680493,,,,,,,,,,,,,,,,,,,,,,
Santa Barbara,414.03926234384295,1.0476008299632589,1328.7503791389893,63.249620861010726,72.229488,3.281959576856986,21484.083283759668,976.1926165547266,488.3195177091183,135.59322033898306,791.1153119092628,306.9016152716593,245.73378839590444,483.0155720842428,,,290.43393235237875,72.52173460172898,74.95069221996872,27.759515637025448,2.081963672776909,111.0380625481018,80.15560140191099,30.88246114619081,149.31588340273646,1.0993815158466025,111.67883211678831,171.98581560283682,213.90374331550805,159.29203539823004,,108.6477973670386,245.27662084533205,694.8764297333084,78.36481481258966,0.7533783783783784,264.128494943486,1.378703799471335,296.91032403918615,141.24293785310735,308.1306235709825,536.3733623059409,70.33176929837056,2280.0,678.1677572873289,1.1556980712417486,785.2298417483045,276.8361581920904,1418.530567316727,137.85026782480628,0.3894736842105263,2084.0,196.0,1509.956791283111,389.1132819838437,1120.8435092992677,1166.5936446459943,367.1195942996616,236.3028768601791,305.0076780618171,1806.5163750761003,497.9489266324635,972.8593620447248,1426.144475842962,3248.5473090032165,491.9568929901464,0.1476565367823363,1.12508081623255,2011,882.157205010786,67.51849852643574,-0.2979808204415846,174.1909606223347,,,,,,,,,,,,,,,,,,,,,,
Santa Clara,430.37753945418086,1.088939886950433,4532.8489287165585,403.1510712834415,256.124104,20.919105937826497,22331.860144737988,1823.9694775330463,521.4717188358045,79.52622673434855,1059.8580684973772,300.8709422011085,143.81067961165047,399.9191935575126,,,278.3068131827503,61.57588879734797,38.40390959203018,12.477219572094194,1.2963345009967993,131.82101457011203,88.31278788040694,43.50822668970507,153.80591158775832,1.1324406511492358,107.0223857712358,167.391304347826,218.40000000000006,151.59944367176632,,78.88318421206331,293.1477206986296,811.7889486273306,49.21058772181262,0.7168374816983895,297.75917691167496,1.5542499820908022,327.51235584843494,183.1641285956007,276.68639505650435,480.8517854510844,70.41262162159086,8351.0,728.1367163658557,1.2408525614227732,848.9840746842394,262.6903553299492,1246.4736088319526,100.98438343419843,0.4089330619087534,7730.0,621.0,1524.4805663337322,252.73263003077204,1271.7479363029602,929.2287744957682,262.5887573581642,204.6588093448697,267.0449072053407,1468.1943348531602,384.4236432181081,737.0718158038352,1751.2720976801256,3716.9823655097543,324.6092896512227,0.0871449970360957,0.6640082893213471,2011,765.6218233808681,30.571761812607583,0.0099661999290028,142.92087873489714,,,,,,,,,,,,,,,,,,,,,,
Santa Cruz,198.000768935025,0.5009809183203424,1027.9832647651729,-512.9832647651729,26.722835,-26.618188625400055,10274.061899269513,-10233.828767935427,234.56199138343703,48.828125,621.1072664359862,109.21501706484642,54.02298850574712,270.9965386073787,,,188.90826671854165,33.677239749266484,24.73172294086757,7.366896195152042,1.5786206132468663,53.14689397931116,46.832411526323696,6.314482452987465,51.51864667435602,0.3793209843754709,35.2112676056338,66.53225806451613,107.91366906474815,60.00000000000003,,42.690703050722334,117.5409219990605,801.4804212710377,20.140155759099976,0.6062992125984252,146.48212226066897,0.764610643613519,166.5868836764002,64.453125,200.484817882352,367.3008135160854,35.196882400748464,896.0,344.482891195694,0.5870497508214156,401.1488750598373,113.28125,884.4772463404585,61.86118724980034,0.4252232142857143,838.0,58.0,2240.733468265716,441.42524846690634,1799.30821979881,1368.6640716850332,304.14757148556293,308.35722645422123,457.7999778415912,2204.860343204318,546.0849633085821,1212.4159666405146,1766.6756761070912,7427.051903778285,335.6692626516661,0.1415416499846918,1.078487946188435,2011,517.1764328243731,26.664304849051867,-0.1471150870678256,70.51172072502669,,,,,,,,,,,,,,,,,,,,,,
Shasta,753.5171637591445,1.906546740705204,702.3169017638263,636.6830982361737,69.479371,33.036849284376814,39099.25211029826,18591.361443093316,959.7791798107256,239.68565815324163,1739.4736842105262,674.6411483253588,700.26525198939,1135.475979373804,,,560.5299644257539,239.13683807573767,223.8727845815416,85.64830016187767,12.720044578496683,341.7451976756109,275.60096586742816,66.14423180818275,224.5357343837929,1.6532094938806785,212.69412559081695,406.25,179.24528301886795,276.59574468085106,,323.09829063024887,408.44657378796467,2070.993901955739,260.9195664595577,0.7222222222222222,131.68261114237478,0.6873598259254229,160.8832807570978,58.93909626719057,198.43269542454829,348.9380997774422,49.91598856180094,1573.0,885.1997749015195,1.5085112223698325,1120.6624605678232,298.6247544204322,2430.5933322732617,252.9076753797914,0.1487603305785124,1421.0,152.0,2376.2487688194738,732.7986492190797,1643.450119600394,1506.9012810659071,322.241129321916,354.4652422541076,319.69712040621664,2168.88975744018,846.9079392652226,1519.074820391742,1005.4069508626824,11553.965979332017,943.3245864307086,0.1766777133388566,1.3462099969634416,2011,2081.6552324958193,202.99168681799048,-0.2600427070404946,338.3531857880118,,,,,,,,,,,,,,,,,,,,,,
Sierra,361.1111111111111,0.9136821893832652,14.228142072874364,-1.2281420728743644,0.674557,-0.0637270640193779,18737.69444444444,-1770.1962227605,393.93939393939394,0.0,461.53846153846155,428.57142857142856,166.66666666666666,592.4866749607072,,,273.45538844340325,136.72769422170165,45.57589807390055,45.57589807390055,0.0,91.1517961478011,45.57589807390055,45.57589807390055,138.88888888888889,1.0226097433256631,156.25,0.0,****,0.0,,251.1078389617816,0.0,0.0,0.0,0.6666666666666666,166.66666666666666,0.8699703779697125,151.51515151515153,333.3333333333333,273.45538844340325,436.1379601230611,91.15264974007216,19.0,527.7777777777778,0.899411323035824,545.4545454545454,333.3333333333333,1570.0966564430198,91.15264974007216,0.3157894736842105,18.0,1.0,1478.4523435042463,157.28216420257942,1321.1701793016673,1640.7323306604198,592.4866749607072,319.03128651730384,273.45538844340325,2878.510536812202,273.45794922021645,1607.0901693554022,1982.6532082484568,0.0,2086.9869554274173,0.1703078450844091,1.2976742752732322,2011,1133.9586963199586,0.0,4.555555555555555,227.87949036950275,,,,,,,,,,,,,,,,,,,,,,
Siskiyou,384.7487001733102,0.9734899423478278,228.0454993346808,-6.045499334680784,11.519358,-0.3136949149772512,19964.225303292897,-543.665363912045,457.88336933045355,87.71929824561403,839.7435897435897,494.7368421052631,169.9346405228758,742.9454581198686,,,438.4047523139766,157.29025464699922,87.01163023025488,6.693202325404221,6.693202325404221,167.33005813510553,140.55724883348864,26.772809301616885,90.12131715771233,0.663544346449096,84.66819221967964,101.6949152542373,171.42857142857136,65.21739130434783,,153.39581554846134,212.38607473575416,1588.1411702927578,117.2968703333255,0.8333333333333334,166.3778162911612,0.8684626303475814,190.0647948164147,70.17543859649122,321.27371161940266,574.7896222077367,53.30895607170424,318.0,551.1265164644714,0.9392010240001928,647.9481641468683,157.89473684210526,1959.5100757081932,119.94515116133452,0.3018867924528302,300.0,18.0,1410.0558659217877,346.36871508379886,1063.6871508379888,1930.988870879118,522.0697813815293,317.9271104567005,512.0299778934229,3024.177216842978,759.6526240217853,1811.728956612908,2088.463068234916,9264.156826707758,1798.5520117776578,0.1948500132731616,1.484675292767104,2011,1384.7204535004564,66.63619508963029,0.1696995956094744,174.02326046050976,,,,,,,,,,,,,,,,,,,,,,
Solano,315.359477124183,0.79792155000439,1693.1489066720494,-342.1489066720494,70.102039,-17.75376461830597,16363.687908496737,-4144.202758708207,384.9410341699425,79.83623336745138,741.5637860082305,196.4117091595845,151.30260521042086,478.24076714440383,,,318.94517483131597,73.62996266916062,53.45252097616949,16.283549436448983,3.185911846261758,81.41774718224492,68.32010959205769,13.097637590187226,105.50887021475256,0.7768396705599996,68.29823562891293,150.50167224080272,123.27947336923998,139.53488372093022,,97.63628773697113,144.97190169237135,500.8079445489325,63.859180413051845,0.7260981912144703,180.67226890756305,0.9430771324209488,205.32204414877535,97.23643807574209,273.9884187785111,486.9679891203962,67.00347730669364,2125.0,496.031746031746,0.8453113938306616,590.2630783187178,177.07267144319343,1399.94332071136,122.01685867429474,0.364235294117647,1952.0,173.0,2375.2825558765576,435.6497878564435,1939.6327680201143,1516.4940388205966,430.0980992453373,374.87562724346685,353.2822247299149,2371.7277467174526,689.0778666172599,1429.557979615485,963.2577468004228,4062.379006511,457.6574596268716,0.0989954588130054,0.7543038326087552,2011,912.9753315909638,55.0133813676011,-0.1920885351933267,160.00357272336825,,,,,,,,,,,,,,,,,,,,,,
Sonoma,253.3044420368364,0.6409100968081562,1823.9687685087551,-654.9687685087554,60.658241,-33.985674429150805,13143.714192849404,-7364.176474355538,308.51362742343355,67.23484848484848,648.3126110124334,262.1809744779582,55.58524853019776,349.3687238371173,,,218.16866415833672,67.54262753395082,31.081563112968517,9.56355788091339,0.5977223675570869,65.45059924750102,57.381347285480345,8.069251962020672,85.37378114842905,0.6285892350739419,60.17287234042553,132.45033112582783,138.03680981595096,125.00000000000006,,78.90192509200334,183.3494880260204,860.8995223090394,118.5396156938924,0.478125,208.01733477789816,1.0858135161658815,240.79797695982015,97.53787878787878,286.9067364274017,519.7373813962088,60.61201375661481,2129.0,461.32177681473456,0.7861604771940206,549.3116043832538,164.77272727272725,1185.6319493927515,102.39311061797063,0.4509159229685298,1955.0,174.0,1169.6291104035322,349.8609395266805,819.7681708768517,1379.244363137978,336.51769293463997,257.61834041710443,559.1692748496548,2158.3959631144776,621.420257543546,1311.2540921367186,1384.288634596454,6236.738761616596,948.3169255511388,0.1070909331218609,0.8159879479325703,2011,665.894567996543,41.78109686135584,-0.1186857016845798,117.75130640874612,,,,,,,,,,,,,,,,,,,,,,
Stanislaus,298.43077350368003,0.7550885977315857,2846.023640743564,-697.0236407435641,111.509461,-36.1678596945428,15485.274406332454,-5022.616260872488,358.6011006568436,82.2704081632653,663.8089406001225,318.07511737089203,169.19431279620852,643.9967218681135,,,324.84525198000694,162.42262599000347,106.98316877939344,54.540438985573125,2.097709191752813,177.7059358156311,143.84291600590714,33.86301980972397,104.42994028607136,0.7688957359064673,98.2367758186398,100.36496350364963,138.1578947368421,150.00000000000006,,209.16862707888137,211.54580854723216,1088.9287331144035,149.0383297460775,0.763063063063063,154.14525760311068,0.8046108481153015,175.57251908396944,77.16836734693877,332.63674326366026,598.6941482754629,71.57459587538514,3259.0,452.5760311067907,0.7712564341491679,534.173619740813,159.43877551020407,1821.507272154568,147.88139643674617,0.3405952746241178,3009.0,250.0,2711.293617070522,479.1102898771557,2232.1833271933665,2157.943412830286,489.3655871617632,510.6423518209703,632.3094849426334,3409.953627134158,927.512118451272,2129.2293577004075,2107.7655106160582,7881.769877780443,993.5888649738496,0.1605372416453025,1.2232263792849956,2011,1222.8131238791052,76.30680056136103,-0.175124199994702,225.35390174258785,,,,,,,,,,,,,,,,,,,,,,
Sutter,309.35251798561154,0.7827227610211924,439.49149958434145,-95.49149958434144,17.849816,-4.954958421931893,16051.992805755395,-4455.8978614495445,384.2424242424242,94.0766550522648,546.9613259668508,198.11320754716985,260.66350710900474,566.6285566986098,,,326.14085530908363,103.77209032561753,90.594682030301,36.2378728121204,4.941528110743691,44.47375299669322,32.94352073829128,11.530232258401949,171.76258992805754,1.2646519055948309,163.6363636363636,180.21201413427562,170.45454545454538,209.8765432098765,,337.83482419052234,312.31474180494627,1245.8986615503786,151.67670755933705,0.845679012345679,145.68345323741008,0.7604417332612956,170.9090909090909,73.17073170731707,266.8425179801593,465.2738591569742,68.46980958750963,506.0,455.0359712230216,0.7754485356124844,555.1515151515151,167.2473867595819,1511.3150886091787,156.50242191430772,0.3201581027667984,458.0,48.0,1931.8098394353492,359.7235477341611,1572.0862917011882,1831.6597530489948,596.277725363072,523.8019797388313,347.5541437889729,2722.347048258892,935.7540643626317,2064.5461478309703,1733.0406260941131,7309.2721477622235,722.6949007239001,0.136040790768405,1.036573708512906,2011,1046.0412294522043,88.0326123267981,-0.3441792020928712,314.6106230506817,,,,,,,,,,,,,,,,,,,,,,
Tehama,414.65766634522663,1.0491655138085414,409.8495369325199,20.150463067480075,22.31227,1.0455873781084737,21516.171648987463,1008.2809817825218,525.691699604743,111.51079136690647,1090.9090909090908,306.3829787234043,244.5414847161572,1056.31254019149,,,501.134321393172,176.870936962296,275.132568608016,66.326601360861,58.956978987432,257.936783070015,206.34942645601205,51.587356614003006,178.39922854387655,1.3135160830373998,147.41035856573708,284.36018957345976,322.58064516129036,95.23809523809524,,369.207130021515,731.0198367759577,4428.556234241101,181.0196186072649,0.6263736263736264,175.5062680810029,0.9161115262709028,205.53359683794463,93.52517985611512,447.090423988026,763.1652466726438,125.92921747156618,612.0,590.1639344262295,1.0057265527648214,731.2252964426877,205.0359712230216,2715.1071275853674,276.0755921492028,0.2973856209150327,555.0,57.0,1736.73155898304,545.4716448791498,1191.2599141038904,2547.4328004152912,459.373127943741,577.287085918605,1125.0956823434942,3713.0924501572863,1346.4739406575154,2504.6213414973045,2570.753092662118,13728.524326147415,1900.7059953762816,0.1970537118265331,1.5014665505142128,2011,1951.9418809127235,150.14637467763663,0.349845911080241,454.46004636145506,,,,,,,,,,,,,,,,,,,,,,
Trinity,123.07692307692308,0.3114088408785567,128.44850482456025,-88.44850482456025,2.07556,-4.589504466841606,6386.338461538461,-14121.55220566648,156.0,13.333333333333334,436.61971830985914,78.94736842105263,27.3972602739726,426.21110273165493,,,330.3136046170326,31.965832704874117,42.62111027316549,21.310555136582742,31.965832704874117,106.55277568291372,63.931665409748234,42.62111027316549,46.15384615384615,0.3398210839359127,39.145907473309606,93.75,0.0,125.00000000000004,,140.3581483906839,462.64122374405366,0.0,115.2178714785728,0.2452830188679245,163.07692307692307,0.851232554444211,172.0,133.33333333333334,564.7297111194428,829.058604765336,214.52875364471112,93.0,286.15384615384613,0.4876484387893017,328.0,146.66666666666666,1580.9954788548266,235.98162900918223,0.5698924731182796,82.0,11.0,1106.6027296200664,250.82995204721504,855.7727775728514,3462.965209694696,756.5247073486876,404.9005475950722,1555.6705249705406,4820.108167240326,1608.9656523353333,3585.5126997983803,4934.839719936572,12676.234802707082,921.7429718285822,0.1874701099952176,1.4284435282641468,2011,751.9368740894909,21.45287536447111,-0.5304347826086957,159.8291635243706,,,,,,,,,,,,,,,,,,,,,,
Tulare,398.2287601320925,1.0075971473525729,2632.9967358191393,20.003264180860697,137.661517,1.0379493750806807,20663.692134494147,155.8014672892059,494.09913453973246,89.35361216730038,961.4935822637108,313.5205747877204,156.4625850340136,964.8582180940632,,,599.3540683825919,174.569146130852,108.74203061067657,35.277514947276345,3.6368572110594166,244.03311886208684,204.75506098264515,39.278057879441704,99.66976883818674,0.7338475924484136,86.89390302448395,105.3677932405566,104.51977401129946,109.45273631840796,,185.3832981378957,266.9700614039035,986.4138754956936,149.0831811120351,0.5307898259705489,224.25697988592017,1.170581577322201,254.91738788355627,125.47528517110266,543.3464673322769,936.4280881778418,144.57108075111373,4147.0,622.4857400180126,1.0608076856852235,749.0165224232887,214.82889733840304,2751.480061559585,247.52321401327043,0.3602604292259465,3808.0,339.0,2453.42064526188,424.3092445959039,2029.111400665976,2422.8742740077832,623.357325975584,556.8028390131967,695.0034130334545,3673.4570989939416,1152.1877041679668,2133.444254260976,2533.696997852143,9437.581403391228,1362.078154705412,0.2052412383154246,1.563852064801513,2011,1815.0519733817428,102.95213326215676,-0.2341281833879932,241.4873188143453,,,,,,,,,,,,,,,,,,,,,,
Tuolumne,293.5034802784223,0.7426215760220222,340.68495741160285,-87.68495741160285,13.127917,-4.549884755130661,15229.602088167054,-5278.288579037888,382.4959481361426,69.38775510204081,984.7328244274808,235.2941176470588,160.0,669.7258939525206,,,341.48079177816265,95.29696514739425,148.23972356261325,45.00134465293616,5.294275841521902,187.94679237402752,172.0639648494618,15.882827524565704,96.28770301624132,0.7089461515213648,94.91059147180192,72.91666666666667,76.9230769230769,230.76923076923072,,225.7943125725045,165.2296539606952,92.35661312986856,316.0263020625624,0.575,139.21113689095128,0.7266573922716857,150.72933549432742,110.20408163265306,317.6565504913141,452.4779521443585,155.1743864703934,373.0,432.7146171693735,0.737409649879414,533.22528363047,179.59183673469386,1600.70157263972,252.87677795175225,0.3217158176943699,329.0,44.0,1590.278160792749,194.8780173919438,1395.4001434008053,2281.8328876959395,346.7750676196846,405.0121018764255,926.4982722663328,3001.9236179899917,1408.0638772313473,2379.021235365374,2266.006682889534,1200.6359706882915,1369.4473089377705,0.141387010129122,1.0773096554150092,2011,1148.2236204953615,97.7023914813588,0.0135547685920138,219.71244742315892,,,,,,,,,,,,,,,,,,,,,,
Ventura,262.79683377308703,0.6649277163086331,2995.814358677436,-1003.8143586774358,103.362888,-52.08692325741347,13636.264907651715,-6871.625759553226,323.16655243317336,60.779816513761475,637.3512674599069,195.36631183469007,119.89795918367346,360.1308588900944,,,222.7315352171668,56.406038139412374,50.98238062600734,14.824663869973763,0.5423657513405036,82.43959420375654,68.51887325268363,13.920720951072926,83.11345646437995,0.6119469387500276,66.56050955414015,94.22880490296228,101.74418604651164,94.44444444444444,,74.96123136769594,173.03390333419443,362.8950964376677,33.0586117698655,0.6392045454545454,185.75197889182056,0.9695923157108354,208.3618917066484,110.09174311926606,254.55032596247636,442.2921889607705,68.98392343988161,3400.0,448.5488126649077,0.7643934588222806,531.5284441398218,170.87155963302752,1128.2815544048603,107.0687978389829,0.4141176470588235,3102.0,298.0,1071.529664002698,205.3684888854092,866.161175117289,1370.3774650536725,349.46433244706446,288.71936829692805,425.2147490509548,2122.711525308435,626.6039712455912,1126.2118014094026,1836.3164375520453,3566.7403764159335,350.0323599162229,0.0884102767976941,0.6736491898731471,2011,685.9893654440898,38.084874399101295,-0.2082456236200784,113.89680778150576,,,,,,,,,,,,,,,,,,,,,,
Yolo,485.082304526749,1.2273537102399137,768.3196719352158,174.68032806478425,48.931327,9.06398754295359,25170.435699588477,4662.545032383536,584.5539280958722,147.05882352941177,971.5536105032822,476.61469933184856,386.4915572232646,656.185990915926,,,308.9571367621115,148.91177312408075,143.34497786710577,49.40530790565296,4.870945849853109,192.0544363656369,172.57065296622443,19.483783399412435,198.04526748971193,1.4581657451125198,179.31793179317938,221.52886115444616,194.85294117647058,221.3114754098361,,221.46557651429345,362.0209859414908,1380.9400962285206,99.82828998196852,0.7017543859649122,205.2469135802469,1.071352409907146,231.0252996005326,117.6470588235294,277.6439134416272,504.03882476780586,71.49708962930835,1342.0,690.3292181069959,1.176422997577072,815.5792276964048,264.70588235294116,1779.3877819612742,160.86845166594375,0.2973174366616989,1225.0,117.0,1691.090778348087,282.17907709092714,1408.9117012571598,1352.7312474449204,318.00317905469586,312.43638379772085,370.8877339959582,2181.7473049027217,607.725261849121,1235.0442273097706,1634.1933238626448,7087.088795738823,451.0759769555613,0.2048592454152552,1.56094143928311,2011,1275.3489571934683,89.37136203663543,-0.1840534979423868,267.90202174192103,,,,,,,,,,,,,,,,,,,,,,
Yuba,333.5837716003005,0.8440326021558175,526.0460305276605,-82.04603052766049,23.038716,-4.2572864780497754,17309.328324567996,-3198.5623426369457,409.1796875,81.43322475570032,639.8210290827741,243.33333333333337,188.0,946.9246537956936,,,609.9559706882171,155.6880624483911,100.23751965855315,27.725271394918963,8.530852736898142,132.2282174219212,104.50294602700224,27.725271394918963,153.26821938392186,1.1284817362860513,146.96485623003196,168.31683168316832,172.1311475409836,161.76470588235298,,469.5503998948377,328.5267620596557,1443.1642637119207,193.17070641353888,0.8309178743961353,311.04432757325316,1.6235961073454288,350.5859375,179.1530944625407,882.9432582689577,1512.2786955038264,233.86682045053257,858.0,644.6280991735537,1.09854153766185,759.765625,260.58631921824104,3277.305919504114,340.16992065532,0.4825174825174825,778.0,80.0,2220.415139068831,469.994762521708,1750.4203765471234,2838.641248202857,953.3227933483674,639.8139552673606,533.1782960561338,4313.574886339605,1305.4020705147907,3194.9842427627004,1951.8354687073656,8384.097151088301,1194.1461851018764,0.1815379585736637,1.3832430250638352,2011,1765.0272240002878,106.30310020478753,-0.0907144497689609,435.0734895818052,,,,,,,,,,,,,,,,,,,,,,
Alameda,303.55184341516934,0.8949689664012954,4020.2511316875,-422.2511316875002,202.920004,-23.81411932491164,17119.716864928723,-2009.121684376241,368.69491345439127,51.72413793103448,1076.231691078562,77.83251231527095,14.076576576576576,333.96388586194803,,,300.0848368514947,21.9981770287053,4.640965617870316,1.0210124359314696,0.278457937072219,58.01207022337896,12.437787855892449,45.57428236748651,57.62254281616472,0.6671656403004338,23.576961940047152,60.31746031746034,78.46124547705199,44.025157232704416,,18.65452878660285,64.74394196898254,308.64428745870384,14.67681063919008,0.6929637526652452,276.9762929216234,1.3800723855878858,319.6347031963473,112.06896551724138,304.725802469365,567.8228932324992,49.88423068009502,6881.0,580.5281363367927,1.0753054721935318,688.3296166507386,163.79310344827584,1222.7999979844053,72.90772176321579,0.4771108850457782,6482.0,399.0,3325.739253467521,772.985084031839,2552.754169435682,1100.1873093723366,278.82921432164864,282.6348061283023,329.6941974935073,1776.4744802559603,445.1208276070017,791.2185138203411,1073.386406327868,3933.7163918583838,333.37327023303175,,0.869510509142086,2012,654.9771047519062,23.023491083120778,0.0689438577216441,63.39559034010853,126.3051532502526,227.3809523809525,456.8653589792421,225.5166217430369,99.93497564251528,244.06762334359863,1797.178751488909,75.18121368238184,70.72316024211537,6.9786535303776684,156.7909454061252,33.825944170771756,6.193693693693694,125.63788933317092,3.1063440350242315,43.71789612033838,9.560389172812853,2.0420248718629392,0.1080836341381162,,,
Alpine,90.9090909090909,0.2680293890230569,7.461868294703877,-5.461868294703877,0.112796,-0.3080384480847093,5127.090909090908,-14001.747640214056,100.0,0.0,400.0,0.0,0.0,256.73940949935815,,,256.73940949935815,0.0,0.0,0.0,0.0,0.0,0.0,0.0,0.0,0.0,0.0,0.0,****,0.0,,0.0,0.0,****,0.0,0.0,0.0,0.0,0.0,0.0,0.0,0.0,0.0,2.0,90.9090909090909,0.1683898450530436,100.0,0.0,483.3274163829891,0.0,0.0,2.0,0.0,3616.6365280289338,723.3273056057865,2893.3092224231464,2824.1335044929397,641.8485237483955,1026.9576379974326,898.5879332477535,4833.274163829891,547.6423804758018,2495.8402662229614,5714.285714285714,****,3496.5034965034965,,1.1538349133834764,2012,483.3274163829891,0.0,-0.5454545454545454,0.0,66.66666666666667,0.0,****,200.0,166.38935108153078,0.0,****,699.3006993006993,0.0,0.0,0.0,0.0,0.0,0.0,0.0,0.0,0.0,0.0,0.1434262948207171,,,
Amador,273.9130434782608,0.8075842025781671,156.02088252562652,-30.02088252562652,7.106148,-1.6931177326802844,15448.147826086955,-3680.6907232180074,390.4761904761905,20.689655172413794,817.2043010752689,293.10344827586204,146.55172413793102,495.8872840332166,,,299.10661576606714,66.90542721083081,66.90542721083081,55.098587114801845,3.935613365342989,212.52312172852135,51.16297374945885,161.36014797906253,100.0,1.15782054677614,98.2658959537572,80.64516129032259,80.0,185.18518518518513,,172.62388302193338,143.0615164520744,226.75736961451247,374.251497005988,0.5476190476190477,182.6086956521739,0.9098728832691128,225.3968253968254,89.6551724137931,330.5915226888111,495.8492924013237,117.2213158729603,210.0,456.5217391304347,0.8456098740707191,615.8730158730159,110.34482758620688,1354.8558130402364,144.2723887667204,0.4,194.0,16.0,1639.6589070768557,356.4475884949686,1283.2113185818866,1810.3821480577749,366.01204297689793,228.26557518989335,456.5311503797867,2199.894747977703,1307.4685231984035,1756.7018683996753,1773.962804005722,2834.4671201814062,2020.958083832336,,0.7122891183514328,2012,859.0065206389129,27.05107289376007,-0.447972972972973,181.03821480577747,242.7745664739884,241.9354838709678,400.0,629.6296296296294,426.4825345247766,429.1845493562232,1133.7868480725624,1272.4550898203593,133.33333333333334,27.58620689655172,268.81720430107526,120.6896551724138,51.72413793103448,293.3192997303605,36.0680971916801,98.39033413357473,27.54929355740092,23.613680192057934,0.0885403864116808,,,
Butte,356.56836461126,1.0512788100287729,885.5880962487194,45.41190375128065,52.506538,2.561140547764726,20109.74262734584,980.904078040876,455.4865424430642,75.11045655375547,925.3968253968254,232.47863247863248,122.0,617.0221226621424,,,386.3844226767228,90.13427355752025,80.85574539718728,39.10236867568893,5.302016091618838,100.07555372930555,27.8355844809989,72.23996924830666,120.64343163538872,1.3968344398103565,104.5498547918683,148.01444043321305,268.4563758389262,151.26050420168067,,190.24300020257357,192.28063593303008,1728.6084701815041,131.2910284463895,0.7537942664418212,227.11604749138257,1.1316368710134257,274.3271221532091,92.7835051546391,393.0119427912463,699.4127940291219,83.8790499374356,1524.0,583.6844121026426,1.0811518048522493,729.8136645962733,167.89396170839456,1860.7019614737017,151.7811379820263,0.3891076115485564,1410.0,114.0,1892.2806890561665,309.42385639837886,1582.8568326577877,1730.4455019020986,417.5337672149835,387.70992669962754,662.7520114523547,2549.5575812533275,904.0297604368068,1819.6390667523945,1299.0667354499833,6439.066551426102,867.9795769511306,,1.6050315304523677,2012,1161.2891674445798,67.90208804459073,-0.4727370499288506,208.76688360749176,301.5488867376572,519.8555956678701,771.8120805369127,411.7647058823529,548.7101348435339,675.3271115696666,4969.749351771824,357.4033552151714,149.58592132505174,38.29160530191455,234.9206349206349,90.5982905982906,55.0,381.37791976304953,34.61675076783056,98.0872976949485,35.1258566069748,36.45136062987952,0.1995118390101098,,,
Calaveras,174.81203007518798,0.5154023777642618,180.4415423992029,-87.44154239920286,5.245014,-4.931528108230243,9859.048872180452,-9269.789677124512,230.36649214659684,33.333333333333336,375.83892617449663,120.0,60.0,307.6617705438666,,,185.25870054254335,39.69829297340214,29.773719730051607,13.232764324467382,0.0,56.239248378986375,3.3081910811168456,52.93105729786953,69.54887218045113,0.805251132156338,67.68558951965066,108.69565217391307,0.0,52.63157894736842,,121.96561356572371,166.61112962345885,0.0,63.57279084551812,0.5362318840579711,129.69924812030075,0.6462443008181534,154.4502617801047,66.66666666666667,228.2651845970623,389.96435967290734,66.23212981632558,162.0,304.5112781954887,0.5640426764746688,384.8167539267015,100.0,971.6061164731758,99.34819472448837,0.4259259259259259,147.0,15.0,1729.3084955016084,221.08880765273733,1508.2196878488712,1759.9576551541616,492.92047108641,330.8191081116845,496.2286621675268,2524.8539897466203,993.4819472448836,1801.943581067789,1532.8223925358209,3797.46835443038,1207.8830260648442,,0.686133092658985,2012,581.6417568002685,33.11606490816279,-0.3474688877365828,122.40307000132329,150.65502183406116,369.5652173913044,111.1111111111111,315.7894736842105,271.4718495495141,566.47784071976,421.94092827004215,381.4367450731087,91.62303664921464,13.333333333333334,60.40268456375839,50.0,46.66666666666667,231.3347896364704,13.246425963265114,29.773719730051607,16.540955405584228,23.15733756781792,0.0852890877997307,,,
Colusa,189.6024464831804,0.5590093067698007,110.9104969258258,-48.91049692582581,3.496676,-2.758454205622724,10693.19877675841,-8435.639772546554,238.4937238493724,56.81818181818181,821.4285714285714,229.16666666666663,25.0,452.3896388179497,,,335.6439255746078,80.26267785479752,14.59321415541773,0.0,0.0,58.37285662167092,21.889821233126597,36.48303538854432,42.813455657492355,0.4957029863873383,40.22988505747125,54.054054054054056,39.99999999999999,0.0,,122.35623142807202,81.65487207403375,877.1929824561403,0.0,0.6721311475409836,186.54434250764527,0.9294827837677044,209.20502092050208,125.0,445.0930317402408,709.0262864184648,165.337074144329,123.0,376.1467889908257,0.6967322946690154,447.69874476987445,181.8181818181818,1517.3162529355145,240.49028966447852,0.4959349593495935,107.0,16.0,1900.149031296572,214.23248882265267,1685.9165424739194,2385.990514410799,408.60999635169645,350.23713973002555,583.7285662167092,3389.1456490802616,1322.696593154632,3041.4263240692194,1510.6151333696243,21929.82456140351,3256.7049808429115,,0.951857400488492,2012,808.2899665170498,75.15321552014954,-0.4356020197709979,102.15249908792411,166.6666666666666,252.25225225225225,119.99999999999999,117.6470588235294,506.90438734486975,381.0560696788242,2631.578947368421,383.1417624521073,50.2092050209205,22.727272727272727,160.71428571428572,41.666666666666664,12.5,170.16630874043156,30.061286208059816,65.66946369937979,14.59321415541773,7.296607077708865,0.1183196821020193,,,
Contra Costa,170.84942084942085,0.5037193247373474,3513.861615142371,-1743.8616151423712,99.82446,-98.35030737079946,9635.565637065636,-9493.272912239328,209.9670208867717,23.469857340082832,679.6733212341198,51.27334465195246,17.8125,245.72071134063555,,,207.96024044535145,20.962614357308453,7.913039856732331,0.8329515638665612,0.1388252606444268,44.285258145572165,11.52249663348743,32.76276151208474,36.87258687258687,0.4269183869386925,27.18062762540153,41.646251837334624,44.9931412894376,36.68261562998406,,31.144092390365714,50.32414670968888,254.30299271204836,17.197804662848256,0.7856650585802895,140.05791505791507,0.6978577802293644,156.3454256748504,78.6930510814542,201.43545319506336,363.56067247300115,46.43499838831193,3221.0,310.9073359073359,0.5758900193121996,366.3124465616221,102.16290842153704,851.8112943332269,60.28403299535233,0.4504812170133498,2999.0,222.0,2503.068884178954,409.7766749843632,2093.2922091945907,1438.2297002762623,305.9708744603168,408.84039259783714,444.2408340621659,2325.36814495036,590.0774941391919,1145.8194718528189,1208.3715698173532,5652.039075825707,468.8271097219936,,0.6843524737064017,2012,488.2506218602258,13.8490346070404,-0.0909165013181491,53.031249566171056,110.45218680504075,175.4042136207741,231.82441700960226,191.38755980861256,126.55826634994068,211.95346496551315,1310.2806636687858,89.72767650181699,45.193599609136434,5.522319374137138,109.34664246823957,26.825127334465197,5.0,105.0917568867269,3.2585963781271525,33.45688781530688,10.96719559090972,2.2212041703108296,0.0850677497418384,,,
Del Norte,293.18181818181813,0.8643947795993585,149.23736589407756,-20.237365894077556,7.275342,-1.141346961694186,16534.868181818183,-2593.9703674867815,382.44514106583074,57.85123966942149,565.2173913043478,285.7142857142857,102.94117647058825,649.2526045598671,,,392.5713422920127,100.65931853641352,70.46152297548946,15.098897780462028,10.065931853641352,90.59338668277216,35.23076148774473,55.362625195027434,111.36363636363636,1.2893910634552468,97.7653631284916,86.95652173913044,111.1111111111111,220.0,,275.6122529333019,53.50454788657036,90.49773755656109,472.7116458960034,0.5217391304347826,209.0909090909091,1.0418241455613866,235.10971786833855,140.49586776859505,463.03286526750213,645.4014543361566,206.10242998939796,221.0,502.2727272727273,0.930353893918066,617.5548589341693,198.34710743801656,1695.2544867229713,290.96813645562065,0.416289592760181,197.0,24.0,2266.179467359988,544.5857634741059,1721.593703885882,2214.5050078010972,694.5492979012532,352.3076148774473,684.4833660476119,2745.1075191097857,1466.964354630421,2819.1196157177737,615.3023006955591,814.4796380090498,2148.6892995272883,,1.6987225364828369,2012,1049.853032386815,84.8657064662227,-0.2265489287782279,246.61533041421308,256.9832402234636,434.7826086956522,888.8888888888888,380.0,724.466493424679,267.5227394328518,723.9819004524887,816.5019338203695,141.06583072100312,33.057851239669425,130.43478260869566,185.71428571428572,58.8235294117647,387.2408726016939,48.49468940927011,90.59338668277216,65.42855704866878,40.26372741456541,0.2111580058032181,,,
El Dorado,221.8410520297313,0.6540591379933717,593.2185294289582,-205.21852942895816,21.882424,-11.573914622734383,12511.391652372784,-6617.446896932181,279.05198776758414,52.15419501133787,595.0226244343892,192.92604501607715,71.83364839319471,315.7243758747518,,,214.0090485955147,48.82335709403378,30.921459492888065,14.647007128210136,0.0,81.37226182338964,13.83328450997624,67.53897731341341,75.47169811320754,0.8738268277555773,67.9478380233356,96.045197740113,64.51612903225805,226.4150943396226,,100.1588377527999,119.15609448377374,455.0625711035267,134.7860271818488,0.4839572192513369,213.8364779874214,1.0654695937652685,245.41284403669724,120.1814058956916,304.33225921947724,520.854252891445,86.51299130164156,762.0,435.67753001715266,0.8070003894994922,524.4648318042814,172.3356009070295,1113.1028582041472,124.05636488537282,0.4908136482939632,686.0,76.0,1285.2415980748724,242.82862533840145,1042.412972736471,1423.2008592910847,359.66539725938225,253.0677342707418,430.4592650457312,2122.3593856137386,719.8533804532817,1474.0548142002976,1240.6252190369385,7053.469852104666,595.3049533864989,,0.6173068832021698,2012,592.2486053127022,37.543373583731245,-0.0828944640265394,107.41138560687432,203.84351407000685,282.4858757062147,306.45161290322574,415.0943396226415,300.4765132583997,350.45910142286397,2161.547212741752,247.10771650005617,95.565749235474,15.873015873015872,151.5837104072398,64.30868167202571,41.587901701323254,202.8248648331172,11.426244134179075,54.51941542167106,16.27445236467793,17.901897601145723,0.0767337146744725,,,
Fresno,198.9915267453345,0.5866913506774903,6524.725472055386,-2696.7254720553856,215.891544,-152.0899231729796,11222.724125383376,-7906.114423921588,227.6214833759591,55.83281347473487,740.7812073204043,156.0917485850462,51.95638229634381,633.7695880000992,,,449.002905605086,86.7542487231066,40.23145503762386,24.171985331247257,1.6556154336470723,178.4753437471544,34.2712394764944,144.20410427066005,67.57810469407912,0.7824331812699392,52.91442744935923,70.89031537817466,85.46671918077986,58.505850585058475,,122.79826547450018,259.278918786493,708.1320976373842,91.5531642182064,0.680759584378359,145.08499246244216,0.7229058832024368,157.00829642567527,85.46475358702432,462.0822675308979,825.0381944947687,91.66080228820074,6619.0,344.07651920777664,0.6373289093136691,384.6297798016343,141.2975670617592,2021.1305153971969,151.54139940348517,0.421664904064058,6166.0,453.0,3317.2777959295513,537.9483341940785,2779.329461735473,3184.9074097068733,606.1208102581932,555.7901010753222,774.3313383167358,5254.742668234261,1072.4982924670496,2320.69534517825,3657.46600792128,8285.471870512985,1564.8548530219596,,1.5629849901718202,2012,1196.092320902428,59.88059711528443,-0.5023278769465765,215.23000637411943,159.57007027697392,181.13312866313137,326.1126427727453,252.92529252925277,370.3135193215395,662.4882609938345,2701.997128312231,395.7913714664001,75.54113904310398,27.76044915782907,189.83884184649003,71.19451891569854,25.016035920461835,396.9492465368156,29.773034319890023,115.06527263847154,39.569208864165034,19.37070057367075,0.194285285876278,,,
Glenn,253.7313432835821,0.7480820260792784,136.34868429413447,-34.34868429413447,5.752596,-1.937197096820596,14309.94029850746,-4818.898250797503,312.30283911671927,35.294117647058826,583.3333333333334,135.41666666666666,191.7808219178082,569.9597675458203,,,352.0339740724184,72.64193115780063,78.22977201609298,22.351363433169425,11.175681716584712,145.28386231560123,11.175681716584712,134.10818059901655,74.62686567164178,0.8640451841612985,59.32203389830509,94.48818897637794,111.11111111111106,100.0,,138.50415512465375,181.24150430448577,793.6507936507936,288.1844380403458,0.7415730337078652,221.39303482587064,1.1031211751077197,242.90220820189273,141.1764705882353,497.31783638801966,843.5459512126744,136.86339668896682,191.0,475.1243781094527,0.8800673245185191,555.205047318612,176.47058823529412,1928.1050313432552,171.07924586120853,0.4659685863874345,176.0,15.0,1929.9118566960492,277.22490759169744,1652.6869491043517,2246.312025033527,603.4868126955744,536.4327223960662,407.912382655342,3472.780084862568,969.4490598801816,2334.784329244163,1918.139253889141,7142.857142857145,2881.8443804034573,,1.3359726496107034,2012,1084.5590801305812,34.215849172241704,-0.1859452736318406,167.6352257487707,220.33898305084745,291.33858267716533,444.44444444444423,300.00000000000006,514.4440047487138,558.8279716054976,3174.6031746031745,864.5533141210375,91.4826498422713,11.76470588235294,138.88888888888889,41.666666666666664,68.4931506849315,317.69912448269554,11.405283057413902,83.81761287438535,22.351363433169425,27.939204291461778,0.1660667439448477,,,
Humboldt,169.26973406500633,0.4990618974169287,803.5075450069766,-402.50754500697656,22.615598,-22.700620523303463,9546.474461798223,-9582.36408750674,214.4063027574564,33.78378378378378,658.008658008658,93.02325581395348,42.857142857142854,417.3170985534395,,,316.37006972629825,41.6276407534603,37.46487667811427,12.488292226038087,4.16276407534603,50.99385992298886,6.2441461130190445,44.74971380996982,55.297593921485856,0.6402469042957971,42.81984334203654,42.168674698795186,93.0232558139535,168.31683168316826,,108.3237559280836,78.14244250948872,699.912510936133,330.41788143828956,0.6693766937669376,155.76192486281133,0.7761051639535429,179.5160382667417,84.45945945945945,384.0149859506713,649.3252358498956,106.46888486308438,770.0,325.03165892781766,0.6020523375260783,393.9223410241981,118.24324324324324,1424.8516147176392,149.05643880831815,0.4792207792207792,700.0,70.0,2204.331422120554,288.91001455690576,1915.4214075636487,2465.397023623686,480.7992507024664,447.4971380996982,874.1804558226662,3617.087599076064,1260.5915967789192,2529.756007344879,1853.0922080821608,7524.059492563429,1963.07094266278,,1.5377646708138148,2012,775.5263788677436,42.58755394523376,-0.4066278471350837,136.33052346758248,135.77023498694513,198.7951807228916,244.18604651162795,430.69306930693057,343.4655675768504,368.38580040187543,1837.270341207349,845.4810495626823,66.96679797411367,20.27027027027027,164.5021645021645,53.48837209302326,16.666666666666668,242.22477450199864,25.552532367140255,79.09251743157456,23.935893433239674,14.569674263711104,0.1911502993043196,,,
Imperial,122.06216830932524,0.3598787323425579,894.7458437013104,-572.7458437013104,18.160156,-32.3017200930665,6884.062168309326,-12244.776380995638,148.53857211308096,21.77858439201452,375.67084078711986,62.4113475177305,55.30474040632055,282.0528542522533,,,183.9475136427739,38.54138381086692,42.92108651664725,16.642870281965262,0.8759405411560662,53.432373010520045,12.263167576184928,41.16920543433512,39.04473085670963,0.4520679162924277,35.64356435643564,34.68208092485551,65.7894736842105,115.3846153846154,,108.60383733558584,73.31133993135393,205.88840848260242,332.7171903881701,0.6512096774193549,188.02122820318425,0.9368415694008844,213.22472448490657,92.5589836660617,434.46650841340886,746.2205393446986,93.52794853725028,818.0,310.08339651250947,0.5743638460148925,361.7632965979875,114.33756805807624,1266.0595667533653,115.5345246636621,0.6063569682151589,755.0,63.0,2118.3587349329996,280.57731588516526,1837.7814190478343,2310.731147569703,489.6507625062411,617.5380815150268,776.0833194642748,3499.6904845222157,1010.4686204710764,3046.9409919150476,2113.810301354037,3129.5038089355576,2883.54898336414,,1.5260650097745978,2012,519.8390274086664,22.00657612641183,-0.2937831690674753,90.22187573907485,93.06930693069307,119.28533893851818,203.9473684210526,217.948717948718,283.576686376252,252.1465782487476,638.2540662960675,628.4658040665433,47.91566842357451,5.44464609800363,82.28980322003578,28.368794326241133,24.830699774266364,167.69000884150532,5.501644031602957,40.29326489317905,17.518810823121328,19.27069190543346,0.1896959846410611,,,
Inyo,201.79372197309416,0.5949531281005076,75.63621044177111,-30.636210441771112,2.53791,-1.7278209964950073,11380.762331838569,-7748.076217466398,241.3793103448276,61.224489795918366,500.0,95.23809523809524,59.701492537313435,363.0496167809601,,,290.43969342476805,32.27107704719645,32.27107704719645,0.0,0.0,40.33884630899557,8.067769261799112,32.27107704719645,26.90582959641256,0.3115212233478404,24.590163934426233,26.31578947368421,****,31.74603174603175,,35.77390889577868,44.82294935006723,0.0,118.13349084465446,0.5068493150684932,327.3542600896861,1.6310875197617345,367.81609195402297,183.67346938775512,588.9471561113352,1002.3350430994876,149.75267194128446,118.0,529.1479820627802,0.980134613806505,609.1954022988506,244.89795918367344,1660.1174151335267,199.670229255046,0.6186440677966102,106.0,12.0,1343.630977570885,439.0605162928481,904.5704612780368,1799.112545381202,580.8793868495361,338.8463089955627,540.5405405405405,2725.0983984267323,815.3201027914378,1454.8056284283327,1703.2720753025549,0.0,3721.204961606615,,0.9382538116219774,2012,657.7823720340389,49.9175573137615,-0.5730469671937692,48.40661557079468,213.11475409836063,131.57894736842104,****,190.47619047619048,310.0405437634152,224.11474675033617,2352.9411764705883,708.8009450679267,34.48275862068965,0.0,27.777777777777775,71.42857142857143,14.92537313432836,93.968910290577,0.0,16.135538523598225,24.20330778539734,8.067769261799112,0.116628701594533,,,
Kern,265.15966989594546,0.781776427473423,4726.415213031751,-1031.415213031751,208.39061,-58.16975518456467,14954.475062791533,-4174.363486513432,315.94900597307657,55.55555555555555,594.2701227830833,162.32570376216785,142.74193548387095,671.4775595652387,,,395.79922184928006,112.12494025757844,96.49650450044432,48.339115248810145,2.544163960463692,251.87223208590552,73.05385086474315,178.81838122116235,89.77395048439182,1.0394212443609263,70.0848395426042,98.06763285024157,117.13455953533405,84.38818565400841,,168.25103053756206,234.9129202106116,792.1699564633866,57.75005775005775,0.7824913227921326,186.0782203085755,0.9271602659505292,204.95676205759116,108.16777041942603,471.215510677311,795.1640205800787,112.57627883883684,6288.0,451.23789020452097,0.8358226625496176,520.9057680306677,163.7233259749816,2020.9410057631144,170.39606831048434,0.4123727735368956,5843.0,445.0,3353.9184520987283,581.1169684753381,2772.8014836233897,2532.3517706472535,666.0257796499594,690.7405152658923,676.0207094946381,3879.667167832424,1040.756210489655,2400.6765462491094,2395.417462246138,6762.905496088248,684.3381843381846,,1.4433715583448576,2012,1225.7769851830358,57.81978947164749,-0.2820500167472495,227.3392224671485,196.60641829583176,270.85346215781,417.71539206195575,354.43037974683534,471.9884172448451,648.8071129626416,2824.9697207764575,242.55024255024253,105.73237050904876,23.914643119941132,140.2455661664393,73.66482504604052,49.46236559139785,410.20640644104975,24.88931334872243,93.4071625484527,50.88327920927384,33.437583480379956,0.1794168578726351,,,
Kings,543.3729634522238,1.6020391574632211,770.2683135123865,463.7316864876135,69.595132,26.153539654528423,30645.148392778516,11516.309843473551,690.364277320799,103.69068541300528,1437.3831775700933,421.3333333333333,302.56410256410254,1215.5000886507355,,,757.4712870116822,155.63129173972143,174.34644707551072,78.80065404542857,2.9550245267035717,430.4485727231536,134.94612005279643,295.5024526703572,172.61118450022016,1.9985277601772211,127.74725274725272,189.7435897435897,221.34387351778656,175.0,,244.659581184889,464.7268159933013,609.0928866652165,320.80659945004584,0.5417515274949084,216.2043152796125,1.0772676679832769,241.48061104582845,140.59753954305802,483.6390142038179,674.8354596386778,196.95572913536992,1725.0,759.5772787318363,1.4069561029861308,931.8448883666276,244.2882249560633,2604.109583909837,342.2105793727052,0.2846376811594203,1586.0,139.0,1736.3553125704962,508.89741105906376,1227.4579015114325,2236.953566714604,526.9793739288036,369.3780658379465,576.2297827071965,2794.5740931995856,1400.8476234753184,1915.184678522572,2449.2359221268584,2751.7946486839246,1833.180568285976,,1.2855291794804242,2012,1929.2741242711593,145.25485023733532,-0.5539028865981102,386.1232048226,402.4725274725274,558.119658119658,877.4703557312254,550.0,770.8092181416395,1366.9667155118275,2414.618229279965,1008.249312557287,213.8660399529965,49.209138840070295,377.5700934579439,154.66666666666669,105.98290598290598,597.6644946678315,68.93450519737947,198.97165146470715,57.13047418293572,61.07050688520715,0.1597964188448125,,,
Lake,261.28472222222223,0.7703518290410951,390.7305579772212,-89.73055797722122,16.975798,-5.060624008799323,14735.93576388889,-4392.902785416074,324.41471571906357,39.21568627450981,602.4464831804281,248.48484848484847,81.21827411167511,689.8764639820312,,,451.51383190850544,93.96988379821688,73.3423483303156,25.211432238545985,2.2919483853223626,153.5605418165983,29.795329009190713,123.76521280740758,80.72916666666667,0.9346988789078214,64.22018348623853,85.52631578947368,136.36363636363635,241.93548387096772,,169.22007675339194,188.2693700217234,1120.7970112079702,530.035335689046,0.5563139931740614,254.3402777777778,1.267285334067161,284.2809364548495,149.0196078431373,671.5408768994522,1157.579019889748,175.9074697263699,594.0,515.625,0.955086152410232,608.6956521739131,188.23529411764704,2478.580960234519,222.1989091280462,0.4932659932659932,546.0,48.0,2503.3388203869927,583.905332794981,1919.4334875920115,2640.324539891362,749.4671220004126,378.17148357818985,903.0276638170108,4071.9544346709954,1180.4317047427455,2634.998338017104,2201.3034033309195,8219.17808219178,2190.812720848057,,1.5566106589020483,2012,1321.0019403447711,46.29143940167629,-0.4076858524267061,213.15119983497976,216.74311926605503,250.0,530.3030303030303,629.032258064516,571.1177590426979,550.3258508327299,4358.65504358655,1378.0918727915196,99.2196209587514,15.68627450980392,159.02140672782875,66.66666666666667,35.53299492385787,404.017775569363,18.516575760670516,119.18131603676284,25.211432238545985,32.08727739451307,0.1934929310035152,,,
Lassen,328.40236686390534,0.968236343186842,114.64143107317774,-3.641431073177742,6.260178,-0.2053694296650783,18521.23668639053,-607.6018629144346,415.32258064516134,88.88888888888889,660.377358490566,220.77922077922076,164.17910447761193,433.17073170731703,,,273.17073170731703,66.34146341463415,42.926829268292686,15.609756097560975,0.0,132.6829268292683,58.536585365853654,74.14634146341464,76.92307692307693,0.8906311898278002,64.98194945848375,206.8965517241379,71.42857142857144,55.55555555555555,,108.82708585247885,131.86813186813183,34.002040122407344,62.73525721455457,0.4344262295081967,360.94674556213016,1.798466688118576,403.22580645161287,244.44444444444443,476.0975609756098,571.071820908846,271.1340457107373,233.0,689.3491124260355,1.276873292517606,818.5483870967743,333.3333333333333,1159.2757964449577,369.7282441510054,0.5236051502145923,203.0,30.0,1294.265683983461,395.4700701060581,898.7956138774028,1319.0243902439024,413.6585365853659,300.4878048780488,261.4634146341464,1416.258115853938,1109.1847324530163,1674.7279322853688,637.3626373626374,476.02856171370274,1129.2346298619825,,1.124563961373608,2012,588.2039755361114,98.5941984402681,-0.489561237021324,101.46341463414636,245.48736462093865,758.6206896551723,714.2857142857144,611.1111111111112,411.12454655380895,483.5164835164835,340.02040122407345,690.0878293601004,96.77419354838707,22.22222222222222,84.90566037735849,77.92207792207792,89.55223880597015,137.05723701812306,24.648549610067025,35.12195121951219,23.414634146341463,23.414634146341463,0.139787798408488,,,
Los Angeles,444.41138930740885,1.3102684446604798,35343.13917786497,10965.86082213503,2611.734982,618.4526186467714,25063.913534159245,5935.07498485428,532.489126112991,99.68876733000094,1218.1514476614698,236.19679812573213,133.36992316136116,681.0017868778666,,,482.59378608846976,88.95419483953907,64.32230917972292,25.9112731537887,2.911709469040954,226.12806315880184,47.660860551321896,178.46720260747995,101.82048501482667,1.178898496328784,67.43747050495507,100.24007241528592,134.91567770143646,83.3668139815187,,73.1144504648319,161.34590484202417,652.9265226506114,36.85364042924279,0.5425250633469207,174.2176328896478,0.8680632616507963,189.44058218971733,114.63736678298596,266.9655237422702,465.6583597191289,71.00672811568992,64463.0,618.6290221970568,1.1458792971238612,721.9297083027083,214.3261341129869,1774.5543215449193,132.75424898634748,0.2816189131749996,59918.0,4545.0,1962.1054977103668,448.022736178499,1514.0827615318676,1532.3679889013893,396.1689550301178,376.6105025360548,482.28496841751087,2458.0707804877325,619.4029931803046,1084.1813893280546,1609.5948551751053,4839.515568350138,442.06607724523025,,1.1086269781415703,2012,1308.8959618257904,61.747520870657546,-0.1127094143686282,156.026451851134,243.0391694195372,414.81364870715095,648.6387184480283,487.14343109682613,263.49854436241026,667.6819148154436,3139.0971761639144,215.34958564075603,118.6187452558524,36.07469584079978,172.75426874536006,99.33619679812574,53.32967435053055,291.5732717315286,22.344774581860467,68.43987812584143,37.41105499616258,25.72010030986177,0.1378067676483005,,,
Madera,306.92488262910797,0.904913776437586,577.955617007973,-54.955617007973046,29.496154,-3.0993868880156636,17309.94953051643,-1818.8890187885336,334.7670250896057,181.2297734627832,882.793017456359,170.2127659574468,159.45330296127565,535.3505368859591,,,362.3596368214713,65.51134676998352,71.65303552966948,34.80290297155375,1.0236147932809925,192.4395811368266,45.03905090436367,147.4005302324629,107.981220657277,1.2502287594296349,105.3639846743295,109.10910910910908,84.6153846153846,169.811320754717,,144.71399252749566,212.77841763132724,267.7702044790652,206.8014705882353,0.767337807606264,262.32394366197184,1.3070650448370429,279.5698924731183,184.46601941747576,457.5558125966037,838.558114184759,111.3616303525628,970.0,569.2488262910798,1.0544129382136007,614.336917562724,365.69579288025886,1842.67770219574,220.76954789192277,0.4608247422680412,857.0,113.0,2534.2135347487924,617.1982898188716,1917.0152449299208,1744.2396077508113,410.469532105678,384.8791622736532,449.3668942503557,2999.457869968561,603.6972592796825,1373.4673472609588,1950.1434790247336,3164.5569620253173,1217.830882352941,,1.304391256310116,2012,1004.1195880109808,109.40791753935996,-0.4674023522578771,188.3451219637026,273.9463601532567,275.2752752752752,599.9999999999999,509.43396226415103,376.2563805714887,536.8262830148165,1898.73417721519,620.4044117647059,120.43010752688171,51.77993527508091,239.4014962593516,103.72340425531917,43.28018223234624,361.22503380266545,31.2594050112457,98.26702015497528,39.920976937958706,19.448681072338857,0.1621410504389227,,,
Marin,202.8898254063817,0.598184795369339,563.3710562501427,-226.37105625014271,19.006126,-12.76687483039555,11442.580373269117,-7686.25817603585,254.871395167576,26.455026455026452,487.9120879120879,142.85714285714286,44.35483870967742,193.7984496124031,,,127.66544751914982,35.079244588595216,12.651530835231062,6.325765417615531,0.0,68.43328042693166,27.028270420720908,41.40501000621075,49.367850692354,0.5715911188178416,39.003250270855894,59.82905982905983,66.45569620253161,56.33802816901407,,28.78825439220798,74.59505541346974,365.66254570781825,26.763013515321823,0.7430830039525692,152.31788079470198,0.7589447417996856,169.91426344505066,92.59259259259258,145.49260460515725,252.8881071771134,39.914301895612944,590.0,355.2077062010837,0.6579470766973228,424.78565861262666,119.04761904761904,632.2202679427835,51.31838815150236,0.4288135593220339,545.0,45.0,1451.2325239870709,192.9202215826544,1258.3123024044162,955.1905780599452,261.6566604559152,245.55471212016653,285.2345133761185,1488.3277133405345,431.0744604726198,738.098855666888,1246.8030690537084,5502.350687793839,475.0434898969625,,0.5749654159617124,2012,379.3321607656701,11.404086255889412,-0.3263027775589999,47.15570584040669,166.84723726977245,199.43019943019945,291.1392405063289,295.7746478873239,123.1497549000008,248.6501847115658,1601.950200243775,140.5058209554396,58.45674201091192,18.51851851851852,94.5054945054945,37.47072599531616,6.048387096774193,87.00278916643809,7.982860379122589,24.72799208704253,9.2011133347135,1.7252087502587814,0.0714705009398806,,,
Mariposa,265.9574468085106,0.78412853171639,63.765056336560406,-13.765056336560406,2.8199,-0.7763216472693337,14999.468085106384,-4129.3704641985805,374.0458015267176,17.543859649122805,564.5161290322582,291.6666666666667,19.607843137254903,412.26912928759896,,,288.5883905013193,57.71767810026385,8.245382585751978,8.245382585751978,0.0,140.17150395778364,49.47229551451188,90.69920844327176,58.51063829787234,0.6774481922626352,48.27586206896552,80.0,0.0,133.33333333333337,,69.03353057199212,187.9699248120301,0.0,242.71844660194176,0.4358974358974359,207.4468085106383,1.0336321888201547,259.5419847328244,87.71929824561403,321.56992084432716,549.985772315498,84.08983492573043,89.0,473.40425531914894,0.8768811612070729,633.587786259542,105.26315789473684,1342.6123265348924,100.90780191087651,0.4382022471910112,83.0,6.0,1383.366919013126,386.6891781493383,996.6777408637876,1550.131926121372,511.2137203166227,197.8891820580475,420.51451187335095,2119.06282862736,958.624118153327,1429.9802761341225,2349.624060150376,3000.0,1820.388349514563,,1.0107174164999069,2012,792.6265542193943,16.817966985146086,-0.3726132024004365,90.69920844327176,275.8620689655172,120.0,333.3333333333333,400.0,394.47731755424064,281.9548872180451,1000.0,728.1553398058253,83.96946564885496,0.0,64.51612903225806,125.0,19.607843137254903,177.93657339619057,0.0,32.98153034300791,24.73614775725594,8.245382585751978,0.1256362175194214,,,
Mendocino,217.42112482853224,0.6410277637334703,494.51836243992057,-177.51836243992057,17.878166,-10.01168060488664,12262.11659807956,-6866.721951225403,267.79359430604984,47.90419161676647,612.9032258064516,72.20216606498195,58.36575875486381,526.4381559718347,,,378.63690713431646,33.21376378371197,49.82064567556796,6.642752756742395,1.660688189185599,71.40959213498073,6.642752756742395,64.76683937823834,72.0164609053498,0.8338213814231462,64.88549618320612,76.92307692307695,61.22448979591837,114.45783132530124,,159.2990840302668,121.36904280281576,686.4988558352402,401.4367208958377,0.615686274509804,174.8971193415638,0.8714488961351733,197.50889679715303,98.80239520958084,423.4754882423276,726.0223387397639,111.34193582758448,572.0,392.318244170096,0.7266864918201307,465.3024911032029,146.7065868263473,1710.4039782022364,165.32590471368604,0.4458041958041958,523.0,49.0,1586.3517297443775,404.2091951946525,1182.142534549725,2421.283379832603,617.7760063770427,460.0106284044108,853.5937292413977,3675.896886231958,1126.91535049737,2455.080000937053,1577.7975564366045,11212.814645308923,3507.289245721529,,1.316017649203046,2012,984.3816394624728,53.983968886101565,-0.1855070169884984,174.37225986448786,179.38931297709928,282.05128205128216,367.3469387755103,337.3493975903615,440.4151146719141,445.01982361032447,4118.993135011441,1183.1819142193112,85.40925266903915,26.94610778443114,155.91397849462365,50.54151624548736,19.45525291828794,313.95560594151954,30.365982498432132,96.31991497276472,23.24963464859838,16.606881891855984,0.1635862575785412,,,
Merced,247.562776957164,0.7298950983794799,1148.1101898896648,-310.11018988966475,47.261524,-17.489594489397312,13962.045494830132,-5166.793054474832,299.9260355029586,39.647577092511014,713.064713064713,141.07365792759052,60.22845275181724,508.8965810408696,,,354.648691322038,68.62209267018886,35.22195906965446,12.752778283840406,0.6072751563733527,146.96058784235137,24.89828141130746,122.06230643104392,83.60413589364845,0.9679858633313076,64.33301797540209,86.685552407932,95.11568123393317,143.67816091954023,,116.5421265510386,177.8800878936905,628.7170773152081,173.32224070992788,0.7344139650872819,236.92762186115215,1.1805243866344557,274.4082840236686,88.1057268722467,487.03467541142896,888.2235978692742,73.95312315681005,1640.0,484.4903988183161,0.8974158950537392,574.3343195266272,127.7533039647577,1859.04480793933,107.23202857737456,0.4890243902439024,1553.0,87.0,2883.606193164842,702.1320605833093,2181.474132581533,2055.626404323799,497.35835306977594,486.42740025505555,584.8059755875388,3236.8687447958455,839.367947829794,1811.5445259477617,2052.0153930219853,6610.025488530161,1206.322795341098,,1.5307698344167031,2012,970.8212100700558,33.27890542056453,-0.2265221295828281,171.85886925365884,185.43046357615896,253.82436260623223,318.7660668380463,402.2988505747127,335.91554123534655,520.8514991919826,2107.051826677995,485.3022739877981,99.11242603550296,22.026431718061676,168.4981684981685,72.40948813982521,31.152647975077883,320.8139140552096,18.488280789202513,83.80397157952268,35.22195906965446,18.218254691200585,0.1902808131623438,,,
Modoc,74.8898678414097,0.2207995407370557,76.99291376808091,-59.99291376808091,0.958766,-3.383480350692227,4223.6387665198245,-14905.19978278514,107.38255033557049,12.82051282051282,183.09859154929575,32.25806451612903,47.61904761904761,274.0167633784655,,,209.54223081882657,16.118633139909736,32.23726627981947,16.118633139909736,0.0,64.47453255963894,0.0,64.47453255963894,13.215859030837004,0.1530159312920009,10.92896174863388,0.0,0.0,47.61904761904761,,40.05607850991388,0.0,0.0,286.5329512893983,0.6206896551724138,127.7533039647577,0.6365483670447852,167.78523489932886,51.28205128205128,467.4403610573823,803.3162884773693,129.37025774806966,46.0,202.6431718061674,0.3753535753164761,275.1677852348993,64.1025641025641,1317.4387131028857,161.71282218508708,0.6304347826086957,41.0,5.0,1760.1526879440146,731.6297317357652,1028.5229562082493,3658.9297227595102,1144.4229529335912,499.67762733720184,676.9825918762089,4787.765079325121,2522.7200260873583,3665.131183657119,2729.528535980149,1785.714285714286,6017.191977077364,,1.4199329150145856,2012,514.1224246255164,32.342564437017415,-0.7463407702145801,48.355899419729205,49.180327868852466,136.36363636363637,999.9999999999998,190.47619047619045,180.25235329461245,372.2084367245658,1785.7142857142856,1146.1318051575931,13.422818791946307,12.82051282051282,28.169014084507044,0.0,23.809523809523807,64.26530307818955,32.342564437017415,32.23726627981947,0.0,16.118633139909736,0.1765033407572383,,,
Mono,204.3010752688172,0.6023456161916011,31.543352336702753,-12.543352336702752,1.071562,-0.7074199850853619,11522.172043010753,-7606.666506294212,240.0,55.55555555555555,375.0,200.0,0.0,182.3066589905968,,,115.14104778353484,38.380349261178274,0.0,0.0,0.0,67.16561120706199,19.190174630589137,47.975436576472845,32.25806451612903,0.3734904989600452,28.57142857142857,76.92307692307693,0.0,0.0,,26.504108136761197,40.91653027823241,0.0,0.0,0.4615384615384615,279.5698924731183,1.3929953512414988,333.3333333333333,55.55555555555555,249.4722701976588,446.0699536757931,20.757663509631833,45.0,483.8709677419355,0.8962685301210387,573.3333333333334,111.1111111111111,767.2403203223641,41.515327019263665,0.5777777777777777,43.0,2.0,1418.9330180148845,306.04437643458294,1112.8886415803015,892.3431203223948,307.0427940894262,191.90174630589135,230.2820955670697,1338.2098610273792,373.63794317337295,927.6437847866422,531.9148936170212,10344.827586206897,1736.97270471464,,0.9749513631183434,2012,321.17036664657104,20.757663509631833,-0.2258064516129032,28.78526194588371,99.99999999999996,692.3076923076923,0.0,428.5714285714286,92.7643784786642,368.2487725040917,0.0,744.4168734491315,40.0,0.0,62.5,0.0,0.0,53.52839444109518,0.0,19.190174630589137,0.0,0.0,0.1211903540277065,,,
Monterey,399.54337899543384,1.177983045363892,1337.0311280783037,237.96887192169652,88.82685,13.42096843863984,22533.447488584476,3404.608939279511,494.6166394779772,67.2748004561004,967.4008810572687,183.585313174946,154.13184772516252,563.6655798955697,,,392.95543284148295,60.84009433793452,59.40856270645371,17.89414539351015,1.789414539351015,164.2682547124232,15.38896503841873,148.87928967400447,115.93099949264334,1.3422729322087672,78.7037037037037,117.1582883257167,212.12121212121207,170.886075949367,,91.41455965068884,184.97868153492948,730.4347826086956,106.4542837992351,0.715622076707203,271.18214104515476,1.351202228802015,296.24796084828716,183.5803876852909,382.57682851324705,621.4486670573484,120.7704261860204,2644.0,670.7255200405887,1.2423770303203252,790.8646003262643,250.8551881413913,1659.0215517037582,165.02791155853723,0.4043116490166414,2424.0,220.0,2000.3036874297136,442.7193311284361,1557.5843563012777,1410.7744228243405,406.1971004326805,331.399572687808,385.43989177620864,2097.731458734331,657.8612656219865,1161.502640267576,1578.8783207609044,3443.478260869566,622.954697788117,,0.9928766390783916,2012,1037.5728846464096,44.2574853725168,-0.1319759430724415,163.55248889668275,271.29629629629625,413.793103448276,744.1077441077439,411.39240506329094,315.11136444296267,653.3289603148573,2562.31884057971,256.2788313685289,140.6199021207178,29.646522234891695,177.97356828193833,97.19222462203024,70.56638811513463,294.9827924027722,19.503298638736215,72.29234738978101,32.20946170831827,27.19910099813543,0.1234185375267216,,,
Napa,192.57837492002557,0.5677833058575441,530.1318247555527,-229.13182475555263,16.975798,-12.92257665256366,10861.035188739605,-8267.803360565362,244.33249370277076,26.881720430107528,676.6666666666666,107.96915167095116,76.50273224043715,324.90312273998035,,,219.12071068510303,45.33531945209028,30.22354630139352,8.635298943255291,2.158824735813823,96.06770074371512,22.66765972604514,73.40004101766999,55.02239283429303,0.6370605695633272,39.37947494033411,79.40446650124068,45.64315352697095,123.45679012345678,,63.04206625148053,108.8953923637106,600.7646095030037,110.13215859030838,0.6980392156862745,163.14779270633397,0.8129062639571866,183.03946263643996,99.46236559139784,275.2501538162624,466.120443434225,80.65575808057991,556.0,355.72616762635954,0.6589074167270728,427.3719563392108,126.34408602150538,1088.3270904037638,102.45461161587176,0.4586330935251798,509.0,47.0,1497.4788454851057,351.3677987712994,1146.111046713806,1687.1215310385026,323.82371037207344,419.89141111578857,395.06492665392966,2546.557101514504,810.9173515128574,1600.8864096588093,1371.401347580481,13162.206444565812,892.0704845814979,,0.7932168737970229,2012,622.2066469695388,21.79885353529187,-0.3814204697215337,92.8294636399944,176.61097852028632,255.58312655086849,136.92946058091286,209.87654320987653,282.73411530967024,350.5070441706935,1802.2938285090113,187.2246696035242,69.68933669185557,8.064516129032258,133.33333333333334,51.41388174807198,24.59016393442623,177.46787525248016,6.53965606058756,43.17649471627646,21.58824735813823,9.714711311162205,0.0986000301068794,,,
Nevada,132.78008298755188,0.3914786096934276,245.2241262304956,-149.2241262304956,5.414208,-8.41594227114749,7488.531120331951,-11640.307428973014,170.6422018348624,16.853932584269664,455.12820512820514,71.03825136612022,10.79136690647482,143.77068575621882,,,106.33040300720351,19.468947029487968,4.492833929881838,0.0,1.497611309960613,38.937894058975935,8.985667859763677,29.95222619921226,33.19502074688797,0.3843387707140714,33.6906584992343,18.867924528301884,0.0,199.99999999999991,,38.46691845013289,16.65278934221482,0.0,30.09328919650918,0.770949720670391,247.5795297372061,1.2335989792593485,284.4036697247707,134.8314606741573,268.0724244829497,467.8226295203252,71.34197399591403,275.0,380.35961272475794,0.7045356587627344,455.04587155963304,151.68539325842698,748.5162072325204,80.25972074540329,0.6509090909090909,248.0,27.0,1435.778036476523,248.14655964708055,1187.6314768294426,1082.772977101523,233.6273643538556,274.06286972279213,416.3359441690504,1644.9247296037242,529.1196404696957,1141.7680794516716,882.5978351373856,4743.083003952569,150.4664459825459,,0.7639557716265551,2012,280.6935777121951,8.917746749489254,-0.3573776735422054,35.942671439054706,122.5114854517611,132.0754716981132,166.66666666666666,1399.9999999999998,139.87970345502868,116.56952539550376,790.5138339920948,210.65302437556423,42.201834862385326,5.617977528089887,70.51282051282051,32.786885245901644,3.5971223021582737,69.4188417997902,2.972582249829751,16.473724409566742,8.985667859763677,1.497611309960613,0.094962758069085,,,
Orange,311.25163541212385,0.9176704423913272,7777.301818070904,-640.3018180709041,402.512526,-36.11174193556285,17553.96973397296,-1574.8688153320036,390.0370054084828,53.3084808946878,997.8083283522614,169.84286191909058,73.25581395348837,341.1770104920177,,,239.4023355112827,48.568844424812944,30.11650786184267,13.480722566729575,0.5258437880639197,81.0755513233098,18.83476840883494,62.240782914474856,83.29699084169211,0.9644296748113508,59.19124829068176,105.50168634064084,142.51968503937033,63.081695966907965,,64.88375529188053,147.89336902867595,500.9548587085882,27.420166858457996,0.5205559619604975,298.0811164413432,1.4852300647345014,336.5214916026188,172.22739981360672,326.74020831062643,568.13405692129,87.87843130540881,13972.0,609.332751853467,1.12865992437385,726.5584970111016,225.5358807082945,1226.6159422144312,115.07889813803536,0.4891926710563985,12762.0,1210.0,1451.5313805680569,220.81308915202436,1230.7182914160326,1096.145278209607,239.92817929934665,285.96341274530613,411.114234304519,1688.2548993101775,510.2465194302146,1096.1714301621669,1401.8104748692076,3514.9871301652265,434.67707134637504,,0.7487515291622919,2012,658.4818852931413,27.20046683262654,-0.2711574555349344,91.3056032001897,182.4575112326626,408.8322091062397,571.6535433070875,343.32988624612204,200.00471103173737,573.105273189045,2009.3548476377628,149.23762945914845,101.28095644748078,24.417520969245107,174.5367603108189,73.88833166165162,40.81395348837209,170.98807092928016,12.458955087671598,41.87628712218124,21.129359484022956,16.779197237312346,0.0930728099171345,,,
Placer,183.8502374965074,0.5420499351072607,1213.91030121569,-555.91030121569,37.109884,-31.352229167962484,10368.785694328024,-8760.05285497694,243.88349514563103,29.880478087649404,600.9771986970685,145.66115702479337,64.09048067860509,278.1676446218104,,,155.99370952195747,59.607352418959366,28.746808258788914,8.877690785802459,1.6909887211052304,117.9464632970898,23.251094915196916,94.69536838189288,44.98463257893266,0.5208413188906358,44.49472096530921,50.955414012738856,51.09489051094891,27.47252747252747,,67.18057911936509,73.20644216691069,435.1880634131178,20.079514878920524,0.6485148514851485,169.32103939647948,0.8436653126707976,202.71844660194176,83.66533864541832,256.1847912474424,451.4864520917111,69.46172214484723,1264.0,353.1712768929869,0.6541750225251519,446.6019417475728,113.54581673306772,994.6540611215858,94.26948005372124,0.4794303797468354,1150.0,114.0,1321.7179003440235,188.6583065142603,1133.0595938297631,1513.0121582089048,259.5667686896528,409.2192705074657,448.5347582731623,2227.160180337464,830.2329646836502,1509.8550493606454,1436.6764275256223,8517.252098228164,730.894341592707,,0.5255915296638256,2012,543.1676090298747,24.80775790887401,-0.4151254831087574,68.06229602448552,170.06033182503776,195.3290870488323,255.47445255474454,247.2527472527473,256.7664507019801,280.62469497315766,2175.940317065589,180.7156339102847,58.640776699029125,9.9601593625498,114.00651465798045,41.32231404958678,16.965127238454286,130.60240280813866,8.269252636291336,29.59230261934153,16.909887211052304,7.609449244973536,0.0653331293883129,,,
Plumas,151.51515151515153,0.4467156483717616,89.54241953644653,-49.54241953644653,2.25592,-2.794093377016511,8545.151515151516,-10583.687034153449,194.8717948717949,28.985507246376812,344.0860215053764,75.47169811320754,31.746031746031743,296.91211401425176,,,237.52969121140143,29.69121140142518,14.84560570071259,0.0,0.0,74.22802850356294,0.0,74.22802850356294,45.45454545454545,0.5262820667164273,50.63291139240506,0.0,0.0,0.0,,103.28800137717334,0.0,0.0,0.0,0.7777777777777778,170.45454545454544,0.8493131621424348,179.48717948717947,144.92753623188406,334.02612826603325,518.2641964494076,148.83859059092995,85.0,321.96969696969694,0.5963807012295295,374.3589743589744,173.91304347826087,1080.9510383087645,178.60630870911595,0.5294117647058824,73.0,12.0,1942.938950812966,552.203701810001,1390.735249002965,1959.6199524940616,690.3206650831354,393.4085510688837,467.6365795724466,2887.471951646699,1026.9862750774168,2039.9380271991736,1394.422310756972,5384.615384615384,833.3333333333334,,0.9943860910641266,2012,562.6868418593568,29.767718118185993,-0.3642929292929292,89.07363420427554,151.8987341772152,71.42857142857143,285.7142857142858,166.66666666666666,309.86400413152006,99.601593625498,1538.4615384615386,138.88888888888889,46.15384615384615,43.47826086956522,75.26881720430107,56.60377358490566,15.873015873015872,133.26793622984766,44.65157717727899,51.95961995249406,22.268408551068884,7.422802850356295,0.1236061684460261,,,
Riverside,474.59319157432367,1.3992541548938546,6795.048609822612,2712.951390177388,536.232184,153.00503250322436,26766.1068184087,7637.268269103737,580.1953476416913,107.11091234347047,1352.6182432432431,268.9813048454788,158.8695513332269,658.3776267937812,,,443.58088738335744,97.63488155019265,68.89837385988771,30.67535640193995,2.146582502167356,227.19152224551917,37.39208229581846,189.7994399497007,121.44354597184784,1.406098327995582,99.93416721527323,123.05452916806634,178.92156862745088,98.15950920245402,,128.74226104656094,174.38603896155416,540.6949676217887,49.27359935944321,0.6800614282057845,195.01846860337423,0.9717062798414808,221.43683331191363,103.08586762075134,270.53863986993093,477.2339311374753,63.84349558972875,13415.0,669.6116601776979,1.2403138407333725,801.6321809536049,210.1967799642218,1727.653305554267,130.1797957794903,0.2912411479686917,12475.0,940.0,2218.2237941338985,310.65356371509455,1907.5702304188044,1387.2462531748647,327.9424106536967,362.98017665681544,433.67891003465,2155.1695984798,619.3234539637027,1288.2707149520818,1417.144416711228,3021.966394379314,501.9747934743275,,0.9743110215712169,2012,1250.419374416792,66.33630018976153,-0.1047148929978555,168.47210412171538,347.86043449637924,481.69297950957355,781.162464985994,510.7361963190186,448.1384106521923,682.6285164809882,2360.646717738181,256.376696667103,146.70350854645935,33.54203935599284,263.9358108108108,104.92178557802366,44.06833785725691,316.17094160965064,20.77337166693994,86.55574605513532,38.08452826425954,19.111508728973877,0.1211107570121726,,,
Sacramento,430.85521185339223,1.2703004510951093,5219.237696313785,1410.762303686215,373.91874,79.56417240329516,24299.372238107615,5170.53368880265,522.4469659595461,85.55486670799752,1091.743119266055,203.7890424987199,108.89423076923076,686.4704237893582,,,505.1718246860149,82.4178668682246,46.90363529058511,14.081444590550936,1.242480405048612,240.93765854567667,59.22489930731717,181.7127592383595,88.77047049649077,1.0278027468782216,68.50864436904183,104.31400282885431,106.11854684512429,80.63102541630144,,86.8060887100902,151.7458488508467,572.4895559337768,49.458111130225355,0.5852064819654992,248.63530023394853,1.2388595006299803,277.503700049334,139.8016119032858,396.1441691429992,709.7226943457343,91.98972338141245,10456.0,679.4905120873408,1.2586123224994066,799.9506660088801,225.35647861128336,2045.8939535673037,148.2849864707025,0.3659143075745983,9729.0,727.0,2746.847839563356,558.4105672426065,2188.4372723207503,1593.2740394073369,462.7204108468539,404.4273718433232,430.7265404168522,2557.5251581134285,658.0018794422095,1267.0822712895006,1454.7025781362522,5394.811491051627,613.3880956476866,,1.0204307768525331,2012,1336.171259221569,56.295263089290096,-0.018362994731132,141.43568610803368,295.3627403457747,443.77652050919374,566.3479923518164,512.7081507449602,374.2488918916152,645.5628485010596,3055.3406570735983,314.4890762084982,106.56142081894426,21.69869807811531,152.38308346386216,65.284178187404,30.528846153846153,272.53351462876196,14.277784116848938,70.51076298650874,26.402708607283007,13.149584286764476,0.1268436270625686,,,
San Benito,270.15250544662314,0.7964969207569711,155.68170669404907,-31.68170669404907,6.993352,-1.7867848941309794,15236.061002178649,-3892.777547126316,333.3333333333333,57.14285714285714,608.6956521739131,144.44444444444443,145.29914529914532,333.69214208826696,,,226.04951560818083,34.983853606027985,45.74811625403659,26.910656620021527,0.0,56.512378902045214,18.83745963401507,37.67491926803014,89.32461873638344,1.034218789059297,86.09271523178806,92.7835051546392,0.0,83.33333333333331,,95.09875640087785,129.70168612191958,0.0,42.444821731748725,0.6515151515151515,287.58169934640523,1.4329152783509838,316.3841807909605,190.47619047619045,355.2206673842842,610.1146601650413,106.36716611282196,256.0,557.7342047930284,1.0330845395846862,649.7175141242938,247.6190476190476,1252.9140342674957,138.27731594666852,0.515625,230.0,26.0,1557.495336313399,381.89433670057366,1175.6009996128255,1235.199138858988,371.3670613562971,242.19590958019376,314.8546824542519,1928.3981223073624,558.4276220923151,1104.608632040966,1397.8959504251332,1577.287066246057,509.3378607809848,,0.9306736142874438,2012,642.7993741024542,31.910149833846575,-0.0600944081336236,110.33369214208828,158.94039735099335,326.4604810996564,599.9999999999999,166.66666666666663,175.5669348939283,456.3577845030504,946.3722397476341,84.88964346349745,104.51977401129945,38.0952380952381,202.8985507246377,44.44444444444444,34.188034188034194,201.5557359473797,21.27343322256439,75.34983853606028,10.764262648008613,10.764262648008613,0.11568645274672,,,
San Bernardino,311.9053385461717,0.9195977705591616,9803.199060083009,-788.1990600830068,508.42797,-44.45285059056141,17590.837283326993,-1538.0012659779711,387.4966194897683,62.23016227482507,807.2787427626137,159.90613476366076,109.67741935483872,665.0697124375782,,,432.0186617897347,105.57013405415135,67.72423694039898,25.378145433003542,2.6558524290352543,211.36158914405564,46.62496486528557,164.73662427877008,105.31778708092584,1.2193909782329069,80.22483392948389,108.09968847352025,151.4090992816356,57.714958775029395,,162.08927918794305,220.56848826362705,678.5425368575721,40.57265403118298,0.7387980085348507,194.58187731377367,0.9695309038329047,223.4742630487695,99.15140687807056,414.9031683581742,734.8196192411586,97.8298821824262,14639.0,506.48721585994537,0.9381603418000404,610.9708825385378,161.38156915289565,2008.971347078238,159.2306190476727,0.3841792472163399,13555.0,1084.0,2502.182530262321,437.57188300281285,2064.6106472595084,2132.2806321223875,535.1542644506037,660.2006496510137,617.4856897506966,3288.1621767818365,986.6716495786136,2020.4377029987552,2040.4174274531492,4481.517557907252,702.983332091314,,1.029593952295487,2012,1274.1517278370795,61.40073686524647,-0.2590236073083728,224.5670776106476,234.1338783852835,295.2492211838006,497.513354208878,273.2626619552412,473.0529154389522,602.4316563453963,2229.6148321804167,192.09909663743775,128.2790949247273,29.477445288075035,204.0253653156879,75.53916638730584,36.67861409796894,421.8024680032952,29.08455956774833,109.18504430478268,49.871006722995325,22.648519325383973,0.1279826464208243,,,
San Diego,339.5487533232737,1.001099493864555,9440.620096126717,10.379903873285002,533.017498,0.5854058186455275,19149.87058992599,21.03204062102668,421.60719303175046,69.1358024691358,806.0667597410838,256.7184109497579,116.4881172269426,435.3808811084499,,,292.57263526820077,70.85131680719459,43.579548569314746,11.654995547607433,1.7966198670224895,165.42722929430153,31.325679732699815,134.10154956160173,80.83638715240353,0.935940299722036,59.67611336032387,96.68092980224354,109.18163672654687,71.15489874110564,,68.55469585713834,125.50969547384412,508.9034851050369,40.357755984589545,0.5463607297348129,191.02536466192427,0.9518100915278598,211.81043364240892,122.53086419753087,244.9391752040661,410.4012247506632,74.29929594543394,14768.0,530.574117985198,0.9827762286835106,633.4176266741595,191.66666666666669,1227.3020044168627,116.2213168315226,0.3600352112676056,13526.0,1242.0,1776.702135181555,375.3792554370384,1401.3228797445165,1282.2337789411276,362.9632803146203,275.9884518803009,374.11153692537493,1937.587387425528,606.3720878166397,1148.7795031691437,1298.18461335207,4661.0721396274885,567.1816937218854,,0.9400200318180096,2012,816.9007796661996,41.922020886088674,-0.2707177960609299,103.6511461743744,222.7530364372469,371.9208974210708,548.1037924151694,403.9408866995075,255.89412252779857,482.82198641612774,2554.7513164505144,229.10787628174683,97.21831975273952,26.85185185185185,130.4734103312603,98.64797195793692,36.44871321265858,188.36899017961017,16.282213469150513,47.35705700766973,27.225701061802344,13.63588411893992,0.1168482498293941,,,
San Francisco,138.7321170757317,0.4090271303545193,2584.1806607885837,-1527.1806607885835,59.612686,-86.12993490715455,7824.213938837117,-11304.624610467848,161.6225637775313,28.287461773700304,533.096926713948,83.05084745762711,23.060796645702304,169.494786872733,,,144.63982758675985,15.714748451776568,5.291701009271701,0.0,0.0,32.551978935822895,6.895246769657065,25.656732166165828,26.11891324320777,0.3024101441244939,10.01717229536348,16.76727028839705,73.81258023106548,22.30483271375465,,12.681802700136965,26.36185334373748,340.82152806591193,10.956102549119858,0.8467202141900937,196.0887255545347,0.9770389819590514,217.39819363016952,93.27217125382263,239.56973660157337,424.9627182370246,40.563075407723,2551.0,334.82084263026644,0.6201847279214407,379.0207574077008,121.55963302752296,740.8971005998272,52.86499171990129,0.5856526852214817,2392.0,159.0,2293.713539367451,714.3456513570017,1579.3678880104492,1221.741514837609,271.3199426572036,189.21839972547295,229.4673983111456,1954.7665559722032,434.88936584673513,1266.006246693673,1572.2209334205031,4617.390788927746,491.19859761887375,,0.9447190720580876,2012,315.9343823628026,12.301916312178284,0.3229187576723824,31.910560631668748,54.09273039496279,79.81220657276995,372.2721437740693,157.06319702602232,68.48173458073961,125.4824219161904,1718.925967636773,77.14922211671902,31.056884804309934,2.293577981651376,78.60520094562648,26.271186440677965,11.180992313067785,60.70895974814637,0.9974526739604016,21.327158613125345,4.970991857194629,2.5656732166165828,0.1174323593263684,,,
San Joaquin,356.60632926979434,1.0513907421153186,2754.4469282404625,141.5530717595375,163.328608,7.983310141094395,20111.883758157863,983.0452088528982,422.42166108913904,76.92307692307693,886.6974402014268,187.23603941811356,101.05680317040952,644.0149528886161,,,469.8907442864799,88.72996070530311,34.02427064639443,5.55952134745007,0.4447617077960056,150.5518380889479,24.239513074882304,126.3123250140656,112.1783031646349,1.298823443064972,71.38364779874212,125.31061412850548,159.71394517282482,141.2556053811659,,131.80891771523468,214.7894394178172,788.5367934798599,79.61984682658039,0.6372480889506602,177.19492673316094,0.8828980367641162,198.2050501977487,87.91208791208791,320.006048759226,578.1763731581214,60.628960624317195,4335.0,533.8012560029553,0.9887538186620348,620.6267112868877,164.83516483516485,1810.4064485687911,113.67930117059475,0.3319492502883506,4080.0,255.0,3514.961902265236,895.1785844746897,2619.7833177905463,1805.9549145056808,529.9335748389407,473.8935996566439,336.68461280157624,2917.0617629635376,689.6544271016081,1846.4861600636405,1714.0562346741956,4937.181863653749,563.6579632484898,,1.1563053550916995,2012,1232.23007541067,53.050340546277546,-0.0968330149235395,202.58895790108053,212.26415094339615,366.3471778487752,511.91895113230044,739.9103139013453,391.94281699464057,627.9396642469897,2527.436961191044,417.05634052018297,130.97048980833586,32.32062055591468,179.60553923625682,109.80760206475831,44.253632760898284,382.0490078965023,22.290059053057792,95.1790054683452,52.03711981213266,14.899517211166188,0.1437333806062755,,,
San Luis Obispo,244.75806451612905,0.7216258993979642,841.1560623120735,-234.15606231207343,34.233586,-13.20593360227632,13803.865322580648,-5324.973226724318,312.26765799256503,31.825795644891123,667.687595712098,166.66666666666666,51.48741418764298,317.2396492071622,,,227.8690066792796,42.856097586470014,23.518590138916473,9.930071391986957,1.567906009261098,112.3665973303787,31.358120185221964,81.00847714515675,69.75806451612904,0.8076732040010978,54.13271245634458,103.04054054054056,173.91304347826087,38.46153846153846,,68.09495218709272,160.78865517423162,333.26390335346804,24.94802494802495,0.5252976190476191,270.9677419354839,1.3501339558186838,300.05310674455654,179.2294807370184,351.210946074486,566.1823315356554,116.880077201351,1279.0,515.7258064516129,0.9552728750206738,612.3207647371216,211.05527638190955,1155.412793381612,137.63448343336665,0.5254104769351056,1153.0,126.0,1507.739903791131,334.47902860792476,1173.2608751832065,1296.135634322508,341.280874682499,257.1365855188201,456.7832840314002,1886.9404075781224,652.1252905533323,1257.9261059938203,1560.440719067953,1916.267444282441,648.6486486486488,,1.21373587748378,2012,589.2304618459565,20.7544062320156,-0.3708016189440618,90.41591320072332,178.69615832363212,315.8783783783784,1043.4782608695652,217.9487179487179,224.78656259610173,492.9094838947757,1999.5834201208081,141.37214137214136,87.62612851832182,13.40033500837521,165.3905053598775,52.84552845528456,20.594965675057193,165.34528266085513,8.738697360848674,56.44461633339953,13.588518746929516,9.407436055566588,0.1508722242491327,,,
San Mateo,263.55611601513243,0.7770486322370845,1613.7986066455016,-359.79860664550165,70.723092,-20.291921817593,14864.03783102144,-4264.8007182835245,321.09603617983504,47.04704704704707,785.1662404092071,137.87234042553192,59.56320317670416,248.4098008957808,,,182.44451883972417,32.09121829754106,17.828454609745034,6.140912143356623,0.5942818203248345,75.86997906147053,17.630360669636755,58.23961839183378,66.20428751576293,0.7665268437042542,43.75804375804375,82.56880733944956,84.78513356562136,58.75152998776012,,33.33202619505118,95.73013219875398,505.5051589225123,31.019374184125834,0.6225839267548321,206.5994115174443,1.029409917023528,226.6560255387071,131.1311311311312,194.7263431264374,340.01363445351353,51.527573619638225,2237.0,470.1555275325768,0.8708635807524686,547.7520617185422,178.17817817817826,821.699616595991,70.01456568164583,0.4394278050961108,2059.0,178.0,1416.8032374755744,239.7123451857771,1177.0908922897977,942.5309670351872,232.36419174701024,232.76037962722685,299.3199435036083,1500.1305773600438,392.94691638182104,761.7348339280813,1159.3982677404647,5962.190984003878,527.9755980923082,,0.5065730320720907,2012,481.68598214247754,18.48699206200761,-0.2439641011958919,62.39959113410762,171.81467181467178,254.91480996068157,432.05574912891984,276.6217870257039,130.8772205011568,295.547789089804,2575.998892043487,146.04955345025914,79.54243149773876,16.016016016016025,125.31969309462914,65.53191489361703,22.501654533421572,119.3240336873246,6.293444106215356,29.11980919591689,15.253233388337415,6.735193963681456,0.0629690540678319,,,
Santa Barbara,338.8592301208205,0.9990665565551768,1207.126784584141,-1.126784584140978,68.015988,-0.0635483969763828,19110.98286035403,-17.855688950934564,419.1900766143743,69.68215158924205,804.6198267564966,173.39667458432302,124.23625254582484,415.6313219212782,,,288.115908064833,50.31689303524595,42.04562294726031,16.1979039223052,0.3446362536660681,114.07459996346856,31.706535337278268,82.36806462619029,89.63191907839281,1.0377767755593952,63.15104166666666,117.11711711711716,109.58904109589038,21.58273381294964,,69.51511416245037,160.51628622934896,407.2628542338368,12.90489095367144,0.7025906735751295,271.1435796572071,1.351010091395253,303.5388544326888,162.5916870415648,332.57398478775576,562.0093490102697,93.58238853736871,2171.0,610.0028097780275,1.1299010648248764,722.7289310470632,232.27383863080684,1338.1496639295003,133.68912648195536,0.4444956241363427,1981.0,190.0,1653.1136691660522,385.5857124417691,1267.527956724283,1226.5604267975366,358.07706755904485,290.1837255868294,338.4328011000789,1851.523588506189,575.5668708538919,1100.7754160157092,1370.562136265979,3716.2735448837616,597.9266141867768,,1.202358554534729,2012,776.1403149192306,40.106737944586605,-0.2880602901854321,109.93896491947572,214.84374999999997,416.816816816817,643.8356164383559,294.9640287769784,236.49471828462495,571.2733468880419,2392.669268623791,176.3668430335097,111.63808828894564,15.89242053789731,173.2435033686237,53.44418052256532,43.78818737270876,206.70055384271936,9.147150759291682,62.03452565989227,15.508631414973069,14.81935890764093,0.1494579774997636,,,
Santa Clara,377.518918459315,1.11304781565225,3989.0469551823735,450.9530448176265,250.40712,25.432849821624497,21291.311963268447,2162.473413963482,458.430540827148,50.19305019305019,1029.5748613678372,204.9062049062049,96.79370840895342,355.5794744150958,,,267.64563141784913,45.48854537562487,25.62734950739429,9.930597934115289,0.7207692048954645,126.05452538949568,42.5253830888324,83.52914230066327,83.58132811835736,0.967721790222725,58.31079050195373,96.29629629629632,105.90778097982707,72.13765718067502,,44.05366372067252,163.80695979814556,422.3045764026545,24.324818902839088,0.7028885832187071,309.07235779270496,1.539995432962743,335.10074231177134,203.77520377520375,291.11067331055705,499.5039898883071,77.10558044428629,8075.0,686.59127625202,1.2717649848513404,793.5312831389193,253.96825396825395,1182.8444165614565,96.09790236424732,0.4501547987616099,7483.0,592.0,1948.1322781269448,270.5161483142278,1677.6161298127167,941.88517986395,259.95742656563084,221.99691510780303,264.76255459826723,1490.6084255211174,378.3854905592239,755.4976247354507,1701.0722748268956,3987.4745037203033,337.2000124971548,,0.6799435274218568,2012,683.3404266731493,18.992321919961043,-0.0777078578108823,78.72401426802683,275.9242560865646,390.2439024390245,570.6051873198845,377.23362011912633,208.46012008029572,663.8330828592766,2275.2736361285874,127.20318141851632,98.93955461293754,21.45002145002145,166.358595194085,87.30158730158729,27.22323049001815,147.48013372335146,8.11637688887224,43.24615229372787,19.380683064966934,7.2076920489546445,0.0845197000838492,,,
Santa Cruz,179.58748221906117,0.5294819544890048,953.7624383957864,-448.7624383957865,28.48099,-25.309304000645568,10128.374822190612,-9000.463727114353,220.5683355886333,26.89075630252101,675.1824817518249,95.31772575250837,30.63063063063063,263.8770594167533,,,193.33566729544305,29.784143340108788,17.765980237959628,4.180230644225795,0.5225288305282244,63.22598849391515,7.315403627395141,55.91058486652001,41.607396870554766,0.4817389899459758,26.90863579474342,62.43705941591136,57.69230769230767,46.15384615384615,,36.91937838069889,107.4486152992964,473.93364928909955,19.60015680125441,0.6361386138613861,143.66998577524893,0.7158554182192471,160.12629679747403,82.3529411764706,211.10164753340268,368.7104951702555,51.52714969879871,909.0,323.2574679943101,0.598766024425812,380.69463238610734,109.2436974789916,876.596219503368,68.35234143718196,0.4444444444444444,844.0,65.0,2159.2583222964627,387.28254884745314,1771.9757734490092,1469.3510714453669,286.34579912946697,312.4722406558782,580.0070018863291,2302.6230078660747,625.6868177711272,1372.0271314501592,1720.9108869709892,8214.84992101106,424.67006402717885,,1.0465877489051731,2012,507.8857243331126,16.82519173838325,-0.1324199035146778,61.13587317180225,127.03379224030034,250.7552870090634,211.53846153846146,307.69230769230774,174.29380956469478,431.5275033794323,1737.7567140600315,130.66771200836274,50.96977898060442,6.722689075630252,118.61313868613138,35.11705685618729,9.90990990990991,117.36418578658838,4.2062979345958125,33.964373984334586,10.973105441092711,5.747817135810468,0.1300950433108758,,,
Shasta,429.9065420560748,1.2675034658473534,907.295349469676,242.7046505303241,64.8577,13.68805688060922,24245.869158878504,5117.03060957354,543.0161943319838,110.15736766809728,1652.1739130434785,319.8847262247839,281.49300155520996,974.3368155283872,,,547.3231155055114,188.08936786721907,153.35214227012003,57.612959526895935,5.083496428843759,356.6919994238704,63.54370536054699,293.1482940633234,103.55140186915888,1.1989394073158537,98.14323607427056,116.7883211678832,141.84397163120568,140.7407407407408,,229.91362704281363,157.04750687082844,2155.1724137931037,183.4862385321101,0.7195121951219512,122.61682242990652,0.610955142980168,142.71255060728743,65.80829756795423,277.89780477679216,485.3291053779252,76.76377512226426,1478.0,552.5233644859812,1.023432561073788,685.7287449392712,175.9656652360515,2331.989141088967,205.25965956605447,0.2219215155615697,1355.0,123.0,2857.3989323265305,727.0934746441552,2130.305457682375,2266.392157859509,331.2745172796516,587.9910869362615,544.7813672910895,3400.745788038228,1166.475626314407,2342.6334431119126,1344.7192775814683,15193.965517241379,1303.7180106228873,,1.3255225586109805,2012,1846.6600357110417,128.49588444379015,-0.5226937445646183,234.6880851316202,404.0671971706454,598.5401459854015,510.6382978723404,607.4074074074075,946.581329356449,804.8684727129958,7758.620689655173,791.8879768227908,131.57894736842104,24.320457796852647,352.94117647058823,90.77809798270891,60.65318818040435,447.4665510576615,28.369221240836797,116.92041786340644,53.37671250285947,33.04272678748443,0.1647677558355051,,,
Sierra,215.68627450980392,0.635912864152743,17.297967410449896,-6.297967410449896,0.620378,-0.3551927660145532,12164.27450980392,-6964.564039501043,314.2857142857143,0.0,461.53846153846155,200.0,0.0,508.7881591119334,,,277.5208140610546,92.50693802035153,0.0,0.0,0.0,92.50693802035153,46.25346901017576,46.25346901017576,98.0392156862745,1.1351181831138628,100.0,111.1111111111111,****,0.0,,203.87359836901123,671.1409395973154,0.0,0.0,0.0,39.21568627450981,0.1953975379569523,28.57142857142857,62.5,92.50693802035153,91.17125987719332,93.88233396947648,13.0,254.9019607843137,0.4721519184820635,342.85714285714283,62.5,1094.0551185263198,93.88233396947648,0.1538461538461538,12.0,1.0,1477.199743095697,545.9216441875401,931.2780989081566,2358.926919518964,601.2950971322849,462.5346901017576,370.0277520814061,3190.9940957017657,1502.1173435116236,2038.735983690112,6040.268456375839,0.0,4255.31914893617,,0.7869076188588955,2012,1002.8838586491264,0.0,-0.1372549019607842,231.2673450508788,225.00000000000003,111.1111111111111,****,0.0,458.7155963302753,671.1409395973154,25000.0,0.0,142.85714285714286,0.0,153.84615384615387,100.0,0.0,455.8562993859665,0.0,92.50693802035153,46.25346901017576,0.0,0.0978157644824311,,,
Siskiyou,290.8496732026144,0.8575188622665777,207.57560892539877,-29.575608925398768,10.038844,-1.6680051921746395,16403.339869281044,-2725.4986800239203,358.2089552238806,69.93006993006993,622.9508196721312,305.5555555555556,130.71895424836603,599.3669607380969,,,383.86423328170247,111.11859384470334,67.34460233012324,13.468920466024649,3.3672301165061618,181.83042629133277,30.305071048555455,151.5253552427773,57.18954248366013,0.6621522734830866,60.538116591928265,18.867924528301884,63.829787234042534,60.60606060606061,,113.09847945377624,34.65003465003465,785.3403141361256,156.4333202972233,0.7341772151898734,129.08496732026146,0.6431835624416349,144.98933901918974,76.92307692307693,266.0111792039868,455.7863976737635,74.43129052611529,257.0,419.93464052287584,0.777840019550579,503.1982942430704,146.85314685314685,1581.8469095736498,142.09610009531102,0.3073929961089494,236.0,21.0,1273.744986557363,229.18594913834903,1044.5590374190142,2060.7448313017712,616.2031113206277,363.66085258266554,515.1862078254428,3143.5855957205154,967.6067768394988,1868.2193272734885,1836.451836451836,12303.664921465972,2581.149784904185,,1.4675568167894508,2012,1126.060511899886,67.66480956919573,-0.2543236773447376,117.85305407771568,286.9955156950673,264.1509433962264,319.14893617021266,318.1818181818182,536.1705692623466,485.10048510048506,3926.7015706806283,821.2749315604224,68.23027718550107,20.97902097902098,125.6830601092896,46.29629629629629,32.67973856209151,214.48771655235925,20.29944287075872,77.44629267964173,16.83615058253081,16.83615058253081,0.1824231822330392,,,
Solano,225.020475020475,0.6634331048115756,1656.5347614242608,-557.5347614242608,61.981402,-31.44384547480546,12690.704750204752,-6438.133799100213,284.02366863905326,36.878216123499136,647.5535168195719,86.76140613313387,71.49404216315307,386.2333636743831,,,297.67029939235897,40.76712482823334,27.412377039674144,8.083136819391093,1.4057629251114945,75.9111979560207,13.003307057281324,62.90789089873939,49.75429975429976,0.5760655054598732,34.773969200198714,68.38905775075987,58.57519788918205,53.45911949685536,,56.87034374060624,71.20140504105947,268.8432474326681,29.84183825723665,0.6984478935698448,184.6846846846847,0.920216783486458,210.5970952124798,102.05831903945112,316.999539612642,545.5912965505452,84.3798201058524,2001.0,409.7051597051597,0.7588920719620277,494.620763851533,138.93653516295026,1281.4079110554949,114.87000720292512,0.4507746126936531,1839.0,162.0,2556.8324084827123,440.20822850765575,2116.6241799750564,1716.436531561135,459.68447651145874,469.8762577185171,383.42183782416015,2590.687663569511,826.7804222136463,1635.4285992834334,1041.1227670448252,4589.711296260415,558.2179156353677,,0.7441308795469731,2012,735.8166145049498,30.490187097072713,-0.3673533768585065,85.40009770052329,142.5732737208147,270.516717325228,285.4881266490765,292.4528301886793,233.1684093364856,281.6411132735242,1310.3080798294905,163.2524092895887,62.93706293706294,7.718696397941681,100.91743119266056,36.64921465968586,21.998166819431713,163.05027253234684,6.381667066829173,46.39017652867932,17.220595832615807,8.434577550668967,0.0924984446883631,,,
Sonoma,224.06639004149375,0.660620153857659,1553.0861327931386,-527.0861327931386,57.864348,-29.72660371726743,12636.896265560166,-6491.942283744798,279.1428571428571,45.41241890639481,609.6121416526138,175.0000000000001,30.18446059250978,304.8083064719776,,,214.79181830335256,47.830543218312265,16.042542445893552,6.832934745473181,0.2970841193683992,68.62643157410021,8.021271222946776,60.60516035115343,52.413190652981,0.6068506906011654,35.02334889926617,85.79599618684459,61.48867313915854,116.59192825112106,,45.76738833846945,115.34912334666257,349.3289207574922,109.60752076219384,0.4494047619047619,220.1354007425202,1.0968548407175154,250.0,123.26227988878593,299.46079232334637,522.2184411041638,78.67467117165305,2034.0,444.2017907840139,0.8227897779464508,529.1428571428571,168.67469879518072,1105.3126319141843,107.6600763401568,0.495575221238938,1852.0,182.0,1278.027869728367,366.84701947032374,911.1808502580432,1360.3481825878998,352.3417655709214,273.31738981892704,531.4834895500661,2088.8737644166554,638.2704525880724,1306.7679070355375,1344.458115451656,5681.191395477113,940.0952742295856,,0.8311979450538945,2012,583.0941908100207,28.985405168503753,-0.1673731000607441,71.3001886484158,155.1034022681787,340.32411820781687,365.6957928802587,408.0717488789237,202.68414835607905,457.5515226084282,2077.5877918735064,383.6263226676784,65.71428571428571,9.267840593141797,109.61214165261384,55.43478260869569,6.148686416992733,137.26884737595165,5.915388809898725,38.620935517891894,15.151290087788356,3.267925313052391,0.1033212291800819,,,
Stanislaus,209.56926923514035,0.6178779551021352,2984.4081420499733,-1140.408142049973,103.997912,-64.3167383953344,11819.287646323446,-7309.550902981518,254.4011544011544,43.33868378812199,595.696489241223,173.24263038548753,101.68195718654434,545.0976682589983,,,310.97762852953696,112.92153431395734,78.6312254646928,42.56727995081115,0.8868183323085655,180.31972756940831,33.69909662772549,146.6206309416828,65.80293215138083,0.76187986882985,54.78547854785477,70.56263599626983,98.48484848484846,100.79575596816971,,147.90966224323714,170.18150194546695,805.3524965927395,133.40822918129476,0.7782646801051709,129.67382657120126,0.6461176344614736,144.5887445887446,74.3713215623328,337.2865723880244,596.250411757977,81.65049049302449,2985.0,339.24309580634167,0.6283760157195918,398.989898989899,117.71000535045478,1645.3417051006052,129.230992147233,0.3822445561139028,2765.0,220.0,3000.017201933495,549.5062089423295,2450.5109929911655,2601.0381686610226,522.0403916189755,651.8114742467956,773.3055857730691,4123.767817847086,1097.8760196508113,2699.7968469699313,2411.7792588483135,8177.425350018589,1323.550063193372,,1.1701862849889488,2012,1049.091293342628,47.58050165420851,-0.3126231464010489,171.15593813555316,168.75687568756874,219.4591234069009,362.121212121212,350.1326259946949,455.6092808857947,529.2869619977959,2961.219179779457,463.4180592613397,80.51948051948052,11.235955056179774,130.80407701019254,74.82993197278911,38.9908256880734,332.04364247599915,12.33568561405406,68.28501158775954,48.7750082769711,30.151823298491227,0.1454588357131855,,,
Sutter,242.0091324200913,0.7135211589061288,371.3975355773066,-106.3975355773066,14.94547,-6.000608211488938,13648.831050228311,-5480.007499076653,324.84076433121015,32.25806451612903,540.0593471810089,109.14454277286136,98.29059829059828,432.6742534328211,,,297.15741179159795,60.41112217741278,37.55285973190524,8.163665159109835,0.0,44.083791859193106,11.429131222753767,32.65466063643934,82.1917808219178,0.9516333261173754,91.18541033434651,73.26007326007327,63.29113924050635,58.82352941176472,,186.61358546902215,120.28628134961208,408.8307440719542,44.464206313917295,0.8325991189427313,207.30593607305937,1.0329302725696974,245.85987261146497,109.67741935483872,370.6303982235864,630.278919771944,111.0181013242765,492.0,449.31506849315065,0.8322610423991526,570.7006369426751,141.93548387096774,1463.030860403269,143.67048406671074,0.4613821138211382,448.0,44.0,2049.913638855275,328.89633559837415,1721.0173032569012,1787.8426698450537,550.2310317240028,553.4964977876467,382.05952944634026,2563.569699590549,1012.223865015462,2046.528987310276,1641.9077404222048,6459.525756336876,755.8915073365939,,1.0278605614635872,2012,832.7519406313249,32.65238274243426,-0.4869190435665852,146.945972863977,211.2462006079028,311.35531135531136,278.4810126582279,223.5294117647059,432.3214730032347,511.2166957358513,1798.8552739165987,168.96398399288574,108.28025477707008,16.129032258064516,133.53115727002967,70.79646017699115,17.094017094017097,277.5839802104416,16.32619137121713,73.4729864319885,39.18559276372721,6.530932127287867,0.1277671790072351,,,
Tehama,310.0840336134454,0.914227974827385,403.61923957716425,-34.61923957716425,20.810862,-1.9524558736729096,17488.119327731092,-1640.7192215738723,398.14814814814815,76.68711656441718,1029.7029702970297,193.54838709677415,132.78008298755188,901.5392132909848,,,508.18470559491817,131.93256779868068,156.36452479843635,31.761544099682386,9.772782799902272,295.62667969704376,63.52308819936477,232.10359149767896,100.84033613445378,1.1675501312028302,100.89686098654704,99.56709956709958,86.95652173913041,113.63636363636364,,300.80213903743316,270.11156782149146,873.3624454148471,220.6531332744925,0.578125,161.34453781512607,0.8039212990228897,189.81481481481484,85.88957055214725,469.093574395309,800.7661974738877,136.92189298958715,561.0,471.42857142857144,0.8732216250607835,587.9629629629629,162.5766871165644,2480.4221238825303,259.17358315886133,0.3422459893048128,508.0,53.0,1848.869521283314,558.9238347859039,1289.9456864974102,2907.402882970926,493.5255313950647,681.6516002931835,1177.6203273882238,4218.670698886824,1594.162039807336,2981.283422459894,2712.8596594245446,10043.668122270745,1941.747572815534,,1.538840605696584,2012,1679.6559264086425,122.25169016927424,-0.2133984756693373,293.18348399706815,290.3587443946187,346.32034632034635,695.6521739130433,318.18181818181824,865.6417112299464,939.5184967704052,6986.899563318777,617.828773168579,126.15740740740742,33.74233128834356,311.8811881188119,78.85304659498208,24.896265560165972,532.2165580771571,53.79074367448066,153.9213290984608,53.7503053994625,29.318348399706817,0.1912840423137519,,,
Trinity,117.93611793611794,0.3477138019758576,138.04456345202172,-90.04456345202172,2.707104,-5.078333289567121,6651.36117936118,-12477.477369943785,147.90996784565917,20.833333333333332,315.2173913043478,100.0,27.47252747252747,515.7408402277856,,,311.5934243042871,42.97840335231546,53.72300419039433,42.97840335231546,0.0,118.19060921886752,42.97840335231546,75.21220586655205,39.31203931203931,0.4551628685115046,43.103448275862064,41.666666666666664,0.0,0.0,,195.4652071931196,141.643059490085,0.0,0.0,0.5081967213114754,149.87714987714986,0.7467834650910057,167.20257234726688,93.75,655.4206511228108,1075.3931359989244,201.2720817497147,109.0,267.8132678132678,0.4960673813724799,315.1125401929261,114.58333333333331,2026.7024486133575,245.99921102742908,0.5596330275229358,98.0,11.0,1124.181060154854,156.3430613460393,967.8379988088146,4373.052541098098,988.5032771032556,429.7840335231546,1955.5173525303535,6431.678178762798,2146.90220533029,4534.792806880376,3399.43342776204,35483.87096774194,2678.5714285714284,,1.3801408500483652,2012,951.3093126144332,44.727129277714376,-0.5641594673852739,171.91361340926184,109.19540229885057,41.666666666666664,454.5454545454545,166.66666666666666,495.1785248892364,141.643059490085,16129.032258064515,446.4285714285714,45.01607717041801,20.833333333333332,54.34782608695652,50.0,10.989010989010987,289.5289212304797,44.727129277714376,53.72300419039433,21.48920167615773,21.48920167615773,0.1715570279223852,,,
Tulare,348.7915407854985,1.028350219304626,2245.344005042712,63.65599495728793,130.222982,3.5900708036011246,19671.145317220544,542.3067679155793,434.22607325718786,67.44487678339819,977.1886559802712,201.94647201946472,110.0104275286757,828.4151044936766,,,568.6608664454211,119.11382186743208,75.70185666875953,23.32047717284061,1.793882859449278,246.83828146022063,38.7478697641044,208.09041169611623,67.06948640483382,0.7765442942123959,58.76731963688484,69.80273141122913,68.87052341597796,95.2380952380952,,125.30051750132432,170.59467077082832,656.6850538481744,133.62731342286364,0.5760673481659652,251.20845921450152,1.2516806183340634,285.34856242615206,138.78080415045395,596.6454390528298,1029.80473538015,155.0514378588611,3972.0,600.0,1.111372977350088,719.5746356833399,206.22568093385212,2596.8988979151604,230.4035385005506,0.4186807653575025,3654.0,318.0,2485.231162964419,464.11609090487184,2021.115072059547,2375.100905910844,581.9355996053457,589.8286841869226,688.133464884743,3608.936125783576,1117.2397998988963,2132.1462043111533,2443.954087782084,9535.066981875492,1403.0867909400683,,1.568364421143626,2012,1567.0941625350108,75.3521006416895,-0.1820989556512666,159.2967979190959,267.55852842809355,12.139605462822455,418.73278236914604,476.1904761904761,570.4739008190375,29.668638394926663,3992.6451273969,668.1365671143182,80.74044899566758,22.04928664072633,122.68803945745994,66.90997566909977,40.14598540145985,291.387123192451,24.63434059439849,71.39653780608126,39.46542290788412,27.62579603551888,0.1949539706626201,,,
Tuolumne,250.29239766081872,0.7379429026435977,289.9953359987189,-75.99533599871887,12.069172,-4.285984959655747,14115.990643274854,-5012.847906030111,351.30434782608694,42.857142857142854,879.4326241134752,200.0,101.6949152542373,574.0189372602666,,,332.6091038330517,83.15227595826292,80.46994447573832,32.18797779029532,0.0,206.539524154395,16.09398889514766,190.44553525924735,53.80116959064328,0.6229209959263444,54.739652870494005,27.777777777777775,71.42857142857142,99.99999999999996,,136.67122237407912,46.25346901017576,94.33962264150944,105.3740779768177,0.6934306569343066,160.23391812865498,0.7983874840381439,189.56521739130432,100.0,367.4794131058716,539.2346679645536,164.0576988668719,351.0,410.5263157894737,0.7604130897658496,540.8695652173913,142.85714285714286,1538.550291164919,234.3681412383885,0.3903133903133903,311.0,40.0,1645.0712556144988,194.08144026912612,1450.9898153453726,2293.393417558542,378.2087390359701,415.76137979131465,791.2877873447601,2844.586551189159,1640.576988668719,2496.749891663055,1665.1248843663277,1320.7547169811326,1053.7407797681772,,1.0825090587177848,2012,999.3156232003654,70.31044237151653,-0.2611294533997971,123.38724819613206,240.3204272363151,236.11111111111111,285.71428571428567,649.9999999999999,600.0200006666889,393.154486586494,377.35849056603774,684.931506849315,78.26086956521739,3.571428571428571,141.84397163120568,70.96774193548387,10.169491525423728,222.61981704958637,5.859203530959711,53.64662965049221,29.50564630777071,8.04699444757383,0.1345602057979618,,,
Ventura,223.77441469408873,0.6597593161439366,2622.168353925258,-892.1683539252581,97.56854,-50.316510824676705,12620.429439917216,-6508.409109387749,277.3685972547707,41.54809334092203,680.3140773976444,122.54335260115606,71.72131147540983,310.3183543440982,,,217.58159758346304,38.02745151499932,31.390584977004156,10.762486277829996,0.3587495425943331,85.38239113745131,13.63248261858466,71.74990851886663,54.3267365153279,0.6290061177674025,36.061461273126376,66.1241098677518,79.20792079207921,63.10679611650481,,41.29115651143585,119.45674746843584,330.5102251600909,25.170384138785625,0.5826819001803969,215.10800672616736,1.0718051601825764,239.20321392701703,133.1815594763802,298.30024466718805,511.92544359136264,84.0668859590682,3393.0,438.88242142025615,0.8129367723340768,516.5718111817878,174.72965281730222,1105.529684340759,110.2928802967262,0.4901267315060418,3086.0,307.0,1218.7922233448453,199.67217285082415,1019.120050494021,1386.746356898395,319.82521722284804,310.3183543440982,437.6744419650864,2140.127781675858,631.220165085824,1145.02172273886,1806.5535809457297,4172.691592646147,398.85377942998787,,0.6625484106656531,2012,593.6042407493967,26.22599433765803,-0.2333101996955314,75.33740394480998,157.72969582941363,254.0691759918617,423.26732673267327,276.6990291262134,180.6039280456716,458.9895796960285,1766.1640156992355,110.36245353159852,65.61767659859392,15.93625498007968,111.04879416713403,51.445086705202314,26.63934426229508,140.43021265767263,10.05928549937568,35.516204716838985,15.964354645447829,11.659360134315827,0.0823574174943928,,,
Yolo,371.13899613899616,1.094237742155424,702.7723230284743,66.22767697152574,43.370062,3.7351085258401087,20931.497104247104,1802.6585549421395,457.920792079208,63.59649122807018,1006.8649885583524,332.541567695962,199.00497512437812,528.6785785489869,,,302.49489539864015,96.24837580865822,82.49860783599277,21.312140357631467,4.812418790432911,197.99665880638264,20.624651958998193,177.37200684738443,118.72586872586872,1.3746325024465755,82.483781278962,162.82642089093702,153.48837209302326,141.73228346456696,,120.16309777765775,264.72204185605113,812.2077282795964,65.9678956241296,0.631336405529954,209.45945945945945,1.0436604983443971,236.38613861386136,114.03508771929825,298.3699650068405,538.6936071450941,69.75679898402997,1203.0,580.5984555984555,1.075435723738864,694.3069306930693,177.6315789473684,1582.2361969026065,108.65962918666207,0.3607647547797173,1122.0,81.0,1828.0697475917557,271.18644067796623,1556.8833069137895,1424.4759619681415,300.4324302027403,289.4326158246079,414.5555043758637,2278.8713852001893,611.7134680138014,1456.808792158345,1625.7929174366914,5291.656411518583,465.4401524591365,,1.4807256928558528,2012,1043.5425897575124,38.9028302026321,-0.3058477291724714,169.12214606378518,253.01204819277103,466.97388632872503,581.3953488372093,527.5590551181103,368.59017632921984,759.2028370211278,3076.5444253015016,245.5471670453712,143.56435643564356,30.70175438596491,267.73455377574373,130.64133016627076,44.776119402985074,327.16470381586873,18.780676649546532,80.43614264009295,37.81186192483002,18.562186763098374,0.1840601262007154,,,
Yuba,295.6989247311828,0.8718160234352121,441.60693271383855,-56.606932713838546,21.71323,-3.1925177911950664,16676.827956989247,-2452.010592315717,379.45066124109866,37.61755485893417,757.9787234042553,124.29378531073446,83.33333333333333,813.9879064653896,,,602.5624762146391,93.02718931033024,50.74210326018014,10.571271512537528,2.1142543025075056,167.02608989809295,31.713814537612585,135.31227536048036,113.67127496159756,1.3161093772877783,111.49425287356324,109.00473933649288,141.89189189189185,95.8904109589041,,328.33496936668587,219.1519771319676,1421.8009478672984,121.04444060176378,0.7897310513447433,314.1321044546851,1.565206314993882,368.26042726347913,147.33542319749216,864.7300097255699,1519.588747435185,200.20646687139737,794.0,609.8310291858678,1.1295828776446104,747.7110885045778,184.95297805642633,3085.35284354934,251.32301160452008,0.5151133501259446,735.0,59.0,2068.1830608562527,389.5784351249385,1678.604625731314,2752.759101864772,794.9596177428222,748.446023087657,608.9052391221616,4126.397068311567,1358.848147488846,2944.860034525944,2010.4811815150072,10020.311442112392,1262.3205948469652,,1.4326370781831714,2012,1565.7640961141549,51.11654473312272,-0.370677939001479,312.9096367711108,283.90804597701157,331.75355450236964,297.29729729729723,328.7671232876712,836.0694580780557,666.9842782277275,2979.011509817197,415.0095106346187,145.47304170905392,15.67398119122257,218.08510638297872,93.22033898305084,34.72222222222222,600.2795328266063,21.2985603054678,173.36885280561546,69.77039198274768,21.142543025075057,0.178082519052966,,,
Alameda,292.05663546916236,0.897355057076831,4068.623641452776,-417.6236414527757,218.764269,-25.02359097220887,17499.741540676743,-2001.7271396055369,355.3852359822509,49.129593810444824,1178.9137380191692,65.29209621993125,7.823613086770981,333.9647960308407,,,303.77898866568665,19.117677997930898,3.0185807365154056,0.4573607176538493,0.2744164305923096,57.62745042438501,12.165795089592391,45.461655334792624,54.955603551715846,0.6165147965754721,19.259705085765873,57.72113943028489,76.70772676371776,50.34722222222222,,16.86740637271697,64.72899985288863,310.9255140483864,16.87528004236277,0.7773798866010146,268.05855531557467,1.3588281439367649,307.0794675272287,118.37524177949697,306.5231529716098,566.3019644819872,55.08253379655464,7002.0,560.115190784737,1.071507409208034,662.4647035094796,167.50483558994182,1221.687226496609,77.94358540492863,0.4785775492716366,6569.0,433.0,4564.205734723323,745.4810095714199,3818.724725151903,1143.4932662781544,257.67702832617874,292.8023314419944,385.8295014127873,1844.154443285184,465.32140478462054,875.7873652584141,1121.4089065422515,4053.3793291271413,335.1779760138261,,0.869510509142086,2013,655.3852620146215,22.861051608373984,62.84136260563889,62.84136260563889,102.91904905206138,222.6386806596703,452.96752519596834,250.0,90.1352028042063,249.66899943257044,1836.049203395216,83.79449400345652,66.65994352561516,10.058027079303665,171.81398651047212,28.116213683223982,5.215742057847321,122.93123104190262,4.680215289903336,44.272517468892616,8.232492917769287,2.0123871576769368,0.1080836341381162,,,
Alpine,83.33333333333333,0.2560448180525305,3.905566250494624,-2.905566250494624,0.059919,-0.1740986241633873,4993.25,-14508.21868028228,83.33333333333333,****,500.0,0.0,0.0,119.76047904191616,,,119.76047904191616,0.0,0.0,0.0,0.0,0.0,0.0,0.0,0.0,0.0,0.0,0.0,****,0.0,,0.0,0.0,****,0.0,0.0,0.0,0.0,0.0,****,0.0,0.0,0.0,1.0,83.33333333333333,0.1594177154445115,83.33333333333333,****,226.2443438914027,0.0,0.0,1.0,0.0,3350.5154639175257,515.4639175257732,2835.0515463917527,1437.125748502994,239.5209580838323,0.0,359.28143712574865,2714.9321266968327,0.0,1326.6998341625208,3636.363636363636,****,564.9717514124294,,1.1538349133834764,2013,226.2443438914027,0.0,0.0,0.0,0.0,0.0,****,1000.0,0.0,0.0,****,564.9717514124294,0.0,****,0.0,****,0.0,0.0,0.0,0.0,0.0,0.0,0.1434262948207171,,,
Amador,307.6923076923076,0.945396251270882,165.01017408339789,-9.010174083397883,9.347364,-0.539880620903118,18436.615384615383,-1064.8532956668969,447.05882352941165,23.952095808383227,1037.0370370370374,257.57575757575745,165.71428571428564,612.6055370115845,,,329.8645199293147,66.75829569998037,113.88179854702533,70.68525427056744,7.85391714117416,208.12880424111523,43.196544276457885,164.93225996465736,120.31558185404336,1.3497501924767623,115.9029649595687,169.23076923076923,217.3913043478261,41.66666666666667,,218.85179153094464,317.91907514450867,562.429696287964,136.23978201634876,0.4565217391304347,181.45956607495063,0.9198451624829362,211.7647058823529,119.76047904191616,361.2801884940114,492.1394395078605,184.58698661744347,248.0,489.1518737672583,0.935753690656541,658.8235294117646,143.71257485029938,1531.1004784688996,221.50438394093217,0.3709677419354839,224.0,24.0,2389.441754031185,266.0848278431164,2123.356926188069,1990.9679952876504,318.0836442175534,259.1792656587474,687.2177498527393,2323.9917976760084,1541.3013382556533,1888.2328990228016,1878.612716763006,2587.1766029246346,3269.7547683923704,,0.7122891183514328,2013,1038.9610389610389,36.91739732348869,239.5444728058119,239.5444728058119,274.93261455525595,430.7692307692308,391.304347826087,354.16666666666674,519.1368078175896,809.2485549132947,1012.3734533183352,1158.0381471389644,164.70588235294116,29.94011976047904,296.2962962962964,181.81818181818173,68.57142857142854,382.7751196172249,46.14674665436087,94.24700569408994,47.12350284704497,47.12350284704497,0.0885403864116808,,,
Butte,350.2519798416126,1.0761624534130116,904.1385869895056,68.8614130104944,58.301187,4.126107006175814,20986.748380129586,1485.279699847306,443.159922928709,75.49857549857546,1070.2987697715291,233.7434094903338,115.79892280071812,639.9084529736342,,,400.51824035040414,87.46950076618022,84.83883908900187,42.74825225414822,5.261323354356705,94.70382037842067,27.6219476103727,67.08187276804797,122.75017998560114,1.377062525975345,105.6947608200456,149.5016611295681,237.5,213.11475409836063,,200.7250326610775,216.37736211953649,1721.7942908926143,193.05019305019303,0.6264855687606112,212.0230381569474,1.0747758864531172,246.6281310211946,109.68660968660963,387.3649319645124,668.931277763261,101.96919735674652,1562.0,562.2750179985601,1.0756391858502248,689.7880539499037,185.1851851851851,1870.9171674941208,172.15578774515646,0.3770806658130601,1432.0,130.0,3087.1673427489613,285.44029390445405,2801.727048844507,1826.994534800366,374.21162357862056,374.2116235786208,732.6392770941712,2712.3072903057223,929.6412538238454,1899.101063323556,1447.3241332884552,7249.660172179429,905.850905850906,,1.6050315304523677,2013,1201.9858897308598,70.18659038840994,224.26390797945453,224.26390797945453,290.66059225512544,498.33887043189367,737.5,549.1803278688524,551.9938398179631,721.2578737317882,5346.6243769823295,497.4754974754975,147.8805394990366,48.43304843304841,251.31810193321624,100.17574692442876,61.04129263913823,401.0974653775803,45.02535987181015,94.0461549591261,37.486928899791515,44.72124851203199,0.1995118390101098,,,
Calaveras,182.79569892473123,0.5616466976636155,181.608830648,-79.60883064799998,6.111738,-4.7700815235975105,10952.93548387097,-8548.53319641131,233.5766423357665,40.81632653061224,428.5714285714288,238.09523809523813,70.96774193548386,340.6244782100518,,,190.34897311738183,83.48639171814995,36.734012355985975,16.69727834362999,3.3394556687259973,46.75237936216397,3.3394556687259973,43.41292369343797,77.0609318996416,0.8645015555022596,75.00000000000003,76.92307692307693,125.0,111.1111111111111,,144.3348568679336,130.42060645582,389.10505836575874,119.11852293031568,0.5416666666666666,129.03225806451616,0.6540834465341498,153.28467153284674,61.22448979591835,240.44080814827183,420.0840168033606,60.208723575060205,174.0,311.82795698924735,0.5965308061794627,386.8613138686132,102.04081632653059,1060.2120424084817,100.34787262510036,0.4137931034482758,159.0,15.0,2681.9753524248604,288.14611224399323,2393.829240180867,1863.4162631491065,444.1476039405575,350.6428452162297,517.6156286525297,2740.5481096219237,983.4091517259836,1924.464758239114,1695.46788392566,3112.84046692607,1072.0667063728408,,0.686133092658985,2013,640.128025605121,40.13914905004014,143.5965937552179,143.5965937552179,160.41666666666674,326.92307692307696,125.0,388.8888888888889,308.7162216341913,554.2875774372351,389.10505836575874,416.9148302561048,92.45742092457424,34.01360544217687,97.74436090225568,123.80952380952382,51.61290322580644,253.38401013536043,33.44929087503345,43.41292369343797,43.41292369343797,26.71564534980798,0.0852890877997307,,,
Colusa,194.69026548672565,0.5981932032377705,110.33224657647312,-44.332246576473125,3.954654,-2.6563438826156935,11665.646017699117,-7835.822662583165,253.01204819277103,33.33333333333333,827.5862068965517,192.3076923076923,43.4782608695652,475.0935790382954,,,345.5226029369421,71.98387561186294,14.396775122372588,7.198387561186294,0.0,57.58710048949035,14.396775122372588,43.190325367117765,67.84660766961652,0.7611314374230634,62.49999999999998,85.47008547008546,83.33333333333333,0.0,,181.65304268846504,130.97576948264572,2459.0163934426228,0.0,0.6521739130434783,203.53982300884957,1.0317732242894884,220.8835341365462,155.55555555555554,496.68874172185434,768.4784127427694,207.86933927245732,135.0,398.2300884955752,0.7618191711507633,473.8955823293173,188.88888888888886,1648.735503702669,252.4127691165553,0.5111111111111111,118.0,17.0,2630.6207900964864,195.7036227926452,2434.9171673038413,2440.2533832421536,417.50647854880503,374.31615318168735,331.1258278145696,3479.111359508174,1336.30289532294,2906.4486830154415,1532.4165029469548,29508.196721311473,4126.984126984128,,0.951857400488492,2013,880.2570909598994,44.543429844098,165.56291390728478,165.56291390728478,187.49999999999991,247.86324786324784,138.88888888888889,76.9230769230769,544.959128065395,379.82973149967256,4098.360655737704,317.46031746031747,92.36947791164658,0.0,137.9310344827586,134.6153846153846,21.7391304347826,321.363699874249,0.0,57.58710048949035,50.38871292830406,7.198387561186294,0.1183196821020193,,,
Contra Costa,162.71403717608294,0.4999450325201142,3554.390751804312,-1777.390751804312,106.476063,-106.49947645736258,9749.662393553714,-9751.806286728566,201.0026815902998,22.610921501706514,722.1431958274056,47.3996050032917,14.414923685698136,243.87298293575313,,,209.01437985996176,19.762357649267557,6.999168334115593,1.2351473530792223,0.0,42.81844157341304,10.70461039335326,32.11383118005978,32.780880871715084,0.3677495431957495,21.912350597609553,43.278084714548825,39.06249999999999,38.63987635239568,,28.56376210714007,53.652661799875574,211.97026360016352,17.75353828017924,0.7824104234527687,140.5548942404543,0.7124933798033043,160.66223621312827,66.97952218430044,210.66124299740068,386.9264895827484,42.14561444010759,3312.0,303.26893141653727,0.5801572825406716,361.66491780342807,89.59044368600695,871.005784242152,56.37311485619487,0.4634661835748792,3102.0,210.0,3241.8845014381545,363.6470466186149,2878.23745481954,1498.7826936642416,289.43619640489806,416.9308509616303,485.5501483549209,2408.322569775929,629.2313391567648,1303.5462343440297,1239.7189513758478,5426.438748164188,459.4615706910387,,0.6843524737064017,2013,484.0792946594035,14.227500416087276,49.13141693359573,49.13141693359573,98.05223550243468,168.04788213628,233.81696428571422,202.47295208655336,127.81562235821266,208.3321442229211,1268.7934349781217,93.02854058813922,39.40771831642769,8.532423208191139,104.31484115694631,23.370638578011878,6.783493499152064,94.90649744482508,5.368868081542368,30.192490853047655,9.7439402298472,3.293726274877926,0.0850677497418384,,,
Del Norte,215.9863945578231,0.6636263651565587,191.37274627423665,-64.37274627423662,7.609713,-3.857150584005984,12941.688775510203,-6559.779904772076,300.24813895781625,32.432432432432435,392.156862745098,182.9268292682926,51.42857142857142,640.2823292160323,,,403.327451474666,75.62389715149988,45.37433829089993,10.08318628686665,5.041593143433325,85.70708343836652,30.24955886059995,55.45752457776658,57.82312925170067,0.648683891432877,44.54342984409799,125.0,0.0,104.16666666666667,,158.69237483138934,108.1665765278529,0.0,400.0,0.4691358024691358,137.75510204081633,0.6983008223840349,151.36476426799004,108.10810810810811,408.36904461809934,522.6182316655243,245.0079627587897,208.0,353.7414965986394,0.6767119349481306,451.6129032258063,140.54054054054055,1559.2871830020565,318.51035158642657,0.3894230769230769,182.0,26.0,2777.4748245901046,636.2016941142255,2141.273130475879,2964.456768338796,1028.4850012603983,413.4106377615329,882.278800100832,3452.7073337902684,2266.323655518805,3562.643814964691,865.3326122228232,1063.8297872340424,3839.999999999999,,1.6987225364828369,2013,1036.668951336532,73.5023888276369,171.41416687673305,171.41416687673305,180.4008908685969,437.5,909.090909090909,229.16666666666666,642.7041180671268,378.5830178474851,967.1179883945842,880.0,79.40446650124066,10.81081081081081,88.23529411764706,60.97560975609753,28.57142857142857,274.16038382453735,24.50079627587897,90.74867658179986,25.207965717166623,25.207965717166623,0.2111580058032181,,,
El Dorado,207.16510903426797,0.6365226317941416,626.843383204387,-227.843383204387,23.907681,-13.652147678223663,12413.126168224302,-7088.342512057978,261.6690240452617,56.640625000000014,603.2482598607884,221.87499999999991,62.8019323671498,318.4738795546155,,,207.52683880751889,56.67079059743784,31.12902582112783,12.770882388155009,0.7981801492596879,82.21255537374786,12.770882388155009,69.44167298559285,63.86292834890968,0.716440867448406,62.303335431088705,81.0810810810811,41.666666666666686,75.0,,97.75750214770272,104.93179433368311,328.58707557502737,68.1353622530093,0.5648414985590778,180.16614745586713,0.913288633744529,205.79915134370583,109.37500000000003,276.9685117931117,462.4038644886544,89.81123602713583,746.0,387.3312564901351,0.7409695683589138,467.4681753889675,166.01562500000003,1050.3400495773217,136.32062611261688,0.4651474530831099,661.0,85.0,2009.5704282547135,214.017604319863,1795.5528239348507,1537.2949674741585,344.01564433092574,255.4176477631002,495.66987269026583,2246.8696370685816,821.1313008195274,1569.057281946461,1294.1587967820917,7886.089813800653,908.471496706791,,0.6173068832021698,2013,587.9361850886671,46.50939008548105,98.17615835894162,98.17615835894162,191.9446192573945,270.27027027027026,236.11111111111123,337.5,301.1721025762558,349.7726477789437,1861.9934282584884,306.6091301385419,79.20792079207922,21.484375000000004,116.00928074245932,106.24999999999996,22.54428341384865,177.969872243056,17.641492791044538,39.9090074629844,27.13812507482939,11.17452208963563,0.0767337146744725,,,
Fresno,191.99514291051727,0.5899123372019159,6968.832046299248,-2857.832046299248,246.327009,-171.23843838220463,11504.156968055286,-7997.311712226994,234.69997609371228,39.316239316239326,791.9868276619103,159.11059774761767,48.4076433121019,669.8156092617364,,,470.2232664386697,89.77582113919162,43.34005158443733,30.14251707940191,1.792257772288762,193.2379743576793,31.4459772774301,161.79199708024916,72.66953110405373,0.815236996600173,56.15511249314065,75.62595809913134,94.20046932618175,65.57377049180327,,147.6202840848985,295.1313301183517,911.1838905282272,108.01614841418792,0.6864290610006853,136.2787222118437,0.6908168364303435,160.76978245278482,48.71794871794874,475.4371072307825,869.9645546040207,74.86627504161974,7029.0,328.273865122361,0.6279920354153581,395.46975854649713,88.03418803418806,2139.9834415668415,135.28467244362866,0.415137288376725,6617.0,412.0,4332.251121730566,507.3713722894768,3824.8797494410887,3488.7112200224556,593.7261202018406,564.235333221453,895.3142235206135,5411.244211016541,1536.7288034858782,2628.795091505343,3902.513601632528,9672.81688770712,1647.246263316366,,1.5629849901718202,2013,1270.0188869628212,60.41839740200891,253.5230085164831,253.5230085164831,149.9908542162063,180.8891159938682,294.3345625209522,236.8852459016393,394.29522133425655,705.9222355533547,2847.0443269885536,390.2083361462538,86.83958881185738,22.008547008547016,206.64105378704727,94.7155645394167,32.93903548680618,469.91022224522,33.821168110907166,122.68819113940344,53.44186811915582,29.490786980387817,0.194285285876278,,,
Glenn,254.079254079254,0.7806681165797433,139.6239934551828,-30.623993455182813,6.531171,-1.8349590638410989,15224.174825174823,-4277.293855107457,314.37125748502984,42.10526315789474,700.0000000000002,246.3768115942029,92.43697478991598,601.6448639399459,,,386.3774355577634,93.83452006402828,60.71645415907712,16.559032952475576,0.0,171.11000717558096,11.039355301650383,160.07065187393056,81.58508158508157,0.9152553466124096,101.26582278481013,58.394160583941634,58.8235294117647,52.63157894736843,,237.83569517391737,118.02891708468574,699.3006993006993,180.99547511312215,0.6571428571428571,244.75524475524472,1.2407002438628538,272.4550898203592,147.3684210526316,579.5661533366451,982.8275191705368,158.04922104312485,214.0,498.8344988344988,0.954276674269244,586.826347305389,189.47368421052636,2116.8592720596175,203.20614134116053,0.4906542056074766,196.0,18.0,3015.6184632547765,526.4258820248222,2489.1925812299537,2367.9417122040077,551.967765082519,380.8577579069382,656.8416404481977,3607.301004428125,1072.4768570783472,2348.627489842434,2021.2452050752424,11888.111888111887,3438.9140271493206,,1.3359726496107034,2013,1134.031752889081,45.15692029803567,193.1887177788817,193.1887177788817,253.16455696202533,240.8759124087592,117.6470588235294,368.421052631579,594.5892379347933,486.8692829743287,1398.6013986013986,1266.9683257918552,98.80239520958082,21.05263157894737,200.00000000000009,57.971014492753625,50.4201680672269,356.40997947942543,22.578460149017836,110.39355301650384,22.078710603300767,33.11806590495115,0.1660667439448477,,,
Humboldt,168.99618805590845,0.5192471786681558,768.4201597848177,-369.42015978481766,23.907681,-22.13528655414649,10126.082592121978,-9375.3860881603,215.21862578080624,33.33333333333333,674.8329621380839,90.34907597535934,42.606516290726795,412.6462101703329,,,313.36291148273403,45.50484523181616,35.162834951857945,12.410412335949864,4.136804111983287,52.74425242778691,6.205206167974931,46.53904625981198,48.28462515883099,0.5416769889444727,38.56041131105398,28.30188679245281,48.78048780487804,140.35087719298238,,98.70628956477108,32.99604047514298,358.42293906810033,304.703865930299,0.6592797783933518,152.90131300296477,0.775079187861464,176.0363429869392,84.99999999999997,373.3465711064917,626.9592476489028,107.94107687097866,760.0,321.8975010588732,0.6157939707132337,391.2549687677455,118.3333333333333,1393.4674891293355,150.27091093802912,0.475,689.0,71.0,4053.592382989469,352.03422307383806,3701.5581599156303,2441.748627098136,464.35626157012456,503.6559006339653,825.2924203406664,3561.5330164829625,1269.895022011514,2559.78310937973,1165.860096788386,7347.670250896059,2171.015044753381,,1.5377646708138148,2013,766.5082414804328,42.329834067050456,117.8989171915237,117.8989171915237,136.76092544987148,273.58490566037716,207.31707317073167,381.5789473684209,350.0783069897214,318.9617245930488,1523.2974910394264,828.4136354980003,61.32879045996591,9.999999999999998,122.49443207126936,51.33470225872689,20.050125313283196,218.42451208413388,12.698950220115137,56.8810565397702,25.855025699895545,16.54721644793315,0.1911502993043196,,,
Imperial,126.1326567596956,0.3875473578062225,897.9547737595552,-549.9547737595552,20.851812,-32.95274008889879,7557.7426603842,-11943.72601989808,154.02089959109506,16.129032258064512,397.7272727272725,85.8505564387917,57.5176589303734,302.60606429509306,,,182.6071077642803,46.956113425100654,49.56478639316179,24.34761436857071,1.739115312040765,57.39080529734524,9.565134216224209,47.82567108112103,47.84342152953972,0.5367273832958895,30.991735537190085,51.877470355731205,38.46153846153847,72.463768115942,,92.71277582050809,115.89403973509935,153.94765779634926,136.05442176870747,0.5512295081967213,176.8756795940559,0.8966087694063629,194.45706497046808,107.52688172043008,424.3441361379466,710.9162181914824,109.49504534919797,836.0,303.00833635375153,0.5796587609058865,348.47796456156317,123.6559139784946,1274.0017274599695,125.91930215157764,0.583732057416268,767.0,69.0,3451.87645448133,287.14724488605754,3164.729209595273,2399.109572960234,459.12644237876214,546.9517656368207,861.7316371161985,3655.9032622417094,1018.303921747541,2991.532233141727,2233.9955849889634,4002.63910270508,1877.551020408164,,1.5260650097745978,2013,563.0855092684872,16.424256802379695,114.78161059469048,114.78161059469048,105.37190082644628,125.494071146245,164.83516483516485,188.4057971014492,315.2234377897274,280.3532008830022,659.7756762700682,353.74149659863946,58.155383916401675,7.1684587813620055,100.37878787878785,46.10492845786962,34.30877901109992,212.61045777689188,7.299669689946531,46.08655576908027,25.21717202459109,29.564960304693003,0.1896959846410611,,,
Inyo,193.39622641509436,0.5942172192539861,68.99833709207168,-27.99833709207168,2.456679,-1.677632360219843,11588.10849056604,-7913.360189716241,239.2638036809816,40.816326530612244,391.8918918918921,176.47058823529412,27.02702702702704,324.54682181587907,,,229.55750811367056,47.49465685110425,15.831552283701418,0.0,0.0,55.410432992954966,7.915776141850709,47.49465685110425,51.8867924528302,0.5820875984722322,28.037383177570096,0.0,****,190.47619047619045,,35.54502369668246,0.0,0.0,459.5060310166571,0.4189189189189189,349.0566037735849,1.7694191348459194,398.7730061349694,183.67346938775512,585.7674344969524,996.474015023762,147.29950900163666,115.0,542.4528301886793,1.037719091101066,638.036809815951,224.48979591836735,1594.3584240380192,180.0327332242226,0.6434782608695652,104.0,11.0,2060.801721818671,403.55125100887807,1657.250470809793,1678.14454207235,585.7674344969521,269.1363888229241,585.7674344969522,2498.8502222903567,801.9639934533551,1267.772511848341,2540.220152413209,3333.3333333333335,2412.40666283745,,0.9382538116219774,2013,597.8844090142572,32.733224222585925,87.07353756035779,87.07353756035779,186.9158878504673,66.66666666666669,****,404.76190476190476,236.96682464454975,169.3480101608806,0.0,976.4503159103964,67.48466257668713,0.0,81.08108108108112,88.23529411764706,0.0,168.63406408094434,0.0,47.49465685110425,23.747328425552126,0.0,0.116628701594533,,,
Kern,262.3524834651798,0.8060879267336578,5019.303559594005,-973.3035595940046,242.432274,-58.31937598731316,15719.898456750108,-3781.5702235321737,316.57264328346025,54.52836101535571,608.8688263409456,190.6625663964216,118.23976968949204,718.1564359845008,,,407.0026464934405,121.0535564363395,102.0612829192012,57.33181631809041,2.6624682500661176,254.53196470632088,64.43173165160005,190.10023305472083,96.29101283880178,1.0802325942339055,72.76270911158032,103.55464159811986,135.95302619692856,127.57201646090533,,201.7736262053497,259.9231659747672,925.214397688501,82.47093564606668,0.6674556213017752,164.37556737128787,0.8332438666496919,182.89592020276356,93.3876527734253,449.9571342611739,749.0072389523943,112.56964774766266,6581.0,426.7280508364676,0.8163361317652688,499.46856348622384,147.916013788781,2045.4560673939104,178.29823401643213,0.385199817656891,6109.0,472.0,4419.208941894967,572.5808774810589,3846.628064413908,2737.372356834643,668.4570286499329,634.9099286991003,863.1722066714356,4095.264881370912,1205.4018320899042,2773.036197648076,2510.0098070300924,6805.397596286851,646.4657213546517,,1.4433715583448576,2013,1296.4488284415158,65.72858626876948,263.5843567565457,263.5843567565457,186.61685885983437,272.4735605170388,418.2475158084912,477.36625514403283,517.4953047097027,683.9113090541746,2846.3406387360524,308.6009204820559,112.9915787752433,32.27828267000942,127.72172065852372,113.7824993010903,58.40016450750564,462.7304444489088,38.908301067145146,85.37648188545352,72.24163851846066,50.409398867918505,0.1794168578726351,,,
Kings,673.7846433439347,2.0702287969390434,716.3459431115555,766.6540568884445,88.859877,45.93714443469871,40372.50204452522,20871.033364242943,833.8350391330525,181.48148148148152,1733.333333333334,416.2162162162164,409.37500000000017,1431.0665933281225,,,853.0430670951182,148.60705015005453,252.82498142411873,165.97670536239855,7.719846761041794,451.6110355209449,124.48252902179892,327.128506499146,218.08268968650617,2.4465422337174982,142.8571428571429,238.17863397548155,364.4444444444444,200.0,,268.1669996845094,532.8944790564633,990.0990099009902,382.8361780188228,0.4742951907131011,273.96637891867334,1.3887757685214517,298.61529199277555,198.14814814814818,581.8834496135252,797.9279612618845,258.0302884151635,2086.0,947.751022262608,1.8130596333516649,1132.450331125828,379.62962962962973,3026.013095027429,494.3570946271825,0.2890699904122722,1881.0,205.0,2962.8050730043697,482.92124054140464,2479.883832462965,2123.9228401316227,492.1402310164142,357.0429126981828,617.5877408833433,2672.0934347903017,1302.2089321886754,1877.1689977915655,2237.373143685593,2716.735088142961,1914.1808900941137,,1.2855291794804242,2013,2228.0851337655445,236.3268062120189,463.1908056625075,463.1908056625075,492.9971988795519,691.7688266199649,1191.111111111111,608.3333333333334,925.4390577347776,1547.7449943184045,3235.933349432504,1164.460041473919,244.43106562311868,137.03703703703707,441.1764705882355,210.8108108108109,134.37500000000006,653.1426457103328,178.4508536703,217.1206901543005,75.26850592015748,82.98835268119927,0.1597964188448125,,,
Lake,240.15444015444015,0.7378835992062116,421.4756911992115,-110.4756911992115,18.634809,-6.619592940965553,14389.8138996139,-5111.654780668379,310.598111227702,43.859649122807014,664.5161290322583,186.335403726708,82.85163776493256,719.9407379971294,,,476.873929348581,69.44765961387101,99.54164544654846,57.87304967822584,4.629843974258067,136.580397240613,23.149219871290335,113.43117736932264,96.52509652509652,1.0828586422965356,88.02456499488227,116.95906432748538,245.28301886792454,63.82978723404255,,265.85056725091965,281.69014084507046,1651.8424396442185,202.56583389601624,0.5047318611987381,244.7876447876448,1.2408644843805192,279.11857292759714,149.12280701754386,733.8302699199037,1224.0014724829743,237.5850181682661,628.0,484.942084942085,0.9277003116523856,589.716684155299,192.98245614035088,2586.048223817412,307.46296468834436,0.5047770700636943,562.0,66.0,3391.274710293115,551.527545392576,2839.7471649005392,2997.823973332099,717.6258160100002,372.70243992777455,1201.4445113199683,4385.238358181483,1593.2171806577844,3020.1860953970763,2408.450704225352,6734.434561626429,3173.5313977042547,,1.5566106589020483,2013,1362.0467513344377,69.87794652007825,289.3652483911292,289.3652483911292,207.7789150460593,228.0701754385965,603.7735849056603,393.6170212765957,627.5309901387988,549.2957746478874,4066.073697585769,1249.1559756921,123.81951731374608,20.46783625730994,206.45161290322588,86.95652173913041,55.8766859344894,542.9780968157555,32.60970837603652,148.15500717625815,32.40890781980647,67.13273762674197,0.1934929310035152,,,
Lassen,406.3324538258576,1.2484718305041598,123.35080074478854,30.649199255211457,9.227526,1.8364693701730153,24347.03430079155,4845.565620509275,513.6986301369864,45.97701149425287,825.6880733944955,185.7142857142857,260.86956521739125,576.0885829717192,,,336.6751458925632,48.63085440670358,89.78003890468352,59.85335926978902,3.7408349543618136,130.92922340266347,59.85335926978902,71.07586413287446,81.79419525065963,0.9176012706067423,82.19178082191779,23.809523809523807,307.69230769230774,62.5,,141.87751241428234,19.10949742021785,139.51866062085804,116.55011655011656,0.328,329.81530343007915,1.6718821605012073,345.8904109589041,275.8620689655172,467.6043692952267,554.7621663187961,281.49190710767067,279.0,736.1477572559368,1.4082599242961076,859.5890410958904,321.8390804597701,1378.6663737229485,328.4072249589491,0.4480286738351254,251.0,28.0,2176.537973311867,393.2010278956005,1783.3369454162666,1417.7764477031274,407.7510100254376,261.858446805327,344.15681580128694,1603.8668570800835,1020.408163265306,1726.1764010404354,802.5988916491497,453.4356470177886,1864.801864801865,,1.124563961373608,2013,823.9042074041525,46.91531785127844,115.96588358521625,115.96588358521625,280.82191780821915,904.7619047619048,1769.2307692307693,343.75,484.7481674154647,726.1609019682782,802.2322985699336,641.025641025641,106.16438356164385,0.0,155.9633027522936,71.42857142857142,32.60869565217391,170.27353619685817,0.0,63.59419422415083,18.70417477180907,11.22250486308544,0.139787798408488,,,
Los Angeles,447.3474155553391,1.374491851465639,33434.90174277607,12521.09825722393,2753.637564,750.2516864746007,26804.609792660365,7303.141112378085,537.2022170832871,97.66201609447182,1323.9544338445426,241.31203511766904,114.40207330618276,668.7923579893153,,,478.65892259175234,86.4004750061486,58.45893685357906,28.02885545929631,2.4303317038953707,227.5489013299881,44.93930719538266,182.60959413460543,108.31305363574415,1.2151008434630153,62.02989622012756,97.47160131916472,149.09018196360728,214.05094494658977,,67.068597844231,157.0635883777917,642.3433125134611,92.1697302929706,0.543005517689062,179.9474350238489,0.9121799483391876,194.790098985672,122.18465787343477,269.0246220252085,466.5019649051041,74.18635693814458,64442.0,627.2948505791879,1.2000229438732846,731.9923160689591,219.8466739679066,1753.045229299488,133.48340217592113,0.2868626051332981,59825.0,4617.0,2672.945765163453,401.5737985824596,2271.3719665809936,1495.017820007015,361.537308502232,358.0446162331598,510.9954318495704,2394.895671465407,607.1658932416105,1081.2302120613328,1611.377942417266,4308.421279345251,430.59716609038514,,1.1086269781415703,2013,1286.543264394384,59.29704523777653,161.9299453248131,161.9299453248131,223.79320194230212,402.19089313610226,689.0621875624875,651.396877567789,241.97197119396,648.081533840615,2968.7701916864094,280.4896494808155,126.87051107929857,36.09351935622118,190.677454413718,107.99495996423221,56.01913821091897,303.84163782041605,21.91475392015339,68.93701366079264,38.66701399550898,28.625523721929305,0.1378067676483005,,,
Madera,344.2050087361677,1.0575829060154611,558.8214376749391,32.17856232506085,35.412129,1.9281072759553213,20624.41991846244,1122.9512381801578,360.5491329479769,276.27627627627635,987.046632124352,245.014245014245,160.52060737527114,598.5476863245526,,,385.8657673259806,87.0983096851295,74.94505717092537,39.49807067116337,1.0127710428503427,192.42649814156513,40.510841714013715,151.91565642755145,116.48223645894,1.306746130948411,74.95741056218057,104.71204188481674,119.04761904761907,836.7346938775514,,116.70777963449244,192.1414160822365,358.50860420650093,852.5681014763984,0.8866666666666667,262.085032032615,1.3285474780360205,282.514450867052,177.1771771771772,455.7469692826542,837.8691124158917,113.30247921187562,1041.0,606.2900407687828,1.1598404783534295,643.0635838150289,453.4534534534535,1907.1701024300344,289.97753154225796,0.4322766570605187,890.0,151.0,3256.679778458948,668.9645192269744,2587.7152592319735,1738.9278805740385,390.9296225402325,355.4826360404703,466.8874507540081,2965.756653666481,639.4868741958403,1556.9878783056156,1834.950523585359,3011.4722753346073,1018.9228529839878,,1.304391256310116,2013,1069.300990014143,176.67505233038236,202.55420857006857,202.55420857006857,252.12947189097105,317.2774869109947,658.7301587301588,1163.2653061224494,392.5625314978382,582.1884907291767,1983.7476099426387,1185.2776044915784,134.39306358381504,42.042042042042056,217.6165803108808,125.35612535612536,62.90672451193058,398.57712253032184,26.885334050275578,85.0727675994288,44.561925885415086,29.37036024265994,0.1621410504389227,,,
Marin,179.89097516656568,0.5527218240697872,537.3408232972188,-240.3408232972188,17.795943,-14.400981791146052,10778.887341005451,-8722.581339276829,219.20991479473273,38.888888888888886,507.38916256157574,132.83208020050117,22.26027397260275,171.81037225580656,,,119.16813698550892,30.65976339918433,7.520319324328233,4.049402713099817,0.5784861018714025,64.21195730772568,22.5609579729847,41.65099933474098,32.70745003028467,0.3669257655035577,25.302530253025303,27.855153203342617,61.29032258064515,27.397260273972602,,18.761879124554408,34.287673581347505,351.5914137675796,12.733176290825746,0.7705479452054794,176.86250757116898,0.8965419984898733,193.64833462432225,116.66666666666666,168.91794174644954,290.9649561806776,48.30695620169304,589.0,356.75348273773466,0.6824739023390718,412.8582494190549,155.55555555555554,620.3372865772046,64.40927493559073,0.4957555178268251,533.0,56.0,2130.8974319259005,190.1273194758527,1940.770112450048,955.0805541896858,234.8653573597897,230.8159546466898,337.8358834928989,1502.5430337170194,414.05962458594047,741.5020923573893,1230.9274815703754,5736.491487786825,464.7609346151397,,0.5749654159617124,2013,329.37233039652705,16.102318733897683,31.238249501055737,31.238249501055737,149.61496149614962,147.63231197771586,267.7419354838709,342.4657534246575,110.93980699736518,181.72466998114177,1535.8993338267949,159.1647036353218,35.631293570875286,22.222222222222218,76.35467980295559,35.08771929824559,5.136986301369865,53.53755193724468,9.201324990798676,17.93306915801348,8.098805426199634,1.7354583056142077,0.0714705009398806,,,
Mariposa,248.99598393574297,0.7650495768316575,81.04049969776344,-19.040499697763437,3.714978,-1.1408877013902874,14919.590361445784,-4581.878318836496,312.5,35.0877192982456,531.6455696202529,230.76923076923077,12.499999999999996,509.9522947853265,,,345.45155453199544,74.02533311399901,8.225037012666556,0.0,0.0,164.50074025333114,49.35022207599935,115.1505181773318,76.30522088353415,0.8560236752997996,77.31958762886599,66.66666666666666,0.0,111.1111111111111,,149.49172812437712,179.69451931716085,0.0,225.98870056497177,0.6,200.8032128514056,1.0179009459115784,218.75,140.3508771929824,411.2518506333278,673.1848052572527,135.15796587261363,112.0,449.79919678714856,0.8604715243270021,531.25,175.43859649122803,1634.8773841961852,168.94745734076702,0.4464285714285714,102.0,10.0,2148.286878924755,462.70794315302413,1685.5789357717306,2048.034216153973,649.7779240006583,320.7764434939957,658.0029610133247,3077.416252604584,963.0005068423724,1933.4263504086107,2695.4177897574127,5555.555555555556,2033.8983050847455,,1.0107174164999069,2013,961.6925789389325,33.78949146815341,156.2757032406646,156.2757032406646,257.73195876288656,100.0,285.7142857142857,388.8888888888889,498.30576041459045,269.54177897574124,1587.3015873015872,790.9604519774011,93.75,17.5438596491228,126.58227848101258,102.56410256410255,12.499999999999996,288.50777368167974,16.894745734076704,82.25037012666557,32.900148050666225,8.225037012666556,0.1256362175194214,,,
Mendocino,213.5416666666666,0.6561148462596094,499.9124800633121,-171.91248006331205,19.653432,-10.300823892913597,12795.203124999996,-6706.265555282285,264.13502109704626,42.73504273504273,546.7289719626168,79.42238267148011,54.511278195488714,547.6341536714863,,,390.6902193875847,36.73155908772164,48.418873342905805,11.68731425518416,5.008848966507497,78.47196714195078,6.678465288676662,71.79350185327412,74.86979166666664,0.83992043387506,63.688212927756645,72.8744939271255,147.54098360655735,119.31818181818184,,160.44445508752602,141.3316582914573,2017.9372197309417,423.9854633555421,0.6413502109704642,154.29687499999994,0.7821534963682286,167.08860759493666,111.11111111111109,395.6990683540922,650.0541711809318,132.49532869033465,565.0,367.8385416666666,0.7036797595792892,431.2236286919829,153.84615384615384,1677.6650579467482,183.4550704943095,0.4194690265486726,511.0,54.0,2636.8362505391724,535.7669867647393,2101.0692637744332,2564.5306708518387,714.5957858884028,462.48372124085904,888.2358833939962,3890.4757214616384,1192.457958213012,2519.217414210111,1939.3844221105528,13677.130044843052,3553.401978598828,,1.316017649203046,2013,1027.6108867658163,50.959741803974865,192.00587704945409,192.00587704945409,181.5589353612167,222.67206477732793,311.47540983606547,357.95454545454555,457.386431667425,431.8467336683416,4260.089686098655,1271.9563900666265,91.98312236286915,17.094017094017094,135.51401869158877,46.931407942238245,33.834586466165405,357.85810433697753,20.383896721589945,96.8377466858116,21.705012188199152,30.053093799044976,0.1635862575785412,,,
Merced,288.9439454939609,0.8877911994165782,1050.922785237262,-117.92278523726212,55.904427,-7.06581536863151,17313.232270052642,-2188.236410229638,351.1627906976744,41.60246533127888,866.6666666666667,174.77003942181346,67.82945736434105,559.2117092818355,,,381.79834813775904,79.71613862216948,41.95586243272078,17.981083899737474,2.39747785329833,162.42912456096187,20.378561753035807,142.05056280792604,110.25085165685968,1.2368398668852243,77.92207792207789,104.55927051671732,97.82608695652175,463.768115942029,,152.63569131248525,192.3765211166786,594.45178335535,391.557051085959,0.8881019830028328,218.64354289253632,1.108336196256302,244.57364341085267,115.56240369799687,423.1548411071553,745.8276204434778,91.1987159220798,1639.0,507.5874883864972,0.9710212534415152,595.7364341085271,157.16486902927576,1816.6989740437805,124.03025365402856,0.4307504575960952,1537.0,102.0,3646.675634418029,587.5640463703279,3059.1115880477,1935.3639970750776,440.53655554356817,456.1201615900071,618.5492861509695,3049.501205616756,789.172888445731,1958.824705176895,1839.880100214746,6076.61822985469,844.2948914040991,,1.5307698344167031,2013,1070.8713536003029,32.83153773194873,213.3755289435514,213.3755289435514,205.93692022263443,290.57750759878417,350.54347826086956,753.6231884057971,403.3943270401395,534.6277738010021,2130.118890356671,636.2802080146834,133.33333333333331,18.4899845916795,227.2108843537415,91.98423127463866,43.60465116279068,406.60016074890075,14.591794547532771,100.09470037520528,41.95586243272078,26.971625849606216,0.1902808131623438,,,
Modoc,113.12217194570135,0.3475721512025301,71.92751177994265,-46.92751177994265,1.497975,-2.811849578342384,6778.16742081448,-12723.3012594678,133.72093023255815,40.81632653061224,362.0689655172413,49.999999999999964,32.78688524590164,402.3173479240425,,,337.9465722561957,32.1853878339234,32.1853878339234,16.0926939169617,0.0,112.6488574187319,32.1853878339234,80.4634695848085,54.29864253393665,0.6091447348882593,49.999999999999986,33.33333333333333,499.9999999999999,68.96551724137932,,166.52789342214822,110.98779134295228,1449.2753623188405,454.5454545454545,0.5172413793103449,131.2217194570136,0.6651821475500008,145.34883720930236,81.63265306122447,466.68812359188934,798.4669434685404,129.74375608173855,54.0,244.34389140271492,0.4674329394029117,279.0697674418605,122.4489795918367,1533.0565314595974,194.61563412260784,0.5370370370370371,48.0,6.0,2467.9787566385507,718.525460793502,1749.4532958450486,3556.485355648536,933.3762471837788,643.7077566784684,981.6543289346638,5493.452571063557,1589.3610120012977,3330.5578684429647,3329.6337402885683,2898.550724637682,6590.90909090909,,1.4199329150145856,2013,734.5895879910571,64.87187804086928,193.11232700354037,193.11232700354037,81.24999999999999,166.66666666666666,499.9999999999999,206.89655172413796,270.60782681099084,554.9389567147614,1449.2753623188405,1363.6363636363635,58.13953488372094,40.81632653061224,172.41379310344823,24.999999999999982,16.39344262295082,319.3867773874162,64.87187804086928,160.926939169617,16.0926939169617,16.0926939169617,0.1765033407572383,,,
Mono,145.56962025316457,0.4472681631803699,51.423288964845874,-28.423288964845874,1.378137,-1.7030950514846,8722.38607594937,-10779.08260433291,170.73170731707324,57.14285714285713,533.3333333333331,176.47058823529417,0.0,222.02915339318469,,,154.4550632300415,28.960324355632785,0.0,0.0,0.0,48.26720725938797,0.0,48.26720725938797,44.30379746835444,0.4970184097426884,37.03703703703704,35.71428571428573,0.0,105.26315789473684,,54.60750853242321,40.35512510088781,0.0,385.35645472061657,0.5,227.84810126582283,1.154995453057138,235.77235772357733,199.99999999999994,347.5238922675934,522.4283912808503,145.59068219633943,59.0,373.4177215189874,0.7143528008526215,406.5040650406506,257.1428571428571,900.7386056566384,187.18801996672212,0.6101694915254238,50.0,9.0,1798.1730561749264,208.58807451629144,1589.584981658635,1525.2437493966595,289.603243556328,164.10850468191902,791.582199053963,2215.81696991533,727.9534109816973,1474.4027303754267,1129.9435028248583,8108.108108108108,3660.8863198458575,,0.9749513631183434,2013,378.3102143757881,41.597337770382694,67.57409016314315,67.57409016314315,92.59259259259258,321.4285714285715,0.0,210.52631578947367,136.51877133105802,363.19612590799034,0.0,770.7129094412331,48.780487804878064,28.571428571428566,199.9999999999999,0.0,0.0,108.0886326787966,20.798668885191347,57.92064871126557,0.0,0.0,0.1211903540277065,,,
Monterey,446.6467553624763,1.3723390465264604,1198.6833750476414,446.31662495235855,98.566755,26.74284585052037,26762.62693456422,7261.158254281941,559.7014925373136,80.5523590333717,1172.4137931034486,212.84185493460157,148.1844946025517,583.331264782749,,,409.9276243701264,63.474952216481505,53.54590941166875,17.37582490842231,1.4184346864018214,171.63059705462038,14.893564207219123,156.73703284740125,126.25576975291884,1.4163896886775271,77.99999999999999,111.9860017497814,134.09961685823754,705.8823529411766,,83.78448053622067,164.62599032822305,403.69088811995385,388.1767821762161,0.7579617834394905,255.76975291881627,1.2965344016895362,289.9786780383796,144.99424626006908,334.0413686476289,550.6853197821554,94.15492221009998,2587.0,702.4165082812926,1.343731620488574,849.6801705756932,225.54660529344076,1613.5889700969772,146.4632123268222,0.3641283339775802,2391.0,196.0,2990.1845676983044,421.26520452730944,2568.919363170995,1306.023737504477,349.64415019804886,298.2258928159831,361.34623636086354,1899.0545218958143,649.3700587347371,1074.1600068746243,1470.058648009053,3010.38062283737,549.9171080829726,,0.9928766390783916,2013,1062.9036503148218,52.30829011672221,164.89303229421174,164.89303229421174,281.0,445.31933508311505,739.463601532567,1125.0000000000002,301.83896193176935,654.6455396645746,2226.0668973471743,618.6567465933445,150.67519545131492,47.18066743383199,222.10953346855987,109.39357907253263,58.881256133464255,286.14041125935523,30.63771278265158,77.65929908049972,32.62399778724188,21.27652029602732,0.1234185375267216,,,
Napa,183.86714116251483,0.5649387444575408,548.7320581944947,-238.7320581944947,18.57489,-14.304586194955927,11017.135231316724,-8484.333448965555,236.1219702892885,19.656019656019655,665.644171779141,113.57340720221607,57.831325301204835,330.1560253474626,,,231.1092177432238,43.66579690079344,25.56046647851323,8.520155492837745,2.130038873209436,99.0468076042388,22.36540816869908,76.68139943553969,56.939501779359425,0.638770991270725,46.48526077097505,67.09956709956707,71.71314741035854,65.93406593406596,,78.80069190851432,101.11223458038424,887.5739644970414,65.37371976465461,0.7352941176470589,141.16251482799524,0.7155734977059544,161.0633307271306,78.62407862407862,253.47462591192289,431.0254639800807,69.41130536636155,548.0,325.0296559905101,0.6217858225166715,397.1853010164191,98.28009828009827,1062.9171636013643,86.76413170795193,0.4343065693430657,508.0,40.0,2145.7010653179814,299.14989777251697,1846.5511675454643,1795.6227701155544,347.1963363331382,384.47201661430313,441.98306619095786,2676.1241185947733,882.8250401284109,1695.1758600807227,1506.8984637463725,12376.725838264301,991.5014164305944,,0.7932168737970229,2013,631.8916996212835,17.352826341590387,102.24186591405292,102.24186591405292,165.5328798185941,227.2727272727271,147.41035856573703,241.75824175824184,280.6073419181241,342.47692357872074,1824.457593688363,239.7036391370669,74.27677873338546,2.457002457002457,156.441717791411,49.86149584487536,21.686746987951818,198.77387901994015,2.1691032926987983,54.31599126684062,19.17034985888492,9.58517492944246,0.0986000301068794,,,
Nevada,130.92269326683294,0.4022649261174421,261.022011074724,-156.022011074724,6.291495,-9.348682881586388,7844.756857855363,-11656.711822426918,162.11878009630823,22.346368715083795,463.4146341463415,92.19858156028369,12.738853503184716,158.20877531340403,,,114.51301832208294,19.5877531340405,6.0270009643201545,4.520250723240116,0.0,34.655255544840884,9.040501446480231,25.614754098360656,44.887780548628434,0.5035697746021396,45.897079276773304,47.61904761904761,0.0,43.47826086956521,,57.42526015383009,35.80379520229145,0.0,32.927230819888045,0.8918918918918919,276.8079800498753,1.4031802615486342,284.10914927768863,251.39664804469268,334.49855351976856,535.779150018162,135.00540021600864,327.0,407.7306733167083,0.7799939094816253,446.22792937399686,273.7430167597765,841.5062356217459,147.00588023520942,0.6788990825688074,278.0,49.0,2274.868895444117,443.50213044903313,1831.3667649950837,1208.4136933461907,247.10703953712633,212.45178399228547,473.119575699132,1885.8215280300271,537.0214808592345,1251.1746075940555,751.8796992481202,6451.612903225808,757.3263088574253,,0.7639557716265551,2013,305.727085603584,12.000480019200769,54.24300867888139,54.24300867888139,125.17385257301812,190.47619047619045,55.55555555555554,260.86956521739125,156.61434587408206,143.2151808091658,358.42293906810033,197.5633849193283,54.574638844301774,11.173184357541897,109.7560975609756,49.64539007092198,9.554140127388536,102.91802881704808,6.000240009600384,27.121504339440698,10.54725168756027,4.520250723240116,0.094962758069085,,,
Orange,284.68778888982274,0.8747139972968627,7745.388802439253,-970.3888024392528,405.951225,-58.14472665335758,17058.20762248929,-2443.261057792988,358.5747329000993,46.80851063829783,1046.0819706944142,156.16774872784706,53.83277044314803,320.8829182300335,,,233.30911515884063,42.15288519922211,24.912828780663855,11.130256204288983,0.5209907159454419,76.53827245162128,15.5349958936459,61.00327655797537,73.53559122615349,0.8249528189274812,53.74823196605372,92.28888662524194,102.12474297464016,65.20605112154408,,61.439362582781456,131.2817064883013,433.9342400326179,27.22350717176073,0.5505385252692626,304.31128666274486,1.542598557796976,343.15453243749334,179.25531914893602,343.00134226153546,592.6682627144036,95.37600883006372,14017.0,588.9990755525675,1.126762644282235,701.7292653375928,226.06382978723386,1211.9690264013689,120.28131677381924,0.5166583434401084,12742.0,1275.0,2174.235635340483,194.0662369072741,1980.169398433209,1127.1397325517837,223.031389217008,269.92055365209745,462.7818441366289,1727.1176880706362,532.0679424347774,1143.095509105961,1422.5082920481827,4249.060779916708,417.49970598612254,,0.7487515291622919,2013,619.3007636869654,24.90530794375551,82.88488662768393,82.88488662768393,160.5846298915605,382.49974533971687,455.10623714873196,340.6364110589463,183.56356926048565,544.1090594520655,1933.7740629641494,142.21560146527804,90.31831699526386,19.503546099290762,155.87173497557853,79.8385681698544,37.04840855593077,155.99036283929095,10.377211643231464,34.76428959126857,21.55007052319782,17.145330833840905,0.0930728099171345,,,
Placer,168.32917705735662,0.5171977621509969,1305.1100553736203,-630.1100553736203,40.445325,-37.75556440793195,10086.115960099747,-9415.35272018253,222.6086956521739,30.837004405286336,598.4374999999999,137.27359389895136,57.265569076592655,283.0948346726165,,,160.630106192018,60.39356473015821,33.55198040564344,13.420792162257376,2.5163985304232583,119.94832995017532,20.55058799845661,99.39774195171871,54.61346633416459,0.6126765590992699,53.256445047489834,44.036697247706414,65.83072100313477,85.85858585858583,,86.13831509066469,74.72212708988448,632.5301204819277,81.9988423692842,0.6489859594383776,159.8503740648379,0.8103049978852923,192.34782608695653,77.53303964757707,268.8352430002181,472.66573216178335,72.46376811594203,1316.0,328.1795511221945,0.6278116115460665,414.9565217391304,108.37004405286342,1019.6929809566138,101.28458498023716,0.4870820668693009,1193.0,123.0,2159.6061168256615,181.133566794375,1978.4725500312868,1681.7930178328777,268.4158432451476,439.95034306899976,585.901457833549,2457.3489691955283,934.6179183135708,1617.425177625984,1696.814969332794,9608.433734939765,955.045340536369,,0.5255915296638256,2013,547.0272487948306,28.820816864295125,91.84854636044892,91.84854636044892,163.1614654002714,148.62385321100916,191.22257053291526,262.62626262626253,263.9014621567498,252.18717892836017,1837.3493975903616,250.81998842369285,70.95652173913044,13.215859030837,137.49999999999997,61.01048617731171,25.7695060844667,174.36493555335224,12.35177865612648,36.90717844620779,26.841584324514752,15.098391182539553,0.0653331293883129,,,
Plumas,174.46808510638297,0.536059789284447,76.48400573885306,-35.48400573885306,2.456679,-2.1261661398663363,10453.95319148936,-9047.515488792918,219.78021978021977,18.867924528301884,484.8484848484849,119.04761904761898,46.87500000000002,310.5119660708876,,,242.35080278703424,37.867312935474104,22.72038776128446,15.14692517418964,7.57346258709482,68.16116328385338,0.0,68.16116328385338,46.80851063829787,0.5251173228770774,35.17587939698492,95.23809523809524,0.0,153.8461538461538,,62.40527770348579,196.8503937007874,0.0,243.30900243309003,0.4318181818181818,187.23404255319147,0.9491168309282768,214.28571428571428,94.33962264150944,333.23235383217207,593.4266585514304,75.39203860072377,85.0,361.7021276595745,0.6919407223549013,434.0659340659341,113.20754716981132,1202.069385270846,90.47044632086852,0.5176470588235295,79.0,6.0,2438.1607567403507,465.3750821994031,1972.785674540948,1779.7637079672825,499.8485307482581,318.08542865798256,484.7016055740683,2769.3244065733415,799.1556091676719,1774.0928947133818,2066.929133858268,1342.2818791946308,1581.5085158150855,,0.9943860910641266,2013,608.6427267194157,15.078407720144751,83.30808845804302,83.30808845804302,170.85427135678387,142.85714285714286,1000.0,153.8461538461538,303.11134884550233,295.2755905511811,1342.2818791946308,243.30900243309003,54.94505494505494,18.867924528301884,90.9090909090909,71.4285714285714,15.625000000000009,152.16068167985392,15.078407720144751,45.44077552256892,22.72038776128446,7.57346258709482,0.1236061684460261,,,
Riverside,462.5128061842232,1.4210880876768572,6989.010805260123,2942.9891947398773,595.115508,176.3409695596187,27713.30483375247,8211.83615347019,569.7223232690683,107.429718875502,1505.2916009907688,287.1608712265951,136.0031720856461,677.8078661745758,,,456.21683300211834,102.57201196741718,70.22395230503811,39.104299971610146,1.9108558450350503,231.28180210084952,30.57369352056081,200.7081085802887,132.34609294961362,1.4847134650355782,98.4486873508354,142.13471056595657,196.79487179487194,120.58823529411767,,141.68879301757627,201.4966579925991,652.6499287824996,61.47940439952617,0.6943665562069844,182.6860389308002,0.9260623333258547,210.0157633078698,92.16867469879519,267.7245528597323,472.42634022333874,62.69840836197334,13855.0,645.1988451150235,1.2342735107480916,779.7380865769381,199.59839357429718,1754.005531643291,135.77825253115796,0.2831468783832551,12861.0,994.0,3133.843684296999,272.4985964323463,2861.345087864653,1465.4899434386657,303.0753859928805,357.19355331833805,516.3405472691148,2249.4803855784467,680.2572410514756,1439.214649075501,1417.6456770501252,3316.3970322498326,509.8292072155827,,0.9743110215712169,2013,1281.5791914199522,73.07984416918463,193.95186827105763,193.95186827105763,317.1837708830551,491.7150850010761,746.1538461538468,552.9411764705884,456.4955295039003,697.0777645921104,2474.5424009864155,281.90556163685164,157.87559112404531,47.79116465863454,287.99819860391824,138.3263278563239,58.815754692043264,355.1380455951426,32.51028581731951,87.28516520713677,49.40927256447773,30.368958965735622,0.1211107570121726,,,
Sacramento,395.94206298012045,1.2165469617010625,5550.135105807073,1201.8648941929268,404.573088,72.01454259514598,23724.45247170584,4222.983791423558,479.3951971538684,79.75287840494245,1110.1203744984398,198.4998660594698,80.89563019140493,693.9626686729094,,,511.8385796787751,76.15911396425147,46.04491640483759,18.19185313316128,1.952797793955166,238.03577320000863,52.93109809931107,185.10467510069756,96.22940245118151,1.079541423304359,65.8806190125277,91.64842039411953,105.28132550914735,227.87783868441656,,92.1797732418822,146.7127334635221,621.7320844332555,152.98236759928082,0.5784615384615385,247.7569929044741,1.2559165456196886,277.05306848502784,136.7593372648133,434.2405620768725,780.2373274053665,98.60734837348495,10977.0,643.6990558845945,1.2314043950749325,756.4482656388963,216.51221566975573,2130.310905162967,156.11142832845357,0.3848956909902523,10206.0,771.0,3562.1155974914504,516.3731161657424,3045.742481325708,1752.6874094903933,461.06583703594066,383.6733770965593,569.1891675222997,2816.2017178580036,721.0282701395889,1399.1940971950116,1600.8211907265531,5905.43556919063,671.3349945851603,,1.0204307768525331,2013,1350.0735777576003,57.50407995496864,168.66006209896983,168.66006209896983,266.17538688283,386.29965592743207,505.0051777701068,614.722004698512,372.43103014505425,618.3966751790095,2982.2755394290257,412.6843936956544,114.36406759561208,27.52035944959282,168.5242978154258,92.95472810072337,36.11412062116292,322.07228362399155,19.8429571675596,77.70079643316345,35.66425444749698,20.55576625215964,0.1268436270625686,,,
San Benito,232.6043737574552,0.7146857346834052,163.70831866656636,-46.70831866656635,7.010523,-2.7987157461819896,13937.421471172958,-5564.047209109322,286.4450127877237,44.64285714285713,548.3870967741934,130.9523809523809,74.32432432432435,310.1145038167939,,,225.29686174724344,29.156064461407972,29.156064461407972,10.602205258693807,0.0,60.9626802374894,18.553859202714165,42.40882103477523,55.66600397614313,0.6244843637323638,42.25352112676057,63.40057636887607,0.0,0.0,,39.61180431768667,107.24906157071126,0.0,0.0,0.7288135593220338,234.59244532803177,1.1891835225755063,250.6393861892583,178.57142857142853,312.76505513146736,521.0548702679711,105.70824524312896,235.0,467.196819085487,0.8937533947386134,537.084398976982,223.21428571428567,1116.5461505742237,132.1353065539112,0.502127659574468,210.0,25.0,1827.3127753303963,431.7180616740088,1395.5947136563875,1333.2273112807468,410.8354537743852,222.6463104325701,392.2815945716708,2078.9025946405786,591.9661733615224,937.4793688519176,1691.6101984107645,1351.3513513513517,564.3340857787811,,0.9306736142874438,2013,595.4912803062526,26.427061310782243,74.21543681085666,74.21543681085666,169.01408450704227,256.48414985590773,249.99999999999994,300.0,158.44721727074668,433.8712036269682,337.83783783783787,169.3002257336343,71.61125319693093,0.0,122.5806451612903,35.71428571428571,13.51351351351352,148.87282007656316,0.0,50.36047497879559,7.951653944020356,5.301102629346904,0.11568645274672,,,
San Bernardino,292.3696382815879,0.8983167700547202,9780.514282801165,-994.5142828011632,526.448334,-59.59030131116289,17518.496356194468,-1982.972324087812,362.2537911800592,66.59158102210328,795.3751008335569,148.55270344074268,80.39925414061638,639.2221657161274,,,430.4163820141828,98.94629471590407,53.329142666733595,20.662314484791736,2.619166624832755,203.20367730994127,33.90365686589067,169.3000204440506,108.81501447539182,1.2207320487440747,80.82205315680264,99.7603355302576,135.8437445011438,388.82681564245803,,172.003759690982,203.07106877584124,648.5487461670938,280.7606354226335,0.7530321673404816,189.31150377691256,0.959647786656984,217.53529719365525,98.1275517387019,413.9010813520429,728.7272090273419,101.0946358925119,14475.0,481.6811420585005,0.9214620868760326,579.7890883737144,164.7191327608052,1942.2507043487144,169.69974748097405,0.3930224525043178,13305.0,1170.0,3157.8333223340956,403.3372643652435,2754.496057968852,2186.349340079143,541.1489265418346,666.0686236206635,663.3039477388957,3349.9262806008496,1030.2370139806492,2128.178547472408,2035.5892719932683,4774.226067963204,722.0711744346465,,1.029593952295487,2013,1213.5234953213728,68.60511158846217,237.90763508897524,237.90763508897524,211.14514376049783,271.1953265428399,440.6123526306529,585.4748603351954,449.3545653540691,552.0422973253162,2103.582979795858,422.7545200041953,130.64319330660624,38.2936787272983,203.14600699112657,86.07318405243032,38.49950641658438,437.6450666394172,39.451565226346105,109.93224361450814,57.3306472324503,25.536874592119364,0.1279826464208243,,,
San Diego,300.612285206399,0.9236426144403344,9886.940963127154,-754.9409631271537,547.180308,-45.23530756961592,18012.387517282223,-1489.0811630000571,373.91716588372145,63.5540069686411,811.8142383261035,228.2854375201807,78.04827081809633,416.7935105816351,,,290.4136123336557,64.53635829636794,34.093818703951094,8.306659978740427,1.3692296668253452,164.26191903014723,28.890745970014784,135.37117306013246,77.39153334650067,0.8682103799093297,53.14916297575253,94.07039425007942,108.03374908290527,76.49253731343285,,65.17620589789429,132.5367230965344,527.5792264559933,50.99930653381969,0.5019946808510638,198.0380538547631,1.0038839492793523,221.04900228418708,123.62369337979091,274.57618918737586,458.3024313529259,82.75156896788175,15148.0,498.6503390611621,0.9539243743051384,594.9661681679084,187.177700348432,1233.5474877806869,125.2935255060487,0.3971481383681014,13805.0,1343.0,2537.9647734266064,348.1525913577266,2189.8121820688793,1386.4819606273463,357.73407095256863,282.7002852105398,436.82990470617926,2073.3069437866943,669.382759125763,1226.288472833122,1408.9100418160783,4883.466795650386,666.7226415153012,,0.9400200318180096,2013,775.2450564277608,42.54195653816694,107.30196489021289,107.30196489021289,190.37609789054864,340.873057816299,473.5876742479821,368.0037313432837,233.45601434612985,480.2594741419364,2312.7496820193114,245.35641984868136,92.74662759125962,27.735191637630656,134.21791273283998,102.03422667097185,33.120886009821334,192.2922269977572,18.565459103278997,48.01432031667544,28.84510498112061,14.46819347945448,0.1168482498293941,,,
San Francisco,114.71408647140866,0.352463368783609,2800.291001604645,-1813.2910016046449,59.140053,-108.65058352514872,6873.553347280336,-12627.915333001944,134.46201203302087,17.844886753603294,456.3722897937597,53.2345013477089,13.808139534883724,155.89264730038792,,,136.307350172477,12.477729621814232,3.0009729470186124,0.3158918891598539,0.0,32.220972694305104,6.317837783197079,25.903134911108022,113.08693630869364,1.2686562429996424,80.28919330289193,358.18181818181813,70.92024539877298,98.6267166042447,,75.34960789635322,415.58551146551906,851.4023096865426,35.21283708491197,0.8500414250207126,140.28358902835893,0.7111180938798316,153.4909752343641,75.49759780370624,190.64075510797184,334.4063601224226,36.05564369157347,2194.0,254.9976754997676,0.4878137624620061,287.95298726738497,93.34248455730953,627.3548670300326,44.57788674594538,0.5501367365542388,2058.0,136.0,6719.478795807478,850.4707623964662,5869.008033411012,1358.9669071656913,298.67578120064206,234.3917817566116,217.33361974197945,2178.671153869602,477.5733896238413,938.4775808133472,1160.2641183047488,12005.067169455579,357.03142411410744,,0.9447190720580876,2013,292.94850690760995,8.522243054371911,153.68140407626893,153.68140407626893,57.45814307458143,120.9090909090909,134.23312883435577,194.75655430711612,53.92317911066037,140.28647975866505,1611.4777280226256,69.53420993982616,129.28501469147898,33.630748112560056,220.51824431517704,155.6603773584906,63.95348837209304,281.66953213593297,16.061150371700908,65.86345888982954,36.48551319796313,13.899243123033571,0.1174323593263684,,,
San Joaquin,365.9631246967491,1.1244355401229762,2683.1240140898067,333.8759859101933,180.775623,20.005515199752875,21928.14446870451,2426.6757884222316,443.2482313134419,77.49712973593572,966.0792951541856,193.7349397590362,84.8343986054619,661.5241586780919,,,480.8493470271977,88.1447503442469,32.01277002552251,3.2889832218002577,1.5348588368401204,158.0904601945324,20.830227071401634,137.26023312313075,28.990781174187287,0.3252306298728668,47.9557331693821,22.917424518006555,7.113218731475992,14.414414414414408,,92.04354367643154,36.99028271144644,35.99604043555209,9.646573657618983,0.6141502552881108,166.30276564774385,0.8430131174535389,186.2503844970778,91.84845005740529,300.6130664725436,529.1907009264115,70.4138574471456,4388.0,532.265890344493,1.0182313469730957,629.4986158105198,169.345579793341,1788.5859115539242,129.82554966817472,0.3124430264357338,4093.0,295.0,4759.225667479168,705.7423048580013,4053.483362621166,1807.6251787014216,497.7327942324388,454.9760123490356,377.3560083145498,2841.2864883761586,766.6308729557976,1919.343894739948,1614.0680503772417,5060.443351231365,669.2310474973174,,1.1563053550916995,2013,1259.3952106275126,59.4116922210291,52.4044660006841,52.4044660006841,195.20442668306177,403.7831938886869,538.8263189093065,654.0540540540538,374.6644245803463,651.7335525350086,2726.700062993071,437.7132797144614,34.450938172869876,8.610792192881746,54.18502202643174,26.50602409638555,16.269610691458446,97.88498514245762,6.601299135669899,26.969662418762113,12.059605146600946,6.1394353473604815,0.1437333806062755,,,
San Luis Obispo,286.54004954583,0.8804051382087017,788.273454891498,-94.27345489149798,41.583786,-5.648771143643667,17169.19322873659,-2332.275451545691,359.22330097087377,49.295774647887384,842.2939068100357,183.79446640316203,64.78578892371992,362.8909967475764,,,245.76191422386296,48.629485154934585,32.41965676995639,16.732726074816203,1.5686930695140189,115.0374917643614,31.37386139028038,83.66363037408101,147.81172584640797,1.6582133613710883,44.67960023515582,255.9852670349908,967.391304347826,627.9069767441858,,56.0658035483752,357.75873162947516,1842.2686814324156,449.8875281179705,0.5304347826086957,284.88852188274166,1.4441417136008947,314.4552319309601,188.38028169014106,360.7994059882243,580.550078668021,117.81545914996696,1384.0,571.4285714285717,1.0931500487623655,673.6785329018339,237.67605633802847,1243.7513692218836,148.64567275930412,0.4985549132947977,1249.0,135.0,2667.7664742003485,391.8980845018788,2275.8683896984694,1266.4582047876506,291.7769109296076,264.5862310580312,500.4130891749723,1846.2089980283208,625.4129046465529,1254.8412083656071,1397.575476797159,1904.367625750362,716.4875447804718,,1.21373587748378,2013,663.2012905538627,30.830213609337147,187.19737296200623,187.19737296200623,214.5796590241036,386.7403314917127,1043.4782608695652,267.4418604651162,269.26339862048616,540.4988031812215,1987.166218174291,191.61876197617264,182.84789644012943,33.450704225352155,281.3620071684587,207.50988142292488,51.20167189132703,337.5754316783175,20.920502092050206,82.09493730456698,54.904257432990654,25.621986802062303,0.1508722242491327,,,
San Mateo,256.3580874872839,0.7876699184037158,1599.6548434317558,-339.6548434317558,75.49794,-20.351778563587377,15360.720244150563,-4140.748436131715,313.857290589452,43.93505253104111,830.205540661305,153.0524505588996,43.06487695749443,249.2714744407713,,,183.78825377418775,35.21454162734706,15.233256771380468,4.352359077537277,0.3956690070488433,75.96844935337792,17.211601806624685,58.75684754675324,32.349949135300115,0.3629151719097754,13.871374527112222,22.42152466367712,100.11123470522804,13.80897583429228,,10.5978640486731,27.382898988397475,653.5473095635756,7.677739673440139,0.6196498054474708,209.1556459816888,1.0602406548397911,231.64426059979323,126.07449856733535,203.3738696231055,357.0389674560575,51.86232909005186,2288.0,465.5137334689727,0.8905336307720266,545.5015511892452,170.00955109837645,840.7948898797783,69.93556498506993,0.4493006993006993,2110.0,178.0,2211.1740080355244,237.6139068355474,1973.5601011999772,972.356584822532,221.37680944382777,230.0815275989021,353.7280923016658,1541.324471116105,411.362564827911,764.0096536907067,1221.2772948825277,6528.211458862827,555.996314684957,,0.5065730320720907,2013,483.7559224237208,18.073235895018072,31.455686060383044,31.455686060383044,155.73770491803268,270.9801409352978,398.2202447163515,266.9735327963174,118.9851100010116,330.94189348834664,2599.6659647084452,148.43630035317602,40.07238883143745,3.8204393505253136,86.68453976764972,28.374892519346556,4.474272930648771,61.76455352197424,1.5715857300015714,19.189946841868903,6.528538616305915,1.5826760281953731,0.0629690540678319,,,
Santa Barbara,307.39599383667166,0.9444858157438488,1267.356248285506,-70.35624828550613,71.723043,-4.2156760410192415,18418.86055469953,-1082.6081255827485,373.88429752066094,75.94936708860762,778.0821917808227,181.57894736842107,94.1915227629513,407.4713289284219,,,290.0297178337639,46.97664443786317,40.8492560329245,17.36093381399291,0.6808209338820751,119.48407389630415,28.934889689988182,90.549184206316,86.8002054442732,0.973760773127101,62.91997556505806,107.48155953635404,114.53744493392067,37.87878787878788,,72.50916924203278,166.1752007950343,470.84389713871786,21.34198395082807,0.7393117831074035,246.27632254750887,1.2484108103501366,265.1239669421486,180.66743383199082,326.453637796455,534.5953872816958,109.22270997544229,2156.0,553.6723163841806,1.0591821093940426,639.0082644628095,256.6168009205984,1288.4948673510198,155.137989328176,0.4448051948051948,1933.0,223.0,2580.9592258959306,325.145753013224,2255.8134728827067,1325.5583582684008,372.7494613004357,258.7119548751885,433.682934882882,2016.397813624851,604.551178144327,1152.403010186482,1546.0810348479174,4110.8294096341915,563.428376301861,,1.202358554534729,2013,753.8994800693241,45.9152793527337,115.05873782607068,115.05873782607068,201.58827122785593,360.9062170706006,585.9030837004403,371.2121212121212,232.3109305812701,557.9902575715613,2408.547627671134,209.15144271811508,100.82644628099168,37.97468354430381,151.59817351598187,80.26315789473684,43.171114599686014,203.30622583655511,22.95763967636685,56.50813751221222,20.765038483403288,18.72257568175706,0.1494579774997636,,,
Santa Clara,317.7059626763768,0.9761635848921236,4290.264526168346,-102.26452616834558,250.940772,-6.127588143481099,19036.623577605824,-464.845102676456,390.3702282754652,42.81567489114657,1027.4447949526811,175.5319148936171,51.18912797281993,331.71567815975425,,,257.97468093751655,41.82088779091457,17.900607274141464,6.732529284522233,0.7920622687673214,119.83902126449571,37.54375153957103,82.2952697249247,72.14383249886208,0.8093394912013879,40.754923413566736,69.36592818945762,93.0232558139535,137.07165109034264,,33.51342111300546,139.18183155932704,400.0875191448129,47.85271803438435,0.7173313268121394,302.4578971324533,1.5332034543559645,331.6708229426434,191.94484760522488,315.795226557531,541.1258798381317,84.84512156589771,8175.0,620.1638598088301,1.1863812687836883,722.0410512181086,234.76052249637144,1178.020712383301,103.77087647095618,0.4877064220183486,7528.0,647.0,2629.093122990149,243.4216349158243,2385.6714880743248,1044.0964826890831,251.083739199241,238.25233044521016,349.6954916607724,1631.5148707901565,442.0286484605184,822.3158898600534,2006.4869769951436,4300.940830806739,349.10732929630416,,0.6799435274218568,2013,636.8948325451695,18.92575490505847,75.32512175977226,75.32512175977226,217.72428884026257,304.0488922841865,511.6279069767443,434.8909657320871,179.03814232182782,610.0701427380193,2200.481355296471,151.82362358181945,86.03491271820448,19.593613933236565,151.4195583596214,90.09308510638301,17.440543601359003,140.36723950688378,8.66093868536574,38.01898890083143,21.46488748359441,6.098879469508375,0.0845197000838492,,,
Santa Cruz,208.24449182658145,0.6398390762421449,915.8552857409892,-329.8552857409891,35.112534,-19.764598866314326,12477.801705756932,-7023.6669745253475,253.13620071684596,36.082474226804145,709.8360655737702,129.82456140350877,38.34196891191705,303.6725725627167,,,224.3860476444647,38.34773100621337,19.173865503106686,6.2185509739805465,1.036425162330091,69.95869845728114,7.254976136310637,62.703722320970506,66.45344705046199,0.7455023826915156,50.53025577043045,94.52736318407965,43.79562043795621,72.46376811594205,,68.71452930547426,163.99951663300362,336.88938798427847,32.50130005200208,0.7228381374722838,160.270078180526,0.8124325396227745,174.73118279569897,104.81099656357392,233.7138741054355,400.55461408103525,63.80352697529444,1037.0,368.51457000710747,0.7049730103025952,427.8673835125449,140.89347079037807,980.8452729420222,85.7686756061335,0.4349083895853423,955.0,82.0,3378.3933599899487,370.28551156310743,3008.1078484268405,1458.2502033984376,316.10967451067796,295.381171264076,500.0751408242695,2292.404868279155,608.7484049118253,1359.869018230558,1734.9422549070375,7692.307692307692,448.5179407176286,,1.0465877489051731,2013,580.290658860987,21.965148630839067,96.9057526778635,96.9057526778635,145.9762944479102,291.542288557214,211.6788321167883,434.7826086956523,198.50864021581455,505.8090355102111,1628.2987085906793,195.00780031201248,79.74910394265234,15.463917525773201,177.04918032786875,64.91228070175438,19.689119170984434,182.8172341190366,9.413635127502458,55.96695876582491,19.173865503106686,9.846039042135864,0.1300950433108758,,,
Shasta,440.2872260015118,1.3527991520689258,861.1773582340644,303.8226417659356,69.805635,18.204748871973095,26381.570294784586,6880.101614502302,572.3204994797087,89.77900552486187,2005.7803468208083,339.77455716586144,215.3846153846154,986.8281733090508,,,587.8615899368938,178.73025284824868,118.58879335902756,52.51789420185507,5.0823768582440385,370.16644784210746,59.29439667951378,310.8720511625937,122.82690854119429,1.3779232987953274,111.31386861313874,191.4893617021276,131.86813186813185,229.0076335877862,,249.64701549039268,284.3302443133951,2441.505595116989,304.94002846106935,0.7317073170731707,123.96069538926685,0.6283749512811069,144.64099895941732,69.06077348066297,277.83660158400744,477.4171389318221,83.57709987463436,1493.0,564.2479213907786,1.0794133748691874,716.961498439126,158.83977900552483,2366.4777606044995,192.227329711659,0.2196918955123911,1378.0,115.0,3940.67725495242,643.3530441787739,3297.324210773646,2241.3281944856208,293.08373215873974,526.0260048282582,550.5908263097709,3300.7041044135312,1210.1964061847054,2242.7305653891003,1484.8357203032865,18514.750762970503,1331.5714576133362,,1.3255225586109805,2013,1889.0606216726776,108.65022983702464,275.29541315488547,275.29541315488547,410.12773722627753,524.8226950354607,467.032967032967,816.7938931297708,919.806011991242,779.2754844144903,8646.998982706002,1087.6194348444806,158.16857440166496,29.00552486187845,473.98843930635815,98.22866344605471,56.92307692307693,522.0676627168126,35.10238194734643,138.91830079200372,51.67083139214773,31.34132395917157,0.1647677558355051,,,
Sierra,217.39130434782612,0.6679430036152972,14.971337293562724,-4.971337293562723,0.59919,-0.2978775592929847,13025.869565217392,-6475.599115064888,263.15789473684214,0.0,285.7142857142857,187.5,0.0,449.842555105713,,,179.9370220422852,134.9527665317139,0.0,0.0,0.0,89.9685110211426,44.9842555105713,44.9842555105713,21.739130434782613,0.2438785985693937,22.22222222222222,0.0,****,****,,51.20327700972862,0.0,0.0,0.0,0.7142857142857143,152.17391304347828,0.7713918907495136,105.26315789473686,375.0,314.88978857399906,355.5555555555556,273.224043715847,17.0,369.5652173913044,0.7069829119713122,368.421052631579,375.0,1244.4444444444443,273.224043715847,0.4117647058823529,14.0,3.0,2635.707561970505,219.64229683087544,2416.0652651396294,2069.2757534862794,629.7795771479981,719.7480881691408,269.9055330634278,3377.7777777777774,728.5974499089253,2304.147465437788,543.4782608695652,0.0,0.0,,0.7869076188588955,2013,888.8888888888889,0.0,44.9842555105713,44.9842555105713,177.77777777777777,1000.0,****,****,409.626216077829,543.4782608695652,20000.0,0.0,26.315789473684216,0.0,0.0,62.5,0.0,88.8888888888889,0.0,0.0,44.9842555105713,0.0,0.0978157644824311,,,
Siskiyou,243.97163120567373,0.7496120630644298,229.4520172165592,-57.4520172165592,10.306068,-3.442467419599011,14618.536170212765,-4882.932510069517,310.60606060606057,45.197740112994346,545.4545454545454,259.2592592592591,57.47126436781608,580.3556365354118,,,364.4093531733982,118.09562371360124,33.741606775314644,6.748321355062928,0.0,175.45635523163614,30.36744609778318,145.08890913385295,46.80851063829786,0.5251173228770774,49.904030710172755,38.46153846153846,66.6666666666667,16.393442622950822,,109.87617799940836,102.04081632653062,737.1007371007371,38.06623524933384,0.7692307692307693,129.07801418439715,0.6543153910187363,153.40909090909088,56.497175141242934,307.0486216553632,545.822102425876,67.5812664729337,263.0,373.0496453900709,0.7136486665856431,464.01515151515144,101.69491525423727,1650.943396226415,121.64627965128066,0.3460076045627376,245.0,18.0,1990.9522529785895,259.78679566424796,1731.165457314342,2378.783277659683,668.08381415123,455.51169146674783,587.1039578904748,3557.9514824797857,1196.1884165709266,2201.7495668342976,2653.0612244897966,11056.511056511054,2322.040350209364,,1.4675568167894508,2013,1105.1212938005392,54.06501317834696,111.34730235853831,111.34730235853831,251.43953934740887,153.84615384615384,200.00000000000006,327.86885245901635,553.6068968431729,408.16326530612247,2211.302211302211,761.3247049866768,60.606060606060595,5.649717514124293,65.65656565656566,96.29629629629625,0.0,215.633423180593,6.75812664729337,43.864088807909035,43.864088807909035,0.0,0.1824231822330392,,,
Solano,203.802733214498,0.6261916049341747,1643.2669998956126,-614.2669998956126,61.656651,-36.80626436674521,12211.655971479504,-7289.812708802776,254.82625482625497,33.505154639175245,606.437454279444,68.54531607006851,42.81345565749235,354.7162786849644,,,285.772395558635,31.024747406848196,19.30428727537221,4.826071818843053,1.0341582468949395,70.66748020448756,12.754618378370925,57.91286182611664,46.74192909487029,0.524370383455999,30.303030303030297,57.8512396694215,57.06806282722513,69.76744186046507,,52.43365913205909,63.55451312703336,255.46675416598308,35.4251012145749,0.6751662971175166,178.64923747276694,0.90559919449336,202.83140283140293,97.93814432989686,310.9369128997452,539.9849242787639,79.07825278681474,1931.0,382.4519706872649,0.7316354332105809,457.65765765765786,131.44329896907212,1218.3923799081751,106.13133926651452,0.4671154842050751,1778.0,153.0,3690.8557824357654,475.4346865362409,3215.421095899524,1740.488329524183,471.23144116846106,452.6165927243522,450.8929956461938,2662.2353183032947,807.4305810864246,1730.3107513579505,1098.5851554815763,4476.5275271286955,507.7597840755738,,0.7441308795469731,2013,678.4074556294113,27.05308647969978,81.3537820890686,81.3537820890686,123.57954545454542,238.29201101928385,266.4921465968586,285.71428571428555,213.83101614792844,261.7840659756374,1192.959430004453,145.07422402159244,57.91505791505794,9.450171821305839,94.36722750548644,36.55750190403655,19.113149847094796,154.18351264304803,7.630357725043528,44.468804616482416,16.546531950319036,8.617985390791166,0.0924984446883631,,,
Sonoma,194.8418295385855,0.5986588895187516,1615.277108433735,-648.2771084337351,57.941673,-38.84411606024097,11674.727584122506,-7826.741096159774,246.07190412782953,35.59602649006621,622.8522336769764,138.1443298969072,18.73536299765809,284.79875595662344,,,213.52543750625853,39.4653912080533,11.780713793448744,5.595839051888154,0.8835535345086558,66.26651508814919,6.773910431233028,59.49260465691616,43.723554301833566,0.4905090007897819,30.368763557483742,69.18819188191878,57.97101449275363,84.03361344537818,,43.054024013601556,92.28724713294284,466.2910433262095,78.42522155125089,0.4898897058823529,219.2222446101148,1.1112697201644066,245.0066577896138,139.07284768211915,320.43541518180587,544.8526232877118,98.4269267949732,2055.0,414.06407414870034,0.7921097849811918,491.0785619174434,174.66887417218533,1092.0741710245006,123.61953305797228,0.5294403892944038,1844.0,211.0,2022.6619039721031,360.4383512878289,1662.2235526842746,1461.6920639221537,342.81877138935823,285.6823094911322,628.7955987253265,2223.8278265710414,707.7364736209981,1417.7075050193075,1333.8583452281348,8043.5204973771115,933.2601364598852,,0.8311979450538945,2013,547.2215477367888,25.19260626299909,63.910372329459435,63.910372329459435,129.53207313294087,317.34317343173416,258.4541062801933,411.76470588235316,183.6385922212801,423.2908401830979,2078.880901496017,384.28358560112935,54.593874833555255,9.93377483443708,100.51546391752584,45.36082474226803,8.899297423887592,121.40737801519664,7.030494771069514,34.458587845837584,12.958785172793618,5.595839051888154,0.1033212291800819,,,
Stanislaus,184.22917299321804,0.5660511009482003,3215.2574157196973,-1395.2574157196973,109.05258,-83.60242909250854,11038.827816580631,-8462.640863701648,224.07766990291273,41.318477251624905,533.4695963208998,159.73451327433636,78.77461706783387,530.0003494507798,,,304.0221784761616,105.12644294051184,73.38466377010798,49.79673612971613,1.4560449160735711,179.96715162669338,27.95606238861256,152.0110892380808,69.84512602490133,0.7835516467853587,56.46876812995552,70.82728592162557,90.59233449477351,189.05472636815907,,176.83251780436993,176.22799858439805,837.4490015031137,249.20483982031016,0.7473598700243704,124.60775382123704,0.6316549854031204,139.67637540453083,70.56638811513467,358.4782583373132,632.1993976821309,88.0026863977953,3051.0,308.83692681445507,0.5908089278119709,363.7540453074435,111.8848653667596,1646.4136306643072,139.53057514387282,0.4034742707309079,2810.0,241.0,4406.895937446107,514.7127103338621,3892.1832271122457,2876.85354517816,569.8959801511953,658.1323020652538,931.5775373038688,4526.172703516643,1247.0907006634932,3131.5101012547843,2488.137111160865,9244.14859351514,1318.1624422074312,,1.1701862849889488,2013,1014.2142329821766,51.52788874607751,200.9341984181528,200.9341984181528,141.36530651711467,197.3875181422352,265.96980255516837,447.7611940298504,442.68688532532343,491.12720916963394,2458.6643762078593,590.2219890481031,84.27184466019422,18.105849582172713,124.68063362289226,85.39823008849561,39.699906220694054,381.42892297596586,22.579636641539583,71.05499190439028,56.20333376043984,36.983540868268705,0.1454588357131855,,,
Sutter,286.77150786308977,0.8811163026414559,351.82642639872404,-41.82642639872404,18.57489,-2.506197643385146,17183.06197964847,-2318.406700633808,372.7735368956743,57.6271186440678,669.9029126213592,140.89347079037807,131.91489361702128,494.3311380778492,,,330.0856309100477,65.37927955223167,49.43311380778491,22.32463204222545,6.378466297778699,49.43311380778491,7.973082872223374,41.46003093556155,128.58464384828864,1.442515966006201,105.10510510510512,154.67625899280577,194.44444444444449,184.6153846153846,,219.83543747252057,246.12214526930345,1092.896174863388,99.03441445902452,0.8027522935779816,201.66512488436632,1.0222701044583218,225.1908396946565,138.98305084745763,347.6264132289391,563.8738451736222,130.9025893170716,528.0,488.4366327474561,0.9343854255841122,597.9643765903307,196.61016949152543,1497.2921312519911,185.17927269244277,0.4128787878787879,470.0,58.0,3296.0430909467577,252.7449761756785,3043.2981147710793,1723.7805169746937,492.73652150340456,464.03342316340024,374.73489499449863,2503.9821599235424,941.8600938667348,2091.5771622385523,1591.2082880201476,5620.608899297423,536.4364116530494,,1.0278605614635872,2013,933.4182860783689,54.27668337537116,221.65170384780976,221.65170384780976,226.72672672672675,384.8920863309352,430.55555555555566,323.0769230769231,474.21644369072294,612.4434777631503,2419.9843871975017,173.3102253032929,157.76081424936388,50.84745762711865,216.82847896440128,109.96563573883165,63.82978723404255,395.0302644154189,47.891191213562784,106.8393104877932,51.02773038222959,23.91924861667012,0.1277671790072351,,,
Tehama,246.65775401069527,0.7578652769629717,486.8939258949963,-117.8939258949963,22.110111,-7.064086145702283,14779.485962566849,-4721.982717715431,309.2691622103388,58.823529411764724,951.7543859649118,194.0298507462686,82.45877061469261,888.5999133073256,,,522.5641766604055,125.2227520107884,132.44714154987238,28.897558156335787,19.265038770890527,303.4243606415258,65.01950585175553,238.40485478977027,72.19251336898398,0.8098856134309814,71.36715391229578,46.875,71.42857142857142,224.48979591836732,,276.43630308076604,135.54727211114877,806.4516129032257,458.3333333333333,0.5393258426966292,118.98395721925137,0.6031471353568582,141.71122994652413,50.80213903743317,428.6471126523142,763.9456109162543,91.7298315067832,547.0,365.6417112299467,0.6994771953059989,450.98039215686293,109.6256684491979,2431.172824676885,197.94332061990053,0.3254113345521023,506.0,41.0,3180.5557734854306,550.7523811018186,2629.8033923836124,3602.5622501565276,549.0536049703802,645.3787988248328,1606.2226075229985,5390.861480805264,1805.6293149229944,3873.438800999168,2891.6751383711735,11290.322580645165,2041.666666666667,,1.538840605696584,2013,1667.2272137606303,106.21348911311736,260.0780234070221,260.0780234070221,233.01805674978505,246.09375,571.4285714285713,387.75510204081627,902.5811823480432,711.623178583531,6451.612903225806,791.6666666666667,87.34402852049915,26.737967914438514,232.4561403508771,74.62686567164177,20.989505247376304,470.8595589295152,48.27885868778062,127.63088185714972,48.16259692722632,33.71381784905842,0.1912840423137519,,,
Trinity,116.33663366336636,0.3574487063901665,131.48739709998566,-84.48739709998566,2.816193,-5.06240034683404,6970.7747524752485,-12530.693927807031,141.06583072100315,23.52941176470588,414.2857142857142,74.99999999999999,28.57142857142857,503.3736746278248,,,310.5922673235515,32.13023455071222,64.26046910142443,42.84031273428296,0.0,128.52093820284887,53.550390917853704,74.97054728499518,29.702970297029708,0.3332202633918449,34.48275862068965,0.0,0.0,39.99999999999999,,141.46090534979425,0.0,0.0,113.63636363636364,0.7058823529411765,126.23762376237627,0.6399170352540168,147.3354231974922,47.05882352941176,546.2139873621078,972.2796855606124,88.82966910948257,98.0,242.5742574257426,0.4640476073335287,288.40125391849534,70.58823529411765,1903.1857674803475,133.24450366422386,0.5204081632653061,92.0,6.0,1236.555205970586,219.50684129655377,1017.0483646740324,4326.871586162579,749.705472849952,428.4031273428297,2249.116418549856,6599.0897807199,1887.6304685765049,4102.366255144033,6103.286384976525,50000.0,2840.909090909091,,1.3801408500483652,2013,930.9060819197352,44.41483455474128,128.52093820284887,128.52093820284887,122.25705329153602,0.0,190.47619047619045,159.99999999999997,501.5432098765432,0.0,9523.809523809523,454.5454545454545,34.48275862068966,11.76470588235294,57.14285714285713,49.999999999999986,19.047619047619047,227.55482002482415,22.20741727737064,42.84031273428296,21.42015636714148,42.84031273428296,0.1715570279223852,,,
Tulare,321.6242798932134,0.9882027627184078,2316.32625039752,-27.3262503975202,137.154591,-1.6373615975690128,19271.405226921455,-230.0634533608245,413.89099167297513,55.64648117839605,980.6879903439956,178.0979827089337,88.07082945013981,808.7253301676806,,,574.1278556236265,109.17261993089268,66.77548597714795,26.498208721090453,2.4731661473017756,240.95704463711584,24.378352023403217,216.57869261371263,73.90754531403681,0.8291255544449978,42.91845493562233,79.4749403341289,59.29919137466308,314.15929203539815,,103.82383172233354,199.66183401086448,551.3784461152882,445.168976111355,0.6327160493827161,227.62399887593088,1.1538594451645707,263.24753974261927,124.93180578286957,572.3613083755538,975.079737829028,163.12516472792288,3909.0,549.2482787691442,1.0507188697584864,677.1385314155943,180.57828696126563,2508.1490308786933,235.78353504341695,0.4144282425172678,3578.0,331.0,3591.7027217772866,459.6204679054721,3132.0822538718144,2514.503352906677,585.4337580112915,612.991895081226,758.2020788728014,3704.041218323928,1305.713654787261,2419.0952791303703,2512.261515031598,9298.245614035086,1417.0167408614964,,1.568364421143626,2013,1533.0692930496652,72.65837031549404,185.84077049724772,185.84077049724772,208.1545064377683,356.08591885441535,382.74932614555263,752.2123893805308,503.54558385331774,894.5809499826121,3558.897243107769,1065.8975484356386,94.05753217259654,15.821058374249859,152.68557634278824,66.85878962536022,36.34669151910532,348.3929760611265,20.657771952444385,89.38729075247846,40.98389615528657,27.558137069934073,0.1949539706626201,,,
Tuolumne,326.62721893491124,1.003574482118321,275.01695680566314,0.983043194336858,16.537644,0.0589029651614701,19571.176331360948,69.70765107866828,442.93015332197615,62.015503875969,1086.6141732283463,266.6666666666668,212.35521235521233,744.9794860721227,,,372.4897430360613,129.5616497516735,148.45605700712588,86.37443316778234,10.796804145972793,224.03368602893545,16.19520621895919,207.83847980997623,105.32544378698223,1.1815845947255594,107.62942779291552,67.56756756756756,153.84615384615387,125.0,,265.1629577417514,120.1923076923077,178.25311942959001,152.05271160669034,0.7553956834532374,164.49704142011834,0.8338596364247488,178.87563884156728,131.78294573643416,375.1889440725545,516.8594634506522,203.19129863144684,415.0,491.1242603550296,0.939526891022092,621.8057921635435,193.79844961240315,1796.7019443760769,298.8107332815395,0.3349397590361446,365.0,50.0,2422.851313440449,187.63434983786937,2235.2169636025797,2280.8248758367527,342.79853163463616,485.8561865687754,699.0930684517384,2889.49052424317,1541.8633837327434,2463.665961803108,1778.8461538461538,1158.645276292335,1216.4216928535227,,1.0825090587177848,2013,1279.8424809254243,95.61943465009264,240.22889224789463,240.22889224789463,302.4523160762943,378.3783783783784,769.2307692307694,666.6666666666666,745.1414761856812,673.0769230769231,891.2655971479501,810.9477952356817,136.2862010221465,34.88372093023256,204.7244094488189,161.11111111111117,69.49806949806948,393.79768643859217,53.7859319906771,70.17922694882314,78.27683005830274,48.58561865687757,0.1345602057979618,,,
Ventura,219.86607142857133,0.6755468190582388,2624.5405203323885,-851.5405203323885,106.236387,-51.02345643779638,13174.155133928563,-6327.313546353715,271.36479591836724,39.62053571428572,741.1411411411411,138.7387387387387,61.86726659167598,315.39849078353313,,,219.51592646750132,41.092527564013615,29.35180540286687,11.562832431432405,0.1778897297143447,88.76697512745798,12.452281080004129,76.31469404745387,64.23611111111107,0.7206273867449788,47.40973312401884,74.56347333647946,83.14606741573034,71.42857142857146,,54.269110094413875,142.45656427225435,374.91133853480596,26.813759289052324,0.5681265206812652,203.8690476190475,1.0334421121393351,221.61989795918356,141.74107142857144,292.4507156503826,492.81518012572104,90.68416561642026,3417.0,423.73511904761887,0.8106106155861544,492.98469387755074,181.36160714285717,1096.2478683084385,116.03288907612828,0.4811237928007024,3092.0,325.0,2139.189080157001,193.28520780829524,1945.903872348706,1434.502780416476,296.1863999743839,296.1863999743839,474.4319091481577,2223.6955465816723,639.7874991520672,1144.6828851040275,1910.5408841323224,4509.06880129699,375.3926300467325,,0.6625484106656531,2013,603.4326881827175,25.348723459708022,92.14687999203052,92.14687999203052,154.78806907378336,246.8145351580934,388.76404494382024,311.22448979591843,177.18325348705986,471.549260217652,1752.963826122201,116.83137975944229,77.32780612244893,18.415178571428577,126.12612612612612,76.27627627627626,36.74540682414695,171.95349810142065,11.781801044653026,37.35684324001238,22.591995673721772,17.43319351200578,0.0823574174943928,,,
Yolo,307.8416149068323,0.9458550033338048,838.3948884395126,-45.39488843951256,47.515767,-2.720016320407153,18445.56172360248,-1055.906956679799,382.2645290581162,51.724137931034484,875.7396449704144,332.63598326359795,150.83135391923986,540.1171502520093,,,302.41111565181853,108.29587249693502,86.50047677428144,24.519820187985285,4.7677428143304725,204.3318348998774,19.752077373654817,184.57975752622255,94.72049689440992,1.0626138937666438,75.642965204236,106.52463382157129,167.15542521994135,43.209876543209894,,135.26491633864924,193.082808389448,1582.8936406553732,25.128333991456365,0.6132723112128147,169.64285714285714,0.8599445312692281,194.8897795591182,82.75862068965517,297.6433728374881,544.1701056165629,63.71540452644853,1230.0,477.4844720496895,0.9134338043326828,577.1543086172344,134.48275862068965,1611.5268937539342,103.53753235547887,0.3552845528455284,1152.0,78.0,3399.308224442736,308.4166026133743,3090.891621829362,1754.529355673614,345.32080098079274,325.5687236071384,573.4913499523227,2792.19416660838,769.8944713612531,1788.202193996943,1812.5648637559427,9469.591780061095,581.5414438022757,,1.4807256928558528,2013,1067.3567881373715,39.822127829030336,166.1898923852336,166.1898923852336,221.6338880484115,390.1464713715048,410.55718475073314,413.5802469135804,396.32620487224233,707.1657857263534,3887.8089419605667,240.5140539182252,114.72945891783566,25.862068965517242,201.18343195266272,117.15481171548103,57.007125890736326,320.34692592851644,19.911063914515168,69.47282386595832,38.14194251464378,32.693093583980385,0.1840601262007154,,,
Yuba,308.4495488105004,0.9477229032428366,396.7404382794122,-20.740438279412217,22.529544,-1.2427463212641008,18481.988515176377,-1019.480165105906,393.20920043811606,55.55555555555555,702.5641025641029,148.5714285714286,73.27586206896551,800.9372670145915,,,583.6617318138248,110.76791990627328,36.21258920012781,8.520609223559486,4.260304611779743,172.54233677707956,29.822132282458195,142.72020449462136,112.38720262510256,1.2608063397738465,89.60573476702507,143.5643564356436,165.2173913043478,215.38461538461533,,261.5062761506276,267.35502904028766,1318.52879944483,234.23121967542244,0.8320413436692506,317.47333880229695,1.609318931105454,370.20810514786416,160.13071895424835,824.3689423793801,1430.990685859441,210.07502679528403,763.0,625.9228876127974,1.197398361451967,763.4173055859803,215.68627450980392,2950.8890770533444,282.95819935691316,0.5072083879423329,697.0,66.0,3248.0632666236284,365.8274155369055,2882.2358510867225,2596.6556608797528,830.7593992970494,745.5533070614548,494.1953349664501,3865.3683319221,1311.8971061093248,2918.410041841005,1862.2660643495897,7980.569049271339,1087.502091350176,,1.4326370781831714,2013,1519.8983911939033,72.88317256162915,291.8308659069124,291.8308659069124,265.2329749103942,361.3861386138614,417.391304347826,507.69230769230757,774.0585774058577,672.997142066931,3331.0201249132547,552.1164463777815,139.10186199342826,32.67973856209151,187.17948717948727,97.14285714285715,38.793103448275865,537.6799322607959,42.872454448017145,155.5011183299606,72.42517840025562,19.17137075300884,0.178082519052966,,,
Alameda,276.90491996754446,0.8516238057532953,4408.049627827673,-654.0496278276732,250.78597,-43.69378538702771,18498.633178431806,-3222.9686056670107,337.6104137610413,43.89721627408994,1029.879831113998,110.86544535691725,24.93660185967878,339.14903766234704,,,286.47884880855156,31.710525364806557,10.660518498709896,3.884765215631573,0.9034337710771098,54.838429904380575,11.473608892679296,43.364821011701274,54.436822305819874,0.5879139735466455,16.998827667057444,49.143226640801814,83.43494164779655,37.376048817696415,,15.3449708180986,62.14049475280756,361.0652555723902,13.93454744002457,0.7958959325760352,201.2982223205724,1.1444187312218783,234.8675034867503,72.44825124910778,246.5470761269433,464.620082035058,36.04288215220394,6483.0,478.2031422881169,0.9544116702263152,572.4779172477917,116.34546752319773,1132.488458071992,57.88167281585461,0.4209470923954959,6156.999999999999,326.0,4251.7446126074965,647.7443098764745,3604.0003027310217,1224.785163449238,278.1672581146421,286.027131923013,427.5048604736884,1978.2220832490295,497.4983043865786,902.7075936440071,1264.4773044107487,4327.506539125453,372.8202386504533,,0.869510509142086,2014,667.868376036934,21.83879066365067,66.67341230549071,66.67341230549071,102.87221570926144,198.51277077271257,437.90280438947934,209.76353928298937,92.86353029573463,251.01489327778847,1895.027249496846,78.20409277564784,65.64388656438867,11.420413990007138,161.41604417018513,38.534428300694884,4.860524091293322,129.85818603196793,5.6816365954213115,44.90065842253236,11.02189200714074,2.0778976734773527,0.1080836341381162,,,
Alpine,200.0,0.6151019677462666,3.2514934187708735,-1.2514934187708735,0.13361,-0.0836060178409882,13361.000000000002,-8360.601784098815,222.2222222222222,0.0,500.0,****,0.0,239.5209580838323,,,239.5209580838323,0.0,0.0,0.0,0.0,0.0,0.0,0.0,0.0,0.0,0.0,****,0.0,0.0,,0.0,0.0,****,0.0,****,0.0,0.0,0.0,0.0,0.0,0.0,0.0,2.0,200.0,0.3991657878530974,222.2222222222222,0.0,452.4886877828054,0.0,0.0,2.0,0.0,2405.498281786942,343.64261168384877,2061.855670103093,1197.6047904191616,479.0419161676647,0.0,479.0419161676647,2036.1990950226243,254.4529262086514,1001.669449081803,0.0,****,1666.6666666666667,,1.1538349133834764,2014,452.4886877828054,0.0,0.0,0.0,0.0,****,0.0,666.6666666666666,0.0,0.0,****,1111.111111111111,0.0,0.0,0.0,****,0.0,0.0,0.0,0.0,0.0,0.0,0.1434262948207171,,,
Amador,267.52767527675275,0.8227839974465743,176.23094329738134,-31.230943297381344,9.686725,-2.0863831669815607,17872.186346863466,-3849.4154372353514,381.72043010752685,17.647058823529413,1166.6666666666667,226.41509433962264,121.38728323699422,570.9560560718223,,,330.76074972436606,47.251535674909434,82.69018743109152,15.750511891636476,11.812883918727358,240.1953063474563,47.251535674909434,192.9437706725469,79.33579335793357,0.8568211651941282,75.37688442211055,135.59322033898306,71.42857142857143,52.63157894736842,,153.71214838346057,228.83295194508008,224.97187851518564,200.8032128514056,0.5443037974683544,145.75645756457564,0.8286532206320424,180.10752688172045,70.58823529411765,311.07260985982043,458.9669817783258,111.13169105389886,224.0,413.2841328413284,0.8248444324639652,561.8279569892472,88.23529411764706,1431.7029730100014,138.91461381737358,0.3526785714285714,209.0,15.0,1895.9624011963256,216.29993591113012,1679.6624652851956,2134.1943613167427,283.5092140494566,208.6942825641833,681.2096393132776,2548.294286888615,1574.3656232635674,2039.247835220577,1687.6430205949655,3149.6062992125985,3815.261044176707,,0.7122891183514328,2014,972.7359912316756,27.782922763474716,169.31800283509216,169.31800283509216,201.00502512562815,559.322033898305,535.7142857142857,298.2456140350877,409.8990623558949,943.9359267734554,1687.2890888638922,1137.884872824632,107.52688172043013,17.647058823529413,222.2222222222222,188.67924528301887,57.80346820809248,274.0101383751199,27.782922763474716,63.002047566545905,39.376279729091195,39.376279729091195,0.0885403864116808,,,
Butte,348.27232295586725,1.071114955808586,950.4115263067264,67.58847369327373,68.00749,4.515247985079151,23266.332535066715,1544.7307509678976,445.2247191011234,85.13341804320203,1003.2786885245902,269.8412698412698,112.8747795414462,661.3352735966115,,,397.5807342250749,110.43909284029858,83.15414049151893,34.431011297269556,8.445342393669891,98.74554183367871,25.336027181009673,73.40951465266906,134.79302086897025,1.4557554454636104,127.3046532045654,143.75,211.42857142857144,140.0,,249.05102969718828,214.54223217200692,1655.4809843400446,152.03069572142184,0.5062836624775583,190.55764625384876,1.0833565107354148,219.5692883895131,111.81702668360865,361.8504394826253,604.326929271844,115.29794035951996,1575.0,538.8299692097161,1.075412445892283,664.7940074906364,196.95044472681067,1829.7318540853269,203.0815994968817,0.3536507936507936,1419.9999999999995,155.0,3268.9443577277952,303.23495341899644,2965.709404308798,1898.9027551305455,396.2814507798949,409.2742852316947,736.6937134170505,2752.3290424832812,1031.1304438970703,1956.3387781041208,1492.467702066135,7829.977628635347,1085.933540867299,,1.6050315304523677,2014,1225.404924813483,87.78365913736177,255.9588387004567,255.9588387004567,300.702370500439,459.375,702.857142857143,420.0,588.2757080778413,685.6023506366307,5503.355704697988,456.09208716426554,167.13483146067415,47.013977128335455,296.72131147540983,95.23809523809523,67.90123456790123,460.01005063976186,48.47754310570725,117.58515178878848,38.978503355399496,50.022412639429355,0.1995118390101098,,,
Calaveras,157.50915750915752,0.4844209636096971,177.53154066488972,-91.53154066488972,5.74523,-6.114764574117958,10522.399267399269,-11199.20251669955,209.30232558139537,31.446540880503143,310.3448275862069,220.77922077922076,29.197080291970803,286.7048939858648,,,180.02400320042673,56.67422322976396,13.335111348179758,3.3337778370449396,0.0,56.67422322976396,6.667555674089879,50.00666755567409,62.27106227106227,0.6725232316294998,59.196617336152215,51.28205128205128,0.0,190.47619047619045,,112.51305955155507,63.43165239454488,0.0,235.5712603062426,0.5180722891566265,152.014652014652,0.8642322479564394,178.29457364341087,88.0503144654088,276.70356047472995,459.5098561534363,93.45794392523364,169.0,309.5238095238095,0.6177565764393175,387.59689922480624,119.49685534591195,998.9344698987746,126.83578104138851,0.4911242603550296,150.0,19.0,2448.3448122639415,251.05532103976893,2197.2894912241723,1820.2426990265371,580.0773436458195,256.7008934524603,456.7275636751567,2577.2509323388385,1061.415220293725,1900.6670417101984,1236.9172216936252,5019.305019305019,1236.749116607774,,0.686133092658985,2014,539.4246137453383,33.37783711615487,113.34844645952792,113.34844645952792,145.87737843551795,256.4102564102564,0.0,333.3333333333333,277.264325323475,317.1582619727244,0.0,412.2497055359246,82.68733850129199,12.57861635220126,109.19540229885058,64.93506493506493,21.897810218978105,213.1060202450719,13.35113484646195,63.34177890385384,16.668889185224696,10.00133351113482,0.0852890877997307,,,
Colusa,190.47619047619045,0.5858113978535872,116.0783150501202,-48.07831505012019,4.54274,-3.21187183692328,12724.761904761905,-8996.839879336912,241.6356877323421,34.090909090909086,706.6666666666666,153.84615384615387,30.303030303030305,484.089129351463,,,377.30476258275786,56.9516622766427,14.237915569160675,0.0,7.118957784580338,49.83270449206237,7.118957784580338,42.713746707482024,86.83473389355741,0.9378092122722782,76.43312101910827,90.9090909090909,217.3913043478261,0.0,,219.57913998170176,179.18853193395623,4065.040650406504,0.0,0.6527777777777778,201.68067226890756,1.146593032015914,237.9182156133829,90.9090909090909,512.5649604897843,883.733775200221,117.56061719324026,140.0,392.156862745098,0.7826780153982302,479.5539033457249,125.0,1781.2758906379452,161.64584864070537,0.5142857142857142,129.0,11.0,1761.5971814445095,180.6766339943087,1580.920547450201,2541.4679290951804,533.9218338435253,370.1858047981775,469.8512137823023,3714.443523888429,1293.166789125643,2872.827081427264,1971.0738512735184,18699.18699186992,3560.371517027864,,0.951857400488492,2014,897.5421154377246,44.0852314474651,220.68769132199048,220.68769132199048,184.71337579617833,201.2987012987013,260.8695652173913,86.95652173913044,530.6495882891126,396.7746064251888,4878.048780487805,309.59752321981426,104.08921933085502,34.090909090909086,280.0,76.92307692307693,30.303030303030305,386.63352665009666,44.0852314474651,149.4981134761871,28.47583113832135,14.237915569160675,0.1183196821020193,,,
Contra Costa,159.7360882021009,0.4912699108660173,3745.395269082169,-1905.3952690821689,122.9212,-127.2899309510343,10671.169372341348,-11050.432411757469,196.25443262411343,27.655310621242485,691.0009182736455,68.27697262479872,16.258064516129032,248.99320140302257,,,203.66020006062445,28.68834711817434,8.525310700212184,2.4358030572034814,0.1353223920668601,41.94994154072663,11.096436149482528,30.8535053912441,36.63512457678618,0.3956568504369158,25.72972972972973,40.06410256410257,48.22198275862069,34.98542274052478,,34.415244507298056,55.21658706275365,268.6275981091018,16.499494702974722,0.6597277822257807,108.4295511763174,0.6164426488900849,123.11613475177305,55.31062124248497,169.01766769150825,307.64203868924,36.523202820226444,3089.0,268.16563937841823,0.5352127435880796,319.3705673758865,82.96593186372746,798.0417241245631,54.78480423033967,0.4043379734541923,2881.9999999999995,207.0,3254.851163263233,331.09098561704474,2923.760177646188,1558.7786342181614,294.7321699216213,420.1760273676006,524.3742692590829,2498.795460964628,660.328920554094,1337.567276018937,1378.2060130863313,5570.646056877017,471.6105569266941,,0.6843524737064017,2014,490.399685435323,18.261601410113222,57.106049452214954,57.106049452214954,100.10810810810813,146.6346153846154,234.10560344827584,206.99708454810497,133.90132946957144,202.09270864967837,1304.1194567419523,97.62201032593376,44.437056737588655,8.416833667334668,114.32506887052342,31.239935587761675,6.709677419354839,111.03911567451416,5.557878690034459,33.69527562464816,13.126272030485428,3.5183821937383626,0.0850677497418384,,,
Del Norte,203.09810671256457,0.6246302254221985,188.91176763058775,-70.91176763058775,7.88299,-4.737260636561414,13567.969018932876,-8153.632765165941,270.98321342925664,30.48780487804878,426.9005847953216,169.81132075471697,44.6927374301676,596.3210026278553,,,368.9104507782494,90.96422073984232,40.42854255104103,0.0,15.16070345664039,146.55346674752374,35.37497473216091,111.17849201536283,70.56798623063683,0.7621294453405884,68.64988558352402,35.714285714285715,142.85714285714286,82.56880733944955,,240.0768245838668,26.954177897574127,96.89922480620154,352.94117647058823,0.4823529411764706,146.29948364888122,0.8317404273408612,167.86570743405278,91.46341463414636,429.55326460481103,599.880023995201,184.75181672619783,203.0,349.3975903614458,0.6973378221530016,438.8489208633094,121.95121951219512,1568.2577770160256,246.3357556349304,0.4187192118226601,183.0,20.0,2995.1797475806748,607.1310299150016,2388.0487176656734,2936.1229027693553,864.1600970285022,535.6781888012937,904.5886395795432,3573.571000085697,2019.9531962064293,3497.119078104994,754.7169811320755,678.2945736434109,4274.509803921569,,1.6987225364828369,2014,968.3777530208243,61.583938908732605,207.1962805740853,207.1962805740853,187.64302059496575,392.85714285714283,714.2857142857143,183.48623853210984,656.209987195903,296.4959568733154,484.49612403100775,784.313725490195,91.12709832134291,18.29268292682927,116.95906432748538,66.0377358490566,33.5195530726257,325.6491558831091,36.95036334523956,101.0713563776026,35.37497473216091,30.32140691328078,0.2111580058032181,,,
El Dorado,199.08814589665656,0.6122975514799464,641.8448008653704,-248.8448008653704,26.254365,-16.62407692181107,13300.08358662614,-8421.518197472678,247.80553679945984,52.73833671399595,602.2988505747127,233.12883435582822,36.161335187760784,312.7362431862491,,,208.4908287908328,60.47825567978355,20.689929574662795,9.549198265228982,1.5915330442048303,77.98511916603668,8.753431743126567,69.23168742291013,59.77710233029382,0.6455886341174297,61.21212121212121,55.276381909547744,90.9090909090909,14.285714285714285,,99.86256538031816,75.12634885944543,538.7931034482759,11.165698972755694,0.4972677595628415,185.41033434650456,1.0540930622344884,203.91627278865633,129.81744421906694,291.2505470894839,478.4764801875881,102.32141715162756,759.0,384.49848024316105,0.7673931939729001,451.7218095881161,182.5557809330629,1059.936308759922,143.88949286947624,0.4822134387351778,669.0,90.0,1945.0750721109025,224.28410050559887,1720.790971605304,1570.8431146301673,346.1584371145506,259.41988620538734,572.1561293916366,2346.4359839662848,788.1946664961309,1631.4181473022277,1359.103947548149,5926.724137931034,781.5989280928985,,0.6173068832021698,2014,581.459828572334,41.5680757178487,93.900449608085,93.900449608085,190.9090909090909,206.03015075376885,400.0,214.28571428571428,311.4525553940616,280.0163912033875,2370.6896551724135,167.48548459133542,72.92370020256584,20.28397565922921,147.1264367816092,82.82208588957054,12.517385257301807,171.11079423926995,15.987721429941804,50.92905741455457,21.48569609676521,7.161898698921737,0.0767337146744725,,,
Fresno,225.93310471646535,0.6948594864506058,6542.329907908875,-1996.3299079088747,303.69553,-133.36481949785238,15093.461060583471,-6628.140723515346,290.3848714875482,36.25318440133256,746.5564738292011,267.8445229681979,63.462723351817615,731.2126130154559,,,479.4863175096951,121.92238466029816,49.70186920848567,29.917630008991377,1.6084747316662027,246.90087131076217,29.11339264315827,217.78747866760384,87.27200437354008,0.9425317036762956,65.87177482408131,92.31048240841494,105.5363321799308,88.31646734130635,,162.5953498694895,330.93529857320726,973.6321266679437,127.14389775511556,0.664624808575804,129.8146215396849,0.7380208467012958,155.94619789585832,52.910052910052904,420.1335999112122,747.7793316602489,87.51657142486702,7158.0,355.7477262561503,0.7100116071399214,446.3310693834065,89.16323731138546,2140.2070282317027,147.48162962338702,0.3649063984353171,6702.999999999999,455.0,3826.429003345365,469.19725684190104,3357.231746503464,3236.4120075855667,642.2639603543148,455.1983490615354,783.1663468482741,4795.111017452441,1654.063199929987,2468.3614538050692,3585.024039946296,9225.563429738875,1439.6397589563603,,1.5629849901718202,2014,1392.427696571454,59.965058198520005,282.44816288058524,282.44816288058524,173.37763878029708,215.9956474428727,328.37370242214536,301.7479300827967,427.9586805170242,774.3495886064634,3029.4324203537,434.4083173299781,110.60061259821548,18.61650009798158,215.3769095917856,128.26855123674912,42.719244197987265,530.3422160066924,30.792867723564324,138.32882692329343,58.38763275948317,33.456274418657024,0.194285285876278,,,
Glenn,311.7647058823529,0.9588354203103568,110.55077623820968,-4.550776238209693,7.08133,-0.3040146065935986,20827.44117647059,-894.160607628226,388.46153846153845,62.5,670.4545454545454,377.04918032786884,113.9240506329114,578.7289801266652,,,322.12273422144574,125.57326927276698,49.137366237169694,10.91941471937104,0.0,180.1703428696222,10.91941471937104,169.25092815025116,55.88235294117647,0.6035256059623211,76.92307692307693,35.08771929824561,0.0,0.0,,148.57369255150556,57.46300818847866,0.0,0.0,0.660377358490566,311.7647058823529,1.7724417286579337,334.6153846153846,237.5,578.7289801266652,928.5943003522256,212.3616854811669,212.0,623.5294117647059,1.244458044483186,723.0769230769231,300.0,2006.617568577223,268.24633955515816,0.5,188.0,24.0,2261.690023588178,433.6062161787151,1828.0838074094631,1856.3005022930772,480.4542476523259,333.0421489408168,431.3168814151561,2775.1094033514782,894.1544651838605,1931.458003169572,1637.695733371642,8275.862068965516,1705.5655296229804,,1.3359726496107034,2014,1078.0232682249973,55.88465407399128,103.7344398340249,103.7344398340249,328.20512820512823,280.7017543859649,83.33333333333333,473.6842105263158,633.9144215530904,459.7040655078293,689.6551724137931,807.899461400359,57.69230769230769,50.0,79.54545454545455,98.36065573770492,37.9746835443038,160.1024655779699,44.707723259193024,38.217951517798646,32.75824415811312,16.37912207905656,0.1660667439448477,,,
Humboldt,157.75635407537249,0.4851812190811919,741.9907981635133,-381.9907981635133,24.0498,-25.518895271313507,10538.913234005258,-11182.68855009356,198.71420222092345,35.026269702276714,586.2068965517241,119.59287531806616,23.46805736636245,372.7557000559134,,,281.6376400422456,48.6653275072998,18.637785002795667,7.248027501087203,1.0354325001553148,44.52359750667854,4.141730000621259,40.38186750605728,36.809815950920246,0.3975435053804116,27.3224043715847,63.063063063063055,58.8235294117647,85.9375,,66.20938054503563,75.60211685927206,450.04500450045003,205.799812909261,0.6311787072243346,115.24978089395267,0.6552169537504028,135.00876680303915,56.042031523642734,272.3187475408478,467.93339545436135,67.77937812420572,623.0,273.0061349693251,0.5448735447687986,333.7229690239626,91.06830122591944,1156.6665316209535,110.14148945183427,0.4221508828250401,571.0,52.0,3922.064589083389,360.812087576905,3561.252501506484,2362.8569653544287,480.4406800720662,406.9249725610387,794.1767276191265,3465.9482234736456,1209.4382784037955,2423.263327948304,1198.8335673398856,7650.765076507651,2394.761459307764,,1.5377646708138148,2014,688.7331361665924,42.362111327628575,86.97633001304645,86.97633001304645,126.22950819672133,252.25225225225222,188.23529411764704,332.03125,305.88733811806463,302.40846743708823,1440.14401440144,795.1356407857811,46.1718293395675,8.756567425569177,94.82758620689654,43.25699745547074,11.734028683181226,160.02916987400235,10.590527831907142,45.55903000683385,17.60235250264035,9.318892501397832,0.1911502993043196,,,
Imperial,134.95746326372776,0.4150630060778171,840.8361980941478,-491.8361980941478,23.314945,-32.857117213679544,9015.833333333334,-12705.768450765485,164.70588235294122,23.809523809523807,392.9889298892989,135.52361396303903,43.01075268817205,296.65014832507416,,,181.05009052504525,56.100028050014025,34.0000170000085,4.250002125001062,0.0,78.20003910001955,9.350004675002335,68.85003442501721,53.750966744006185,0.5805067801884497,41.21475054229936,57.61099365750528,41.91616766467065,60.60606060606061,,116.84398253489944,116.91390202829533,154.28697377121446,110.5583195135434,0.6388888888888888,180.97447795823663,1.0288743738565076,204.41176470588235,93.4065934065934,397.8001989000995,677.5089765877593,90.9123319904453,817.0,315.93194122196445,0.6305461111291195,369.1176470588236,117.2161172161172,1223.415490097321,114.08606367428428,0.572827417380661,753.0000000000001,64.0,3347.6305625157283,318.9522173470616,3028.678345168667,2198.1010990505497,460.7002303501152,413.9502069751034,790.5003952501976,3314.432403450909,973.296730721238,2835.0039972941395,2029.3679141058233,3680.8463742561166,1824.212271973466,,1.5260650097745978,2014,545.9065135095617,23.17373168383899,118.15005907502952,118.15005907502952,101.95227765726683,135.30655391120507,203.59281437125748,181.8181818181818,289.0351146915934,274.58677907562935,749.3938726030417,331.6749585406302,63.725490196078425,16.483516483516485,123.61623616236164,73.92197125256673,21.505376344086024,211.2138296316756,16.04335270419623,56.95002847501424,30.600015300007648,17.00000850000425,0.1896959846410611,,,
Inyo,247.5728155339806,0.7614126299771747,66.98076442668,-15.980764426679997,3.407055,-1.0675949675243572,16539.101941747573,-5182.499842351244,315.43624161073825,70.17543859649122,481.48148148148147,90.9090909090909,131.57894736842104,402.9709228824273,,,308.1542351453856,31.60556257901391,39.50695322376738,7.901390644753477,0.0,71.11251580278129,7.901390644753477,63.21112515802782,82.5242718446602,0.8912565157031722,65.93406593406594,51.28205128205128,500.0,108.10810810810813,,71.78750897343862,82.13552361396303,1098.901098901099,451.4672686230248,0.36363636363636365,320.3883495145631,1.8214687850835336,348.99328859060404,245.6140350877193,521.4917825537294,795.9589774988519,228.64608851869997,117.0,567.9611650485436,1.133553329582825,664.4295302013423,315.7894736842105,1515.3834379305067,293.97354238118567,0.5641025641025641,99.0,18.0,2194.206008583691,568.6695278969956,1625.5364806866953,1627.686472819216,640.0126422250316,347.66118836915297,300.25284450063214,2280.7286086024797,930.9162175404211,1088.7772194304855,1601.6427104722793,2197.802197802198,4176.07223476298,,0.9382538116219774,2014,719.4244604316547,65.32745386248571,134.3236409608091,134.3236409608091,263.73626373626377,128.2051282051282,0.0,297.2972972972973,287.1500358937545,205.3388090349076,0.0,1241.5349887133182,100.67114093959732,35.08771929824561,148.14814814814815,45.45454545454545,52.63157894736842,229.60355120159193,32.663726931242856,94.81668773704172,15.802781289506957,15.802781289506957,0.116628701594533,,,
Kern,255.99455040871933,0.7873137584436205,4773.192338755642,-1015.1923387556416,251.05319,-67.81992419057063,17101.715940054495,-4619.885844044322,313.9830137466072,52.776925437250696,535.4063234909852,242.96435272045028,107.14285714285714,659.8249479847949,,,359.76086174051215,136.42468988403022,83.75106444618072,39.154061575468134,1.7557875145949835,266.00180846114006,47.757420396983555,218.24438806415648,96.86648501362396,1.0461514411683026,76.49630127774041,108.54287052943933,121.12403100775194,83.0188679245283,,205.36383249532852,250.8463809544434,760.6645165216333,57.80498699387793,0.5503626107977437,169.07356948228883,0.9612154426378188,191.5769197093074,90.21172138692852,435.786461122475,725.0026508323614,109.80269128637217,6240.0,425.06811989100817,0.8483632548376457,505.55993345591463,142.9886468241792,1913.2382568126393,174.04100047431774,0.3977564102564102,5774.000000000001,466.0,3739.0262866746666,509.7945636375469,3229.2317230371195,2577.496071425436,671.9398818355003,561.5008471674757,781.6766014976868,3784.394549888665,1217.166567694853,2684.6243421587124,2311.035075181728,6280.046248402604,696.2873433353478,,1.4433715583448576,2014,1188.235605980278,64.23830918794562,249.67298457540667,249.67298457540667,180.73301950235373,276.43292206778074,395.34883720930225,366.03773584905656,485.2002635878642,638.8461788336185,2482.8089819266106,254.8674426548254,116.53970755625602,27.92267566738263,135.35406323490983,116.94809255784865,64.91464510332435,441.03223412151414,33.986547302924706,90.94979325602016,65.66645304585239,50.74225917179503,0.1794168578726351,,,
Kings,608.6316821971554,1.8718527267609535,662.9795080873812,578.0204919126188,82.905005,38.6146589622225,40659.639529180975,18938.03774508216,751.6254876462939,169.66067864271454,1586.6388308977034,410.91954022988506,301.2704174228675,1188.4468790101705,,,727.8159774760107,136.9443220777231,158.97033192239184,80.44281856313803,6.703568213594837,529.581888873992,91.93464978644349,437.6472390875486,214.3207454634625,2.314649454941319,175.43859649122803,336.8146214099217,283.72093023255815,36.885245901639344,,263.9288447834464,497.0906708797349,732.9088069205815,285.3519340519975,0.9239543726235742,257.96959293771454,1.4666062662662276,280.23407022106636,189.6207584830339,503.7252686215549,689.5558684244209,226.63295004532657,1767.0,866.6012751348701,1.7295879037185464,1031.85955786736,359.2814371257485,2539.0375015998975,429.4098000858819,0.2976796830786644,1587.0,180.0,2792.9930761092287,466.05686429441937,2326.936211814809,1952.6536553599817,458.7155963302753,333.26310547585757,527.6665836701078,2460.6425188787916,1195.190610239038,1504.3944152656445,1475.8583484258795,2583.203171933197,7736.207989854153,,1.2855291794804242,2014,1849.4816331754769,202.7768500405554,418.4941870487062,418.4941870487062,515.7894736842105,869.4516971279373,1023.2558139534884,125.0,775.9508036633324,1283.1875457593155,2643.277664303737,967.0259987317692,252.92587776332897,95.80838323353294,421.71189979123176,189.65517241379308,161.52450090744102,622.3601689491873,114.50928002290186,193.44582559230813,63.20507172817988,85.23108157284862,0.1597964188448125,,,
Lake,247.4469756480754,0.7610256081699684,413.9151122095322,-98.9151122095322,21.043575,-6.608024071157798,16530.695208169676,-5190.906575929141,318.1347150259068,25.974025974025977,723.404255319149,187.13450292397658,71.96969696969697,721.8479307025987,,,467.4824694073972,73.33058343645446,87.08006783078967,38.95687245061644,0.0,142.07800540813054,16.041065126724416,126.0369402814061,88.76669285153181,0.9586742374445932,80.8743169398907,72.81553398058252,203.125,125.0,,227.9448003942829,203.27957717847943,1639.344262295082,366.4223850766156,0.45955882352941174,213.66849960722703,1.2147461135209188,239.3782383419689,133.11688311688312,623.309959209863,1049.332243118016,189.60414354421013,587.0,461.1154752553024,0.9203076098576912,557.5129533678756,159.0909090909091,2443.8993367856815,226.60007399186088,0.4633730834752981,538.0,49.0,3295.0781791573595,472.9261341754602,2822.1520449818995,2917.1822723314544,646.225766533755,391.8603052385536,1209.954626701499,4383.574089215953,1424.3433222345543,2818.5066535239034,2791.706193251118,8070.61790668348,2931.379080612925,,1.5566106589020483,2014,1394.5670936676663,36.99593044765076,258.9486227599798,258.9486227599798,226.2295081967213,174.75728155339806,515.625,443.1818181818182,637.6293740758995,487.8709852283507,4161.41235813367,1299.1339107261826,115.02590673575128,6.493506493506494,187.94326241134752,76.0233918128655,45.45454545454545,504.22458435541023,9.24898261191269,121.45377881662772,29.790549521059628,54.99793757734085,0.1934929310035152,,,
Lassen,379.50138504155126,1.1671602435074588,117.37891241762854,19.62108758237146,9.152285,1.3107867559403252,25352.59002770083,3630.988243602013,511.5384615384615,39.6039603960396,846.9387755102041,239.43661971830986,185.18518518518516,511.5375998805168,,,309.9096408035247,63.475468598312304,56.007766410275565,3.7338510940183705,3.7338510940183705,194.16025688895527,56.007766410275565,138.1524904786797,116.34349030470914,1.2565017718533231,93.02325581395348,357.14285714285717,111.1111111111111,142.85714285714286,,166.1819692563357,187.68768768768768,69.73500697350069,115.14104778353484,0.42767370168366137,233.62880886426592,1.3282242730963112,230.80769230769232,240.89108910891088,314.9130012695094,329.5080166922908,283.8973162193699,221.34,613.1301939058171,1.2237029845346894,742.3461538461538,280.4950495049505,1059.7957390731383,330.5717619603267,0.3810427396765157,193.01,28.33,2078.420274816841,440.21004307769704,1638.2102317391443,1347.9202449406316,365.91740721380035,265.1034276753043,302.441938615488,1427.630133977597,1178.5297549591598,1786.4561695056086,525.5255255255256,627.6150627615062,805.9873344847438,,1.124563961373608,2014,730.2877223808478,46.67444574095683,156.82174594877156,156.82174594877156,239.20265780730895,1178.5714285714287,1111.111111111111,857.1428571428571,427.32506380200607,619.3693693693693,697.350069735007,690.8462867012089,150.0,29.7029702970297,183.67346938775512,140.84507042253523,86.41975308641975,214.1445200966396,35.00583430571762,67.20931969233067,37.3385109401837,26.13695765812859,0.139787798408488,,,
Los Angeles,443.8618800743422,1.3651015792064265,33240.01722009464,12135.98277990536,3031.34368,810.7443296115777,29652.192898366426,7930.591114267609,532.2931117031073,97.09719347229576,1209.591813356753,305.1181985376575,101.15452681255093,655.3945619410401,,,457.5455953184122,98.24563227968432,52.01154393401105,22.026549430537862,3.04760782284819,216.4812608950174,38.98338158230931,177.4978793127081,108.61782255697936,1.173065086325421,70.43355002688304,101.0248620378026,154.57745054411586,116.55104063429138,,74.76707280943113,160.39873158612488,656.0715377245426,51.66274070839459,0.5610363726955655,157.0576151814536,0.8929024539941205,171.67339823465142,99.74486111779714,231.90706731587937,406.45219608876954,59.48962951053127,61432.0,600.9194952557958,1.199332518800327,703.9665099377588,196.8420545900929,1666.7039674140676,117.40014240760732,0.2613621565307983,57343.000000000015,4089.0,2570.3873924206277,422.0299953929833,2148.3573970276443,1476.5732119894335,378.2644610074467,321.99204357703655,514.1791037230935,2367.589855320574,596.4179892964605,1061.526400144449,1587.7154232203266,4244.290065693004,443.2628008058685,,1.1086269781415703,2014,1260.251771325298,57.91051289707605,160.38216713225736,160.38216713225736,224.79104550564537,400.06153017862977,691.613738419839,569.8711595639246,238.62162932031484,635.1838617017347,2935.409319272123,252.6026862867932,126.45935892556808,38.65594762432003,190.69074802397952,116.26968106580541,51.68684513609933,299.40389530251826,23.055102556446244,72.13153302039746,37.43791221242895,26.57629570635389,0.1378067676483005,,,
Madera,319.1489361702128,0.9815456932121276,550.1526864560318,-10.152686456031802,36.0747,-0.6782502186952045,21320.74468085106,-400.8571032477558,360.11687363038726,145.5108359133127,846.7153284671532,248.38709677419354,139.1509433962264,541.6357399346025,,,349.0541435134105,77.2332443980822,59.178719733595464,23.06967040462196,0.0,203.6149170494895,32.096932736865334,171.51798431262412,143.0260047281324,1.5446711104448108,108.92857142857144,143.7699680511182,176.056338028169,411.7647058823529,,163.04493090636944,253.67356909316396,595.8055290753098,431.12297269554506,0.8637469586374696,242.9078014184397,1.3809771129547463,267.3484295105917,139.3188854489164,412.24497983911414,775.6044840958698,85.6995943552534,951.0,562.0567375886525,1.1217691023885803,627.4653031409789,284.8297213622291,1820.3394858971376,175.20805957074026,0.4321766561514195,859.0000000000001,92.0,2772.3106702782056,576.8069060934973,2195.5037641847084,1697.125318461755,412.24497983911414,310.9390358883829,425.2843587634656,2901.099832588103,615.1326439277076,1496.805923074867,1764.4406028035628,3384.1754051477596,1047.012933689181,,1.304391256310116,2014,1044.7350018012671,89.50846521548686,242.7330538225441,242.7330538225441,253.57142857142856,313.0990415335463,478.8732394366197,705.8823529411765,379.54721620826984,552.4446615806683,1620.5910390848428,739.067953192363,157.7794010226443,80.49535603715171,267.63990267639906,151.61290322580646,91.98113207547168,457.7337938926444,49.51532118303529,110.3332062829746,47.14236995727096,39.11813677305462,0.1621410504389227,,,
Marin,169.74169741697418,0.5220422604488609,528.6928298921441,-252.69282989214412,18.43818,-16.88114450094469,11339.594095940958,-10382.00768815786,219.0082644628099,26.442307692307693,431.8706697459584,160.22099447513813,23.16602316602317,159.0823943053114,,,107.7840859967146,33.43035822357993,6.916625839361364,2.8819274330672355,0.0,57.06216317473125,16.715179111789965,40.346984062941296,44.28044280442804,0.4782257666199785,25.959367945823928,65.71428571428571,64.62585034013605,72.91666666666667,,19.058825479163733,75.03833480147466,349.65034965034965,41.838503376964916,0.6987951807228916,153.13653136531366,0.8706103457273358,178.51239669421486,79.32692307692307,143.51998616674834,251.528384279476,37.66263410180324,525.0,322.87822878228786,0.6444097128624728,397.5206611570248,105.76923076923076,560.1164483260553,50.21684546907099,0.4742857142857143,481.0,44.0,1926.575922983026,174.27086452167637,1752.3050584613495,937.202801233465,249.5749157036226,208.65154615406783,298.5676820657656,1409.0247452692868,474.7774480712166,734.179103240829,1141.8877035007015,5410.379094589621,573.7851891698045,,0.5749654159617124,2014,308.58806404657935,12.554211367267747,41.49975503616819,41.49975503616819,143.3408577878104,160.0,241.49659863945578,229.16666666666663,105.23786242842584,182.70203256011223,1306.5881486934118,131.49243918474687,57.02479338842975,7.211538461538462,78.52193995381063,35.91160220994475,15.444015444015443,80.34934497816593,3.423875827436658,19.5971065448572,7.493011325974812,4.611083892907577,0.0714705009398806,,,
Mariposa,366.27906976744185,1.126494882791128,55.925686802859026,7.074313197140974,4.208715,0.4725994931350027,24469.27325581395,2747.671471715137,454.54545454545456,75.0,762.7118644067797,500.0,54.54545454545454,522.128294380905,,,372.9487817006464,74.58975634012928,24.86325211337643,0.0,0.0,215.4815183159291,58.01425493121167,157.46726338471737,63.95348837209303,0.6906933189409672,67.66917293233082,58.8235294117647,0.0,52.63157894736842,,90.72580645161293,88.65248226950355,0.0,112.48593925759282,0.6585365853658537,238.3720930232558,1.3551907469005922,265.1515151515151,150.0,339.7977788828112,566.7098445595855,101.86757215619694,104.0,604.6511627906976,1.2067802888582015,719.6969696969697,225.0,1538.2124352331605,152.8013582342954,0.3942307692307692,95.0,9.0,1914.1659311562223,391.6593115622242,1522.5066195939985,1425.4931211669152,488.97729156306974,149.17951268025857,455.82628874523454,2137.3056994818653,679.1171477079796,1340.725806451613,1507.0921985815603,2325.5813953488373,2137.2328458942634,,1.0107174164999069,2014,971.5025906735752,50.93378607809847,91.1652577490469,91.1652577490469,375.9398496240602,235.2941176470588,666.6666666666666,368.4210526315786,504.0322580645162,354.6099290780142,1550.3875968992247,787.4015748031487,68.18181818181817,50.0,118.64406779661016,0.0,18.18181818181818,145.72538860103626,33.955857385398986,58.01425493121167,0.0,8.28775070445881,0.1256362175194214,,,
Mendocino,233.4519572953737,0.7179837915330087,456.8348253373077,-128.83482533730768,21.91204,-8.606810506658839,15595.758007117438,-6125.843776981379,295.7089552238806,33.033033033033036,555.2631578947368,103.58565737051794,77.25321888412017,549.9480232051238,,,353.77753931793035,43.5934408638208,60.360148888367256,11.736695617182525,13.41336641963717,90.5402233325509,5.030012407363938,85.51021092518695,73.30960854092527,0.7917387795767178,57.69230769230769,94.11764705882352,142.85714285714286,109.09090909090908,,131.19214790699934,184.60118452426735,1565.9955257270694,357.6395787800517,0.6047297297297297,210.6761565836299,1.197734073538807,241.6044776119403,111.1111111111111,496.29455752657526,853.5741357149918,126.28417352128058,624.0,444.1281138790036,0.8864037424211132,537.3134328358209,144.14414414414415,1898.296147381604,163.82811700058022,0.4743589743589743,576.0,48.0,2324.504433274976,578.3023662958152,1746.202066979161,2355.7224774487777,637.1349049327655,420.8443714161162,781.328593943865,3532.940052071318,1136.5575616915253,2273.997230387989,1961.387585570341,10961.968680089485,3278.362805483807,,1.316017649203046,2014,1044.7220116666117,37.54394347929964,172.69709265282856,172.69709265282856,197.64957264957263,250.98039215686273,326.53061224489795,381.8181818181818,449.4545807924978,492.2698253980463,3579.4183445190156,1251.7385257301808,91.4179104477612,15.015015015015017,121.05263157894736,51.79282868525897,38.62660944206009,322.9739972975645,17.065428854227108,77.12685691291372,21.7967204319104,30.180074444183628,0.1635862575785412,,,
Merced,292.0353982300885,0.8981577405144601,1102.2562689633262,-112.2562689633262,66.13695,-7.499280048095007,19509.42477876106,-2212.1770053377586,354.922279792746,45.05813953488373,809.2269326683291,245.3102453102453,64.9953574744661,584.339696143358,,,383.0671341384236,100.34115994380896,41.316948212156625,13.575568698280032,1.7707263519495695,182.9750563681222,17.707263519495697,165.2677928486265,99.41002949852508,1.073621548380108,76.03464870067373,99.13326110509209,117.48633879781421,230.21582733812951,,143.82464316923972,199.57685344733568,703.5340314136125,191.75455417066155,0.8269754768392371,216.51917404129796,1.230952740590733,247.9644707623982,93.02325581395348,433.237714110328,779.3053713913508,76.69446841146582,1724.0,508.55457227138646,1.0149879325350148,602.8867505551442,138.0813953488372,1894.7588805918065,113.8433515482696,0.425754060324826,1628.9999999999995,95.0,3218.2112411285225,554.9928803943626,2663.2183607341603,2000.920777703014,473.3741780878516,409.03778730035066,635.6907603498955,3142.810617163328,824.4655354232575,1891.567142441014,2013.217876851266,5988.219895287958,832.9338446788112,,1.5307698344167031,2014,1115.4535092004555,37.14888313680377,198.91159353566832,198.91159353566832,221.36669874879695,286.5655471289274,355.1912568306011,726.6187050359713,418.72997378386253,576.9188823696207,2126.9633507853405,605.2253116011506,116.95040710584752,30.523255813953487,219.45137157107231,102.45310245310245,29.712163416898793,367.5529811338312,25.165372447512222,103.88261264770809,41.90719032947315,18.887747754128743,0.1902808131623438,,,
Modoc,95.8904109589041,0.2949119023441004,71.20770587108213,-50.207705871082126,1.402905,-3.3541257907176414,6405.958904109589,-15315.642879989227,116.56441717791412,35.714285714285715,309.09090909090907,136.36363636363635,14.285714285714285,340.08097165991904,,,275.3036437246963,48.58299595141701,16.194331983805668,0.0,0.0,48.58299595141701,0.0,48.58299595141701,9.1324200913242,0.0986295150334963,6.024096385542169,0.0,0.0,34.48275862068965,,21.159542953872197,0.0,0.0,223.2142857142857,0.8064516129032258,141.55251141552512,0.804752986131413,165.6441717791411,71.42857142857143,502.0242914979757,868.1672025723474,130.50570962479608,52.0,237.4429223744292,0.4738954558986544,282.2085889570552,107.14285714285714,1479.0996784565916,195.7585644371941,0.5961538461538461,46.0,6.0,2244.9618878563224,511.6424767672548,1733.3194110890674,3546.558704453441,890.6882591093117,356.2753036437247,1133.6032388663969,5241.157556270096,1827.0799347471452,3512.4841303427847,2250.8038585209006,4411.764705882353,6473.214285714286,,1.4199329150145856,2014,610.9324758842444,65.25285481239804,32.388663967611336,32.388663967611336,66.26506024096386,190.47619047619045,0.0,206.8965517241379,232.75497249259416,428.72454448017146,0.0,1339.2857142857142,12.269938650306749,0.0,18.18181818181818,45.45454545454545,0.0,64.30868167202573,0.0,16.194331983805668,16.194331983805668,0.0,0.1765033407572383,,,
Mono,200.0,0.6151019677462666,35.76642760647961,-13.76642760647961,1.46971,-0.9196661962508704,13361.000000000002,-8360.601784098815,204.30107526881724,176.47058823529412,437.5,555.5555555555555,18.18181818181818,213.05442572147976,,,135.58008909548712,48.42146039124541,9.68429207824908,0.0,0.0,67.79004454774356,9.68429207824908,58.10575246949448,45.45454545454545,0.4909059952803568,52.63157894736842,50.0,0.0,0.0,,55.38631957906397,39.35458480913026,0.0,0.0,0.36363636363636365,200.0,1.1370380900824482,204.3010752688172,176.47058823529412,213.05442572147976,344.0782325244477,62.44796003330558,44.0,400.0,0.7983315757061948,408.6021505376344,352.94117647058823,688.1564650488954,124.89592006661115,0.5,38.0,6.0,1581.5959741193385,258.8066139468009,1322.7893601725375,1065.2721286073988,309.89734650397054,87.15862870424172,532.6360643036994,1684.1724013038754,353.8717735220649,1052.3400720022155,787.0916961826053,5263.157894736842,2285.714285714286,,0.9749513631183434,2014,344.07823252444774,62.44796003330558,48.42146039124541,48.42146039124541,144.73684210526315,400.0,0.0,250.0,152.31237884242591,314.83667847304207,0.0,571.4285714285714,43.01075268817205,58.8235294117647,93.75,0.0,18.18181818181818,72.43752263672583,20.815986677768528,29.05287623474724,0.0,9.68429207824908,0.1211903540277065,,,
Monterey,408.16326530612247,1.255310138257687,1338.3146911660915,341.6853088339085,112.2324,22.826287056649257,27267.34693877551,5545.745154676693,483.3836858006043,99.25558312655087,948.2758620689656,232.662192393736,118.86304909560722,591.8201993870433,,,406.8763870785923,73.27297706696727,48.613802092507136,13.034135343643216,0.7045478564131469,181.06879909817872,14.44323105646951,166.62556804170924,104.95626822157436,1.1335205488689288,59.3368237347295,109.71149939049167,152.4926686217009,250.0,,74.10797968569499,170.01020061203673,604.8621612190299,170.03360187846647,0.7198275862068966,225.46161321671525,1.2817922103942077,244.71299093655588,146.40198511166253,326.9102053757001,543.0264675122684,87.59817677015128,2608.0,633.6248785228377,1.2646068691944583,728.0966767371601,245.6575682382134,1615.6713416105763,146.98677119059283,0.3558282208588957,2410.0,198.0,2891.803217567996,427.12935518147754,2464.6738623865185,1449.9594884982562,429.0696445556064,314.93289181667666,408.9900306478317,2219.0340832908746,598.3400887859486,1248.9374223500947,1549.611495208231,3966.499941840177,680.1344075138659,,0.9928766390783916,2014,1072.644874098308,59.38859442044156,152.18233698523971,152.18233698523971,226.8760907504363,437.6269809020723,577.7126099706745,869.047619047619,283.3540399747161,678.1518002191242,2291.497033849017,591.0691874822882,122.05438066465256,34.7394540942928,173.23481116584566,87.24832214765101,55.98621877691645,270.84283070982275,20.786008047154542,74.32979885158699,27.477366400112725,22.89780533342727,0.1234185375267216,,,
Napa,144.9120937666489,0.4456785701304862,610.3053147032929,-338.3053147032929,18.17096,-22.60048654875348,9680.85242408098,-12040.749360017837,182.76580958999313,20.54794520547945,539.5095367847412,102.16718266253869,27.777777777777775,286.3971865688143,,,208.48030492876924,34.746717488128205,13.688100828656566,3.1587924989207457,1.052930832973582,93.7108441346488,18.952754993524476,74.75808914112432,34.62972828982419,0.3739987071128984,24.65483234714004,43.151969981238274,51.85185185185185,50.0,,48.257890165041985,72.79172073298098,682.9268292682926,31.50929524209642,0.7251461988304093,91.10282365476826,0.5179369030476788,105.62890896455872,43.37899543378995,180.05117243848252,314.6216260970359,40.719230192237625,443.0,236.01491742141715,0.4710454022880185,288.39471855455184,63.92694063926941,858.9998344096707,60.00728659908704,0.3860045146726862,415.0000000000001,28.0,2074.3320068220582,379.4769755542922,1694.8550312677658,1976.3511734914136,386.4256157013046,340.096659050467,492.77162983163635,2978.556052326544,938.6854118000042,1957.3400250941029,1686.8690065512549,13170.731707317074,630.1859048419283,,0.7932168737970229,2014,544.3782083126348,19.288056406849403,68.44050414328284,68.44050414328284,124.2603550295858,185.74108818011257,114.81481481481481,266.6666666666667,243.2197664318116,313.32088489413553,1512.1951219512196,168.04957462451424,41.69562195969423,11.415525114155251,89.91825613079018,34.05572755417956,14.957264957264956,124.19274714356682,10.715586892694112,34.746717488128205,11.5822391627094,7.370515830815074,0.0986000301068794,,,
Nevada,135.72204125950054,0.4174144732262938,299.4625438687974,-174.4625438687974,8.350625,-11.654970243155011,9066.910966340934,-12654.690817757884,166.6666666666667,24.875621890547265,421.875,161.76470588235296,20.512820512820515,188.4772545649191,,,122.13326095806758,33.17199680342576,12.062544292154822,4.523454109558059,3.0156360730387055,39.203268949503176,6.031272146077411,33.17199680342576,45.60260586319218,0.4925050376102602,41.966426858513195,72.72727272727272,142.85714285714286,55.55555555555555,,61.214495592556325,69.25207756232687,711.7437722419928,32.38341968911917,0.7193877551020408,212.81216069489687,1.2098776637142228,215.2777777777778,203.98009950248755,295.5323351577931,469.42669372179654,123.11572878505795,321.0,348.53420195439736,0.695614646584388,381.9444444444445,228.85572139303483,832.8538114418973,138.12984205152844,0.6105919003115264,275.00000000000006,46.0,1934.3009931245224,313.7254901960784,1620.5755029284442,1388.700411634324,289.50106301171576,205.063252966632,588.0490342425477,2180.562706320603,603.5673533121134,1458.6539806911992,952.2160664819944,4982.20640569395,582.901554404145,,0.7639557716265551,2014,363.4271177201007,15.014113266470485,63.32835753381281,63.32835753381281,121.1031175059952,290.9090909090909,357.14285714285717,166.66666666666666,176.64754442423396,277.0083102493075,1779.3594306049824,97.15025906735752,55.55555555555555,9.950248756218905,78.125,102.94117647058823,15.384615384615383,121.14237257336686,6.0056453065881925,22.61727054779029,21.109452511270938,9.046908219116116,0.094962758069085,,,
Orange,297.6263199232045,0.9153526751892148,7451.772617139088,-630.7726171390877,455.676905,-42.13876468797675,19882.92630246967,-1838.6754816291432,374.30519740989047,52.862630327419055,984.3940008107012,194.85871271585557,57.039632143639146,319.41191868646354,,,227.44226492598645,46.499931865658745,24.39724521853797,10.067961078667302,0.7024158892093467,71.8805593290898,13.814179154450484,58.06638017463931,82.64246443843268,0.8925329876665464,60.72833652779179,103.43762865376699,132.1656050955414,59.51795376291195,,65.14270255647234,142.53337833889756,479.200946854883,25.656085475051047,0.5489139878366638,251.1126625359979,1.427623311027247,283.9951865222624,146.14962502286446,269.49356282665264,466.11803432870914,74.51710769167637,12576.0,548.7389824592024,1.0951891412951726,658.3003839321528,199.0122553502835,1080.4608511638842,101.47010409079336,0.4576176844783715,11488.0,1088.0,1943.2637441214924,199.2919514016846,1743.9717927198078,1073.1978232599872,231.04799982392777,238.63409142738868,427.7244488025448,1641.2885022337173,509.86862046357294,1072.6903827945357,1377.9644815330637,3625.761381022488,431.06464273370887,,0.7487515291622919,2014,614.3428168351751,26.952996399116987,88.69171294416682,88.69171294416682,169.17179461313424,394.7097571016879,532.6433121019109,314.80570585341906,181.4689571216015,543.8960258006688,1931.2375508790162,135.70160912423714,100.91112257177238,24.327784891165173,183.01580867450343,88.69701726844583,36.238230786074006,165.62426522454737,12.40397412139294,42.28543653040267,21.166132128174976,15.499977288552916,0.0930728099171345,,,
Placer,175.8949266031419,0.5409665773508886,1262.55489450873,-579.5548945087301,45.627815,-38.71716472765571,11750.660571722894,-9970.941212375925,230.05698005698005,34.41860465116279,579.5795795795797,161.56282998944033,56.33802816901409,282.71973905340633,,,159.78011606825012,63.33253305295924,29.803544966098464,8.692700615112054,2.069690622645727,122.11174673609788,19.45509185286983,102.65665488322806,72.36672675766161,0.781555720531333,70.44734061289186,84.64566929133858,78.125,60.18518518518518,,108.88738866264508,127.28295296450878,747.8312892611426,62.56015399422522,0.7135842880523732,157.35256245171257,0.894579285398372,188.7464387464387,75.34883720930233,252.91619408730784,446.8501281532442,65.86758176525119,1294.0,333.2474890548545,0.6651049825932374,418.8034188034188,109.76744186046513,991.5014164305948,95.9552425716005,0.4721792890262751,1176.0,118.0,1965.6560061258735,161.83602426454215,1803.8199818613311,1607.321737546671,275.6827909364108,391.99940392910065,529.0129231482479,2367.462565762849,874.1685234277164,1545.656482066247,1503.7148861853595,9572.240502542627,1039.461020211742,,0.5255915296638256,2014,544.6512882773505,30.087660806349312,116.31661299268984,116.31661299268984,176.11835153222967,161.41732283464566,178.125,203.7037037037037,272.21847165661273,242.72563123464465,1705.0553395154054,211.74205967276228,91.88034188034187,21.395348837209305,163.66366366366367,85.53326293558607,33.64632237871675,217.52326993120192,18.703140501244164,45.119255573676845,33.52898808686078,17.79933935475325,0.0653331293883129,,,
Plumas,205.8823529411765,0.633193202091745,77.38554336674679,-28.385543366746788,3.273445,-1.8962962246155193,13753.970588235294,-7967.631195863523,254.0540540540541,37.73584905660377,409.6385542168675,291.6666666666667,40.0,376.1418592154755,,,260.9963921086973,53.734551316496514,23.029093421355647,7.676364473785215,7.676364473785215,61.41091579028172,0.0,61.41091579028172,67.22689075630252,0.7260458417591832,68.42105263157895,80.0,0.0,58.8235294117647,,118.0852030157144,193.4235976789168,0.0,120.3369434416366,0.7560975609756098,172.2689075630252,0.97938154818026,200.0,75.47169811320754,314.7309434251938,570.0200277307041,61.19951040391676,90.0,378.1512605042017,0.7547252291340077,454.05405405405406,113.20754716981132,1294.0995224156525,91.79926560587516,0.4555555555555555,84.0,6.0,2043.6105476673429,461.4604462474645,1582.1501014198782,1826.974744760881,637.1382513241729,184.23274737084515,575.7273355338912,2850.10013865352,810.8935128518973,1725.8606594604414,2417.79497098646,3921.5686274509803,2045.728038507822,,0.9943860910641266,2014,724.0794946849485,30.59975520195838,122.82183158056344,122.82183158056344,226.31578947368425,80.0,333.3333333333333,117.647058823529,390.5895176673631,193.4235976789168,1307.1895424836603,240.6738868832723,81.08108108108108,18.867924528301884,108.43373493975903,83.33333333333333,40.0,231.0892004313665,15.29987760097919,69.08728026406693,15.35272894757043,23.029093421355647,0.1236061684460261,,,
Riverside,464.8257725180802,1.4295762366752482,6923.730085930698,2974.269914069302,661.23589,198.69610160939973,31052.68573307035,9331.083948971533,573.1244645698199,107.43134087237482,1379.970231766957,344.275919384999,139.36259435280962,663.5974113130687,,,435.11287122871454,111.09122151401849,66.84245494838649,33.72292360986801,2.346525499692605,253.02249245256832,26.7503906964957,226.27210175607263,134.02836479759554,1.4474972119687723,107.06235912847484,138.29457364341084,198.4993178717599,112.69614835948646,,146.4068672526366,198.14325846440457,606.8315468991116,57.91746394821153,0.6019989748846746,183.2441063210294,1.0417776433506416,209.3379023375352,97.1324717285945,261.6040714228727,458.05594682748387,64.58846672888286,13800.0,648.0698788391096,1.293436618853373,782.4623669073551,204.56381260096933,1712.1196702961226,136.02519084481983,0.2827536231884058,12786.999999999996,1013.0,2936.9578402899556,271.5950613084634,2665.3627789814923,1427.626114012981,315.3059835729806,322.680778000586,479.6298121371685,2188.1175922404973,664.952364327293,1367.491510970241,1432.762351003822,3057.0963840347,513.9258509834972,,0.9743110215712169,2014,1254.0637234686385,71.43672411593698,191.34239360350557,191.34239360350557,332.33158026546454,476.58914728682174,773.5334242837655,520.6847360912982,454.460614840348,682.8389871295736,2364.7662343078787,267.593346089838,160.5678619508016,46.445880452342486,287.2634488624282,139.829628090588,65.13838412077159,351.3413634829926,30.884298020047936,90.57588428813456,45.12033317980352,31.2423109387644,0.1211107570121726,,,
Sacramento,366.4181165423916,1.1269225225155295,5886.828834684667,747.1711653153334,443.18437,49.91476969889085,24478.56227561447,2756.9604915156524,442.1236465246244,80.47493403693932,979.8891853067925,238.6395316420407,66.24704956726987,675.0218512123225,,,485.86514011740127,87.0995937048158,42.83753381977507,10.37868990407852,3.052555854140741,237.69234917575903,45.17782664128297,192.51452253447607,93.23391328362332,1.0069199138763507,62.72108843537415,95.51043751787246,124.89437214804799,114.83967188665176,,95.16947805424869,163.16082576964035,743.116867445649,79.28662630256599,0.4504481434058899,215.68627450980392,1.2262175481281303,243.66049598323437,110.0263852242744,397.3410203473198,720.225152954926,83.65263094545527,10539.0,582.1043910521955,1.1617807893354857,685.7841425078587,190.50131926121372,2027.0786486692969,144.8374089751048,0.3705285131416643,9816.999999999998,722.0,3237.5402079307446,505.8105083965766,2731.729699534168,1842.2174579739376,495.8368225742611,364.98392829342794,646.6330817688137,2955.855236396149,760.2960942044975,1517.3441728822727,1708.303615917462,5949.962793878084,690.411466699617,,1.0204307768525331,2014,1306.8534957143709,61.184778029649536,171.75714272631902,171.75714272631902,237.8231292517007,352.0160137260509,494.8453608247424,542.1327367636085,360.8595393466956,601.3502291090638,2944.3114856303932,374.2946579348403,110.583304226336,27.704485488126647,158.0135440180587,81.68385837747422,42.17151848937844,326.86823885540366,21.06361210856787,78.34893358961236,29.81329550877457,27.269498963657288,0.1268436270625686,,,
San Benito,163.41829085457272,0.5025945613518971,216.87461103201727,-107.87461103201728,7.281745,-7.206563389993914,10917.158920539729,-10804.442863559088,199.61612284069105,34.24657534246575,356.22317596566523,97.82608695652175,61.855670103092784,283.6621037838963,,,215.99958361526052,23.42164159683548,31.2288554624473,10.409618487482431,0.0,62.4577109248946,18.216832353094254,44.240878571800344,37.481259370314845,0.4047950485820034,33.81642512077295,41.37931034482759,0.0,0.0,,45.81151832460733,85.88605782994561,0.0,0.0,0.7419354838709677,185.9070464767616,1.0569169652940298,197.69673704414583,143.83561643835617,322.69817311195544,539.0412392715093,108.70690547675744,233.0,349.3253373313343,0.6971936174645554,397.3128598848369,178.08219178082192,1083.3158886330334,134.58950201884252,0.5321888412017167,207.00000000000003,26.0,1630.2826756227262,342.8491463755947,1287.4335292471314,1735.8038827876958,606.3602768958518,239.421225212096,504.8664966428981,2726.6066568976344,755.7718190288849,1354.7120418848167,2075.579730890352,2710.843373493976,862.0689655172414,,0.9306736142874438,2014,544.2746493615242,25.882596542085103,65.0601155467652,65.0601155467652,125.60386473429952,179.3103448275862,222.2222222222222,187.5,170.15706806282722,372.1729172630976,602.4096385542169,161.63793103448276,46.06525911708253,6.8493150684931505,72.96137339055794,0.0,20.61855670103093,125.6018421603517,5.176519308417021,44.240878571800344,0.0,10.409618487482431,0.11568645274672,,,
San Bernardino,290.56447238265423,0.8936338935986318,10189.85522508604,-1083.8552250860412,608.32633,-72.40694831187298,19411.159577523213,-2310.4422065756044,360.4311137104185,64.58586677476018,772.8932950691363,177.2208547773551,74.62235649546828,654.0642341932082,,,425.57990199810666,113.7752851924052,53.224423186598656,18.603408374263225,2.873113262434475,205.06845910626063,26.36081418283631,178.70764492342434,118.73384600657327,1.2823174506410724,87.08996738921925,123.35656297147783,158.8235294117647,144.63601532567048,,191.2452636256985,255.62577696390423,784.310470752274,120.54733279047116,0.7381685263562909,165.86362040907497,0.9429662708204738,184.72721196424095,104.85069585191192,373.36106845336,637.0913365951487,111.15471992161876,14304.0,456.4280927917291,0.910952396287486,545.1583256746595,169.43656262667207,1880.1542158676368,179.62373554344055,0.3633948545861297,13049.999999999998,1254.0,2988.5187119498096,392.45664304312425,2596.0620689066855,2251.0124132858505,550.6321567455672,641.9971584909835,713.2503673993584,3448.8223463172026,1060.1238171905932,2195.950571103009,2072.2511296217717,4938.251112143948,833.4530823394165,,1.029593952295487,2014,1243.062879272488,68.46901562182185,267.2713612379671,267.2713612379671,207.7498561289086,280.7672965011854,435.46218487394964,422.4137931034465,456.2084152128448,581.8203473354325,2150.4216187504153,352.0620778847521,144.54006182638483,35.265504661532226,240.28176363162015,86.37279033340792,48.84189325276939,498.49299516490606,37.3858014169362,132.30686573510758,55.451085964985374,34.83649830701801,0.1279826464208243,,,
San Diego,315.6244675413188,0.9707061552676642,9541.507437383128,-279.5074373831285,618.74791,-18.6724943543799,21085.292554097803,-636.3092300010139,394.8336173647859,64.99219526039451,763.4104330708661,315.035799522673,85.4730511219061,419.213009272293,,,280.84827494435086,77.66891858251508,33.44832799095492,8.237612576933417,2.03677234045057,155.92623806338256,22.132926099562862,133.7933119638197,95.07582211620378,1.02681240382717,66.60926737633062,111.74141068179385,126.98713096139288,115.3450051493306,,78.58586082453283,152.05116142910614,597.1557232614848,68.3950670057922,0.4828162734534646,183.43840517975804,1.0428822693668116,203.1572338326307,121.04441606357317,243.64323352545375,401.58933634037754,78.88214840571133,14645.0,499.0628727210769,0.9960441238896935,597.9908511974166,186.0366113239677,1182.0733357091815,121.2362210549678,0.3675657220894503,13333.999999999996,1311.0,2144.2502929926263,325.94082503521145,1818.309467957415,1328.2018740115996,367.8863462929385,246.53997640965017,391.3318590119029,1976.7415058979552,651.6793667233854,1179.8037108040323,1360.7413804905543,4702.490077069576,592.9608041305735,,0.9400200318180096,2014,780.4839993688041,42.3540726492565,126.27988510793536,126.27988510793536,201.00187852222916,351.2790324306968,489.02346707040107,426.3645726055613,237.1427621591073,477.99991552713254,2299.6280013527216,252.8174798249819,115.48120907704728,30.50943663970484,158.34153543307087,135.30383697448136,47.767753874624105,228.27649913387907,19.8823703484501,58.25168893688631,33.35780477582379,18.693043924579676,0.1168482498293941,,,
San Francisco,132.42375601926162,0.4072705645189967,2430.816479873105,-1440.816479873105,66.13695,-96.25374493792278,8846.569020866775,-12875.032763232042,154.1167066346922,21.29402129402129,459.88700564971754,96.61436829066886,25.547445255474457,155.7255078381839,,,128.04097311139563,18.403923653603552,4.404357797443585,1.2583879421267383,0.3145969855316846,28.31372869785162,6.449238203399535,21.86449049445208,17.25521669341894,0.1863551651425431,3.7313432835820897,900.0,23.41343191620456,14.227642276422763,,4.292997048564529,28.11094452773613,224.9918588472128,6.184237262679894,0.8506666666666667,150.48154093097912,0.8555162194641212,162.58992805755395,88.45208845208845,176.9608043615726,309.06781257787475,35.21586017999217,2115.0,282.90529695024077,0.5646305787247867,316.7066346922462,109.74610974610977,602.0288463291739,43.69375244554585,0.5319148936170213,1981.0,134.0,6191.744809698734,800.6384451981645,5391.106364500569,1175.9635319174372,278.41833219554087,190.48847473943505,172.3991480713632,1900.903803023212,398.13486370157824,1150.5232090152938,31.234382808595704,9609.520708132271,434.6635333197869,,0.9447190720580876,2014,292.9610337512991,8.47789226555367,20.29150556679366,20.29150556679366,43.53233830845772,4633.333333333334,173.44423906346276,150.40650406504054,50.08496556658617,144.7193070131601,1666.7160069865897,65.3762224911874,20.303756994404477,1.638001638001638,50.84745762711865,17.341040462427745,5.474452554744526,38.59548888632261,0.6521455588887439,14.15686434892581,3.3032683480826885,0.943790956595054,0.1174323593263684,,,
San Joaquin,382.0555484448995,1.175015598184184,2540.3918080856834,444.60819191431665,199.412925,29.70205026083592,25523.22091386151,3801.6191297626974,456.6778362853039,79.5601552393273,950.8050089445438,241.45658263305322,105.84415584415584,643.1914361807573,,,458.09882523292794,92.86951725088991,35.12234643131103,5.817811985554588,3.016643251769046,158.8047197538419,19.8236556544823,138.9810640993596,115.192627671829,1.2440725337963734,73.43698312934171,140.33742331288343,142.59373079287033,144.14414414414415,,130.67817262468876,208.6468737173348,687.9985765546692,94.0379913485048,0.6583601286173634,159.22180980417252,0.9052063125960356,178.39476623583852,81.5006468305304,268.05030037147804,480.21373376916233,54.479654443334674,4229.0,541.2773582490721,1.0802970157626708,635.0726025211424,161.06080206985771,1709.5265298759089,107.66217425706614,0.2941593757389453,3979.999999999999,249.0,4244.270764339648,745.4455452447519,3498.8252190948956,1683.5024090051108,481.8010222111133,384.6220146005533,331.83075769459504,2691.859990636262,668.4567124555191,1779.4599812812346,1486.7514935923746,4824.886569200201,652.388564980252,,1.1563053550916995,2014,1229.3127961067464,53.18251981373147,193.92706618515297,193.92706618515297,205.4250744293748,436.7331288343559,538.4142593730793,628.8288288288288,365.5456990987915,649.3136315957496,2597.787728715044,410.2407372578522,136.42891335567256,29.107373868046572,171.73524150268335,125.49019607843137,48.05194805194805,367.2475334281161,19.457019444048097,82.74221490566525,48.26629202830473,15.945114330779242,0.1437333806062755,,,
San Luis Obispo,275.8057935536516,0.8482434316533584,796.9410369407411,-120.94103694074111,45.16018,-8.079465972826211,18425.206038351695,-3296.3957457471224,338.42909857670014,61.371841155234655,729.9509001636661,215.60574948665297,61.66495375128469,352.46517060148494,,,232.54358888796196,54.74680904313006,31.283890881788604,13.55635271544173,1.0427963627262868,129.30674897805957,28.155501793609744,101.15124718444982,101.59118727050183,1.0971779037722542,82.51016850668216,164.41005802707932,140.49586776859505,54.34782608695652,,105.03657787870496,214.89609141932547,351.0220937435474,40.970173713536546,0.4576923076923077,212.15830273357813,1.2061603566766077,234.5809172377438,135.37906137184115,271.12705430883454,442.25360511225296,82.2630002961468,1196.0,487.9640962872297,0.9738928646925836,573.0100158144439,196.7509025270758,1080.2913904652112,119.5555604304,0.4347826086956521,1087.0,109.0,2492.433683460922,427.637674261444,2064.7960091994782,1277.9469425210643,318.57428881288064,253.92091432385084,507.3204304663385,1885.292334602121,607.6493621875377,1273.0137361214872,1307.073873691662,2498.451373115837,753.8511963290724,,1.21373587748378,2014,638.0377853529583,37.292560134253215,129.8281471594227,129.8281471594227,201.62696106914584,454.5454545454545,619.8347107438017,206.5217391304348,256.67389101345503,594.1244880416646,1548.626884162709,155.68666011143887,121.244069583553,34.29602888086643,227.49590834697216,86.24229979466119,38.026721479958894,228.5805150018386,20.839960075023857,72.47434720947693,21.898723617252024,19.291732710436307,0.1508722242491327,,,
San Mateo,250.45852863256573,0.7702876690036292,1595.5078205908676,-366.5078205908676,82.103345,-24.484554954572907,16731.882005298554,-4989.719778800263,303.3273149342275,51.45631067961165,771.9449225473321,127.99339388934763,55.52202776101388,241.5686829494573,,,176.3117238451287,30.466351389069068,18.08325372770551,6.289827383549743,0.5896713172077883,73.70891465097354,15.331454247402498,58.37746040357104,74.99490523741594,0.8099398691236537,55.37244561634805,76.46710136336694,98.72241579558653,83.1353919239905,,40.71444150934251,99.15906959583072,616.8359941944848,44.1448202359856,0.6506935687263556,161.60586916649683,0.9187601441159378,178.23059066288369,99.02912621359224,155.86978484859205,273.5528618142374,39.819485001327315,2022.0,412.0643977990626,0.8224100499683749,481.55790559711113,150.48543689320388,739.1073704879612,60.51000171770327,0.3921859545004945,1867.0,155.0,2086.6931075653392,206.85387317644597,1879.8392343888931,964.5057178462058,228.39935686515005,238.03065504621057,325.6951242044351,1534.825535823153,402.09872109183465,735.2834258294356,1296.754654326871,6248.185776487664,530.9991234099981,,0.5065730320720907,2014,465.55450867372383,20.690516716375956,72.33301491082204,72.33301491082204,164.13974950560316,248.36988737403675,378.6295005807201,279.09738717339667,120.68923733126528,322.074807446923,2365.747460087083,148.2004679350945,87.43874129481557,28.155339805825243,152.3235800344234,75.14450867052024,31.985515992757993,134.20321295951734,11.321226127828352,34.79060771525951,17.88669662196958,10.417526604004262,0.0629690540678319,,,
Santa Barbara,301.89620758483034,0.9284847567028226,1303.198562243366,-93.19856224336604,80.83405,-6.226129950668069,20168.17614770459,-1553.425636394226,367.6330041414464,64.44188722669736,776.386404293381,222.2222222222222,70.88989441930619,409.1348657293759,,,293.4950937628911,52.747966160150945,31.784030891373003,12.172607575419448,0.6762559764121916,115.97789995469086,22.654575209808417,93.32332474488244,89.57085828343313,0.9673591693423796,51.21798875702686,121.73913043478261,109.15492957746478,47.61904761904761,,58.1168716113257,189.7850962880268,557.6542543622953,33.77379997466965,0.7105263157894737,199.1017964071856,1.1319316315940535,218.54093660401404,128.88377445339472,269.8261345884644,454.0971344220191,77.41382527976113,2008.0,500.998003992016,0.9999063148815116,586.1739407454604,193.32566168009205,1217.9864829978355,116.1207379196417,0.397410358565737,1840.0,168.0,2358.4734211721943,293.9572921399364,2064.516129032258,1355.2169767300318,378.0270908144151,237.36584772067923,448.357712361283,2077.8584620272854,600.648340786718,1134.6964810942982,1558.9490052230772,5108.832523835223,709.2497994680626,,1.202358554534729,2014,763.8893485758165,38.70691263988056,121.3879477659884,121.3879477659884,189.25671455340415,373.9130434782609,447.1830985915493,291.6666666666667,214.74892802721573,582.911367170368,2284.5835581939195,206.8645248448516,106.4033131570564,28.7686996547756,189.6243291592129,82.62108262108262,32.42835595776773,221.0910246311288,17.279871714232392,71.6831334996923,19.611423315953555,14.539503492862115,0.1494579774997636,,,
Santa Clara,311.62722328384535,0.9584125912259924,4423.9819455796505,-183.98194557965053,283.2532,-12.290913874448552,20818.256651477288,-903.345132621529,381.423290203327,40.55994256999283,924.4844612256752,209.82456140350877,55.49289420257162,332.03989177379,,,249.2648527160315,46.83015454734114,19.264578626498192,6.0299697326843935,0.704801657067007,110.65386015952012,32.029319748933986,78.62454041058612,76.06938115537262,0.8215441358616584,47.372719847536075,91.99757502273415,84.86238532110092,66.6247642991829,,39.24575965355467,182.50589310626833,463.8916750250752,22.596509478809377,0.7175760899369344,268.04351021608113,1.5238784045754403,293.06839186691315,170.8542713567839,285.60129370259716,491.0310568239535,75.41537871670276,7887.0,579.6707334999264,1.156923625164405,674.4916820702401,211.4142139267767,1130.099228224917,93.31860937844102,0.4624064916951946,7297.999999999998,589.0,2527.9471544715448,247.50169376693765,2280.4454607046073,1065.503482894855,269.625789475745,223.18719140455224,347.1539717531158,1675.482823978296,441.4017754301132,828.4464092385421,1983.8119978832929,5466.399197592778,339.16081679986524,,0.6799435274218568,2014,639.0681714009635,17.903230661738263,81.0521905627058,81.0521905627058,210.9991832289681,322.21885419824184,407.11009174311926,395.3488372093023,174.80151569830383,639.2216289026795,2225.4262788365095,134.08683454878397,90.57301293900184,19.74156496769562,159.16352018588438,95.08771929824562,25.4906383938642,151.75352749526158,8.713961826509774,42.91458978585776,21.22236100723988,8.849176360952422,0.0845197000838492,,,
Santa Cruz,225.93534326189612,0.6948663711191025,895.1361381876214,-273.13613818762144,41.55271,-18.246859711624047,15093.610606610968,-6627.991177487849,271.53218495013596,42.04753199268738,678.407350689127,175.0503018108652,53.191489361702125,321.78128184832826,,,229.17862999808588,45.007992798721155,25.86666252800066,7.242665507840186,1.0346665011200264,71.90932182784184,6.725332257280172,65.18398957056166,62.84053759535052,0.678673526348361,54.8216644649934,67.40442655935614,112.35955056179775,44.776119402985074,,70.88503813273438,113.67492365117069,1114.2061281337049,19.388612421637692,0.6675062972292192,144.2063203777697,0.8198403955007845,159.11151405258386,84.09506398537476,205.38130047232525,359.97046396193133,48.02121284880626,1019.0,370.1416636396658,0.738739443919917,430.6436990027198,126.14259597806216,974.2790335151988,72.03181927320938,0.3895976447497546,950.0,69.0,3405.4634519483957,418.8793598022919,2986.584092146104,1424.2184387917166,337.81861261568866,257.1146255283266,486.2932555264124,2262.37847151003,571.0348571368918,1293.0114184693955,1686.46080760095,9916.434540389972,433.0123440832417,,1.0465877489051731,2014,614.3085695532675,24.01060642440313,89.4986523468823,89.4986523468823,169.0885072655218,301.81086519114683,235.95505617977528,358.2089552238806,218.63337062626505,508.99219545300303,2339.83286908078,155.10889937310154,72.07615593834996,25.59414990859232,130.1684532924962,64.38631790744468,27.659574468085104,163.06354350412272,14.615151736593209,43.973326297601126,16.554664017920423,13.450664514560344,0.1300950433108758,,,
Shasta,453.2744665194997,1.3940500814264174,883.7559112219234,348.2440887780766,82.30376,23.26444635081941,30281.000735835172,8559.398951736355,582.2532402791624,89.88764044943822,1692.6713947990545,483.0188679245283,214.1779788838612,1042.0807781772046,,,605.624867836752,216.53626559526325,120.1099598223726,49.904842461408336,3.383379149925988,411.0805667160076,55.8257559737788,355.2548107422288,139.44076526857984,1.5059507684501896,129.85332182916306,227.94117647058823,156.86274509803923,207.2072072072072,,309.04759949073883,317.5253508142989,2366.8639053254437,228.81018702745723,0.7424242424242424,121.41280353200882,0.6902549111979541,141.07676969092722,66.01123595505618,279.12877986889407,484.5724461491045,78.56510037945272,1562.0,574.6872700515084,1.1469774845962808,723.3300099700897,155.8988764044944,2484.5039553439947,185.54736472594155,0.2112676056338028,1450.9999999999998,111.0,3895.8067054758967,711.6265830203107,3184.180122455586,2299.006132374709,357.79234510467325,448.2977373651935,560.7950941002326,3434.813876237115,1190.177690854688,2379.974536941969,1393.0144422820854,15088.757396449704,1104.257859132511,,1.3255225586109805,2014,1999.9315091948904,106.98226434648883,320.5751744554874,320.5751744554874,417.60138050043133,573.5294117647059,562.0915032679738,900.9009009009028,993.880652182841,798.9347536617843,8481.262327416174,994.8269001193815,174.97507477567297,39.32584269662921,418.4397163120567,160.37735849056602,85.97285067873302,601.0068148351083,46.80474065158885,149.714527384225,71.89680693592726,48.213152886445336,0.1647677558355051,,,
Sierra,244.89795918367344,0.7531860829546122,15.93231775197728,-3.93231775197728,0.80166,-0.2626984874208422,16360.408163265309,-5361.19362083351,324.3243243243243,0.0,307.69230769230774,833.3333333333334,0.0,544.2176870748299,,,181.40589569161,226.75736961451247,0.0,0.0,0.0,136.05442176870747,45.3514739229025,90.702947845805,102.04081632653062,1.102033866955903,97.5609756097561,0.0,****,333.3333333333333,,207.2538860103627,0.0,0.0,1250.0,0.5,40.81632653061224,0.2320485898127445,54.054054054054056,0.0,90.702947845805,178.73100983020555,0.0,14.0,285.7142857142857,0.5702368397901392,378.3783783783784,0.0,1251.117068811439,0.0,0.1428571428571428,14.0,0.0,1262.6262626262626,347.22222222222223,915.4040404040404,2222.222222222222,589.5691609977324,272.10884353741494,453.51473922902494,3306.5236818588023,1104.9723756906076,2124.352331606218,2631.578947368421,0.0,3750.0,,0.7869076188588955,2014,1072.3860589812332,0.0,226.75736961451247,226.75736961451247,219.5121951219512,200.0,****,666.6666666666666,466.321243523316,526.3157894736842,0.0,2500.0,108.10810810810813,83.33333333333333,153.84615384615387,333.3333333333333,0.0,357.4620196604111,92.08103130755065,90.702947845805,90.702947845805,0.0,0.0978157644824311,,,
Siskiyou,203.68239355581127,0.626427205357245,282.55477809118895,-105.55477809118896,11.824485,-7.0515869503818775,13607.002301495972,-8114.599482602845,256.73534072900156,63.025210084033624,537.7358490566038,330.64516129032256,33.61344537815126,599.370153398124,,,386.03501405302904,138.83715417696658,27.09017642477397,3.386272053096746,6.772544106193492,176.08614676103076,23.703904371677226,152.38224238935356,65.59263521288838,0.7083959931893757,53.763440860215056,92.78350515463917,61.224489795918366,138.88888888888889,,149.2282766265882,298.40848806366046,738.9162561576354,376.6478342749529,0.9019607843137255,117.37629459148448,0.6673065891162814,144.21553090332807,46.21848739495798,345.3997494158681,614.4911877912081,74.71810895258797,279.0,321.05868814729575,0.6407782210069861,400.9508716323296,109.2436974789916,1708.420555067864,176.60643934248063,0.3655913978494624,253.0,26.0,1928.9795003920688,306.9340203875882,1622.0454800044806,2942.6704141410723,717.8896752565101,419.89773458399645,805.9327486370255,4260.922412046728,1616.6281755196303,2775.645945254541,3216.180371352785,12068.96551724138,2711.864406779661,,1.4675568167894508,2014,1093.929367276656,101.88833038989269,193.01750702651452,193.01750702651452,199.69278033794163,134.02061855670104,183.67346938775512,347.22222222222223,554.2764560416134,431.0344827586207,2216.7487684729062,941.6195856873824,74.48494453248811,42.01680672268907,146.2264150943396,120.96774193548387,21.008403361344534,317.374569518536,67.92555359326178,104.97443364599911,50.79408079645118,16.93136026548373,0.1824231822330392,,,
Solano,185.48976608187135,0.5704756005687689,1779.2171987514218,-764.2171987514218,67.807075,-51.05352996258873,12391.643823099414,-9329.957960999403,230.35421064977712,27.29528535980149,578.9860396767083,96.8,31.382015691007847,346.16591408264327,,,268.747527386328,41.26706956059097,17.734608406204387,5.11575242486665,0.6821003233155533,63.09427990668867,12.277805819679957,50.816474087008714,46.783625730994146,0.5052599717505426,38.948393378773126,47.31182795698925,53.02674800563116,53.22128851540616,,65.49163753653205,64.82886652620412,264.42026442026446,31.42937488627529,0.7302158273381295,152.41228070175438,0.8664928427711638,171.71006333567908,84.36724565756825,284.4358348225857,496.271186440678,70.0010980564401,1849.0,337.90204678362574,0.6743946836078007,402.0642739854562,111.66253101736972,1162.033898305085,92.64851213352368,0.4510546241211465,1714.0,135.0,3656.3303243753785,495.51475736458514,3160.815567010794,1866.226484591354,464.1692700162339,426.3127020722208,565.1201178669359,2890.1694915254234,829.7188975513341,1681.4977937504605,1370.2464970311323,4986.544986544986,590.5414123368568,,0.7441308795469731,2014,665.7627118644067,22.64741407708356,87.30884138439082,87.30884138439082,124.14800389483932,187.09677419354838,232.2853120600657,254.9019607843137,208.7545946476959,256.3686994445345,1158.3011583011582,150.5301639290027,57.94041754632888,7.444168734491315,106.539309331374,43.2,17.501508750754375,167.45762711864407,6.176567475568244,49.45227344037762,18.41670872951994,9.890454688075522,0.0924984446883631,,,
Sonoma,196.30010277492292,0.6037228974282473,1581.85154823203,-626.8515482320299,63.798775,-41.876817679640766,13113.828365878726,-8607.773418220091,247.3584394473041,35.77512776831346,588.5416666666666,155.26601520086862,20.41832669322709,279.11489889026257,,,198.15696486659476,41.7941681060812,11.98294330314216,2.3381352786618854,0.2922669098327357,71.60539290902024,7.014405835985655,64.59098707303457,53.44295991778006,0.5771803274416528,40.8745247148289,71.74490699734278,80.0,95.65217391304348,,56.81192610045582,96.83898426665392,540.853776318331,83.7552822933719,0.483743842364532,208.63309352517987,1.1861188709493165,229.47710647521,143.10051107325384,296.6509134802267,498.0390081556093,97.6256058017503,1970.0,404.9331963001028,0.8081773916450175,476.8355459225141,178.87563884156728,1034.886250712954,122.03200725218788,0.5152284263959391,1759.9999999999995,210.0,2090.6469471209393,365.9234996835093,1724.7234474374304,1421.8785163362588,336.6914801273115,269.1778239559495,586.8719549441331,2170.3211087394966,682.2170310193741,1389.9103780855703,1349.7680646549663,6760.672203979138,875.6234057943427,,0.8311979450538945,2014,536.8472425573448,24.406401450437578,75.98939655651127,75.98939655651127,134.98098859315584,294.9512843224092,262.85714285714283,452.1739130434787,187.61147688987728,398.115824207355,1777.0909793316591,395.93406175048585,65.83581685180168,14.480408858603068,105.90277777777776,65.14657980456026,13.44621513944223,142.88486302457267,9.878781539462826,35.65656299959375,17.53601458996414,7.891206565483863,0.1033212291800819,,,
Stanislaus,184.14374175210637,0.5663358894994049,3203.0461668311873,-1389.0461668311873,121.18427,-92.79522917515747,12301.722667749464,-9419.879116349352,224.17871222076215,48.19277108433735,492.1985815602837,196.6903073286052,61.059190031152646,522.0038733032716,,,299.5623109750307,119.70981879501709,56.40174154765228,33.95615052358657,0.8632919624640655,185.6077719297741,19.855715136673503,165.75205679310056,65.6786113084966,0.7093245291666429,59.40790780846414,71.8840579710145,54.655870445344135,121.05263157894736,,181.11881757882304,174.74510467090846,570.2819727531946,148.2340809486981,0.7258509659613616,110.34412749974622,0.6273273799206279,126.14980289093296,56.671128960285586,312.7994543994797,555.2181833955062,72.7368529570108,2901.0,294.4878692518526,0.5877474117154785,350.32851511169514,104.86390004462294,1541.8871634712702,134.59181452675227,0.3746983798690106,2666.0,235.0,4021.2788362454776,531.4067800434752,3489.872056202002,2834.763040744503,608.6208335371662,608.6208335371662,923.72239983655,4401.260807958128,1283.4904525721354,3048.732471151225,2430.929883526751,10434.04794592882,1224.542407837071,,1.1701862849889488,2014,986.6689800757642,61.85496156974148,186.18329990475013,186.18329990475013,148.22173653884363,202.02898550724638,208.50202429149797,434.2105263157895,451.88842111639457,491.118298208158,2175.5201182807054,531.7092034029389,77.52956636005257,25.435073627844712,120.09456264775416,88.4160756501182,35.51401869158879,341.22784187848816,32.645674161807996,73.09205282195754,53.81186566026008,32.80509457363449,0.1454588357131855,,,
Sutter,301.68589174800354,0.9278379282774208,366.4433082954775,-26.443308295477493,22.7137,-1.766545210679374,20154.125998225376,-1567.475785873441,386.33686690223794,43.16546762589929,592.9919137466308,210.9090909090909,121.3389121338912,542.2820504641297,,,350.88838559443684,92.50693802035153,46.25346901017576,14.354524865226962,6.379788828989761,82.93725477686688,6.379788828989761,76.55746594787713,99.37888198757764,1.0732851573831403,88.19345661450926,106.06060606060606,106.38297872340425,181.8181818181818,,195.39251835744227,158.56835428700873,802.5682182985553,99.4777418552599,0.8160377358490566,188.1100266193434,1.0694413269630834,203.76914016489988,140.28776978417264,338.1288079364573,550.7800063673989,124.64842751214525,552.0,489.7959183673469,0.9775488682116672,590.1060070671377,183.45323741007195,1595.0334288443173,163.00178982357454,0.3840579710144927,501.0,51.0,2759.9275004119295,325.4242873620036,2434.5032130499258,1797.505502567865,591.7254138888003,438.6104819930461,381.1923825321382,2702.960840496657,888.5195602147788,2215.499038794869,1495.0730547060823,7544.14125200642,547.1275802039294,,1.0278605614635872,2014,1044.2534224769183,38.35336231142931,178.63408721171328,178.63408721171328,247.51066856330016,397.7272727272727,351.06382978723406,424.24242424242425,548.359648293467,594.6313285762827,2648.475120385233,232.1147309956064,121.31919905771495,32.37410071942446,161.72506738544473,101.81818181818183,46.02510460251046,327.9210442534225,28.765021733571977,95.6968324348464,44.65852180292832,17.54441927972184,0.1277671790072351,,,
Tehama,262.5090645395214,0.8073492107474565,448.38094244850345,-86.38094244850345,24.18341,-5.770678860272272,17536.918056562725,-4184.683727536092,338.3084577114429,58.8235294117647,1067.357512953368,230.08849557522123,110.34482758620688,868.939030244839,,,494.47911665866536,124.81997119539126,153.62457993278923,43.20691310609698,7.201152184349495,324.0518482957273,45.60729716754681,278.4445511281805,93.54604786076868,1.0102909460519598,90.56603773584904,94.82758620689654,208.33333333333334,95.23809523809524,,321.19914346895075,241.81138711804792,1976.2845849802372,247.83147459727385,0.5163043478260869,133.43002175489485,0.7585750854792257,151.24378109452735,85.56149732620321,441.670667306769,727.4119448698316,154.1128876902331,546.0,395.93908629441626,0.790226686612731,489.55223880597026,144.3850267379679,2354.5176110260345,260.06549797726836,0.336996336996337,492.0000000000001,54.0,2991.432912026813,502.7486726495325,2488.684239377281,3310.129620739318,463.2741238598176,542.4867978876621,1392.2227556409025,4809.532924961715,1801.1943748795993,3546.5738758029975,2550.0109914266873,9486.166007905138,2602.2304832713753,,1.538840605696584,2014,1627.1056661562027,105.95261028703526,309.64954392702833,309.64954392702833,249.0566037735849,301.7241379310345,583.3333333333334,222.2222222222222,883.2976445396147,769.3998681028797,5533.596837944664,578.2734407269724,116.4179104477612,32.0855614973262,279.7927461139896,110.61946902654867,48.27586206896552,559.9157733537519,57.79233288383741,129.62073931829093,60.00960153624579,67.21075372059529,0.1912840423137519,,,
Trinity,87.6068376068376,0.2694356909999671,152.16989199847688,-111.16989199847688,2.739005,-7.426704634958249,5852.574786324787,-15869.02699777403,108.33333333333334,18.51851851851852,508.1967213114754,93.75,14.336917562724016,442.573402417962,,,334.6286701208981,32.38341968911917,43.17789291882555,21.588946459412774,0.0,140.3281519861831,43.17789291882555,97.15025906735752,21.36752136752137,0.230767775559142,20.151133501259444,31.25,0.0,30.303030303030305,,104.2345276872964,152.67175572519085,0.0,112.23344556677893,0.673469387755102,104.7008547008547,0.5952442992952987,119.44444444444446,55.55555555555555,528.9291882556131,899.0173531256535,133.89868332961393,90.0,192.30769230769232,0.3838132575510553,227.77777777777777,74.07407407407408,1714.4051850303158,178.53157777281857,0.5444444444444444,82.0,8.0,1527.8389892757457,249.74291170853533,1278.0960775672102,5051.813471502591,658.4628670120899,345.42314335060445,3011.6580310880827,7526.656909889191,2410.176299933051,5172.638436482085,4885.496183206107,13953.488372093023,3703.703703703703,,1.3801408500483652,2014,815.3878319046624,44.63289444320464,107.94473229706392,107.94473229706392,80.60453400503778,0.0,666.6666666666666,151.51515151515153,416.9381107491856,0.0,9302.32558139535,561.1672278338945,25.0,9.25925925925926,81.96721311475409,62.5,3.5842293906810037,188.16642274722977,22.31644722160232,53.972366148531954,21.588946459412774,10.794473229706387,0.1715570279223852,,,
Tulare,302.0081375508597,0.9288289984145948,2477.3128357615283,-176.31283576152828,153.718305,-11.778578993048898,20175.65362908518,-1545.948155013637,375.5129958960327,59.28853754940711,896.9764837625979,236.8082368082368,58.73015873015873,801.6248493251858,,,558.1064791911984,128.20423492032523,51.560398826652545,18.46419687711206,1.0451432194591732,242.8216079876813,22.64476975494875,220.1768382327325,73.10670691691823,0.78954745585582,55.64853556485356,75.23850823937555,84.43271767810026,189.07563025210084,,138.41622696098327,203.27584590870748,787.0142646335464,278.0352177942539,0.5817711700064642,203.04501903136895,1.1543496032009104,229.99316005471957,114.05985319028797,538.9455201677804,929.3872953793212,141.93067880806333,3848.0,505.0531565822286,1.0079997057741954,605.5061559507523,173.34839073969508,2446.8107159391643,215.7065267033438,0.402027027027027,3540.9999999999995,307.0,2889.555585004117,413.4143506700876,2476.1412343340294,2654.3153963531468,622.2085966513611,541.3841876798517,877.9203043457055,4040.9345006529898,1244.352634500397,2487.3291912537597,2701.7527415877776,9321.200196753567,1470.497374111832,,1.568364421143626,2014,1517.4234205598432,73.77584789528045,194.04825774625317,194.04825774625317,206.27615062761507,326.32263660017344,372.0316622691293,680.6722689075631,513.0766909155245,881.6430780766707,3467.7816035415644,1000.9267840593144,88.74829001367988,21.45680406549972,155.09518477043673,95.23809523809523,23.015873015873016,358.62602699023626,26.6998306668634,96.501557263397,51.560398826652545,20.20610224287735,0.1949539706626201,,,
Tuolumne,303.89908256880733,0.9346446184217928,283.5302261168202,-18.530226116820188,17.703325,-1.2379117557341726,20301.978211009173,-1419.6235730896442,386.1852433281005,80.85106382978724,971.6312056737588,420.28985507246375,140.74074074074076,721.1080573621051,,,372.79925984380526,157.8274238754796,103.40417426324524,21.76929984489374,13.605812403058588,329.2606601540178,19.04813736428202,310.2125227897358,88.30275229357798,0.9536637110148216,82.99319727891157,126.43678160919542,125.0,88.23529411764706,,207.2292431036825,262.0295378751786,178.25311942959001,150.52684395383844,0.8251748251748252,163.9908256880734,0.9323190761570532,177.39403453689167,127.6595744680851,389.1262347274755,560.3213170030248,180.91906886985888,408.0,467.88990825688074,0.9338282192893564,563.5792778649922,208.51063829787233,1780.135865522884,295.50114582076947,0.3504901960784313,359.0,49.0,2391.7495611468694,276.11176126389705,2115.637799882973,2372.853683093417,383.68390976625216,375.520422324417,734.7138697651636,3158.6254772648385,1417.1993728138946,2496.942519364044,2072.415435921868,1426.0249554367201,1705.9708981435024,,1.0825090587177848,2014,1219.8145485198593,114.58207695091065,209.52951100710223,209.52951100710223,306.1224489795919,275.8620689655172,375.0,294.1176470588227,764.3701589889931,571.7008099094807,534.75935828877,501.7561465127934,111.45996860282574,25.53191489361702,234.04255319148936,94.20289855072464,66.66666666666667,352.0602965240244,36.18381377397178,89.79836186018667,35.37511224795232,48.98092465101091,0.1345602057979618,,,
Ventura,207.3185508300012,0.6376102428291908,2683.457518511602,-972.4575185116018,114.303355,-64.96502452416756,13849.91578819823,-7871.685995900587,253.54938271604937,38.35307388606881,635.3562005277045,163.44229486324215,49.55290611028316,301.60036805468644,,,212.23076746805523,43.18649338012752,23.444096406354937,7.403398865164716,0.3525428031030817,78.61704509198722,11.281369699298615,67.33567539268861,66.6424330546468,0.7197337383851107,51.40334279407127,75.39149888143176,97.32360097323601,49.75124378109453,,58.652081609154045,148.78455819374662,403.6326942482341,18.873266018684536,0.559375,193.8688961589725,1.102181597074953,213.88888888888889,120.69937958262832,282.0342424824654,486.8573114657355,75.71897644927536,3311.0,401.1874469889737,0.8007015167706323,467.4382716049383,159.0524534686971,1063.9904736145115,99.77921195652176,0.4832376925400181,3029.0,282.0,2205.497351327638,222.8847178916285,1982.61263343601,1454.767877004867,334.03430594017,264.2308309257598,473.1124417643357,2276.2160016579846,627.3352581521739,1141.0168759670396,1973.4925077924256,4147.325933400606,379.35264697555914,,0.6625484106656531,2014,577.133162148776,24.06023550724638,96.94927085334749,96.94927085334749,147.9028697571744,231.76733780760628,369.82968369829683,268.65671641791045,168.75967039689112,457.3911047143072,1533.8042381432895,101.9156365008965,79.47530864197532,19.74055273547659,120.844327176781,88.05870580386924,43.96423248882265,180.9029692675713,12.383944746376812,40.366150955302864,23.267825004803395,20.800025383081824,0.0823574174943928,,,
Yolo,262.9617078956286,0.8087413198426006,959.5157078792848,-183.51570787928472,51.84068,-12.259766864875616,17567.156895967466,-4154.444888131351,337.0938628158845,39.45578231292517,743.3774834437086,265.6546489563567,108.62944162436548,524.221605226003,,,303.31894426092185,94.5760627985057,72.2831337102865,16.8885826425903,4.728803139925286,204.0140783224909,19.590755865404752,184.4233224570861,87.76685869196882,0.9478760966138504,64.94367130550033,112.41217798594847,117.6470588235294,94.44444444444444,,132.595489047342,226.81630242173657,1322.6784238082116,60.356458141021086,0.72,127.07556760420196,0.7224488034241241,143.95306859205775,76.1904761904762,253.32873963885456,442.5453990538685,73.73660232270298,1151.0,390.03727549983057,0.7784476818348275,481.0469314079422,115.64625850340136,1478.850769252112,111.9216285255313,0.3258036490008688,1066.0,85.0,2984.8043723762644,360.71151179579056,2624.092860580474,1993.5282951313593,408.0281566449817,356.0113221058036,665.4101561180579,3074.233869289569,967.7929054854764,2041.6999282901947,2017.720023626698,11242.766602369798,639.0683803166938,,1.4807256928558528,2014,1036.3053701982435,38.185026202828325,174.96571617723555,174.96571617723555,184.89065606361828,341.92037470725995,323.5294117647059,405.55555555555554,377.4912392266165,689.899586532782,3637.365665472582,259.17773201732587,110.10830324909747,20.40816326530612,167.2185430463576,106.2618595825427,58.88324873096447,338.49867513838217,19.75087562215258,68.22987387606483,37.830425119402285,39.181511730809504,0.1840601262007154,,,
Yuba,276.8777614138439,0.8515402793541836,441.5528062690846,-65.55280626908461,25.11868,-4.379255222806197,18496.818851251843,-3224.7829328469743,345.59535333978704,58.46153846153846,698.1132075471697,186.62952646239555,43.07692307692307,795.3127313492819,,,547.8350995198512,141.71796010745183,29.61270808215411,4.230386868879159,2.1151934344395795,181.90663536180384,21.15193434439579,160.75470101740805,95.72901325478644,1.0338668236390431,92.25874867444328,110.13215859030836,135.41666666666666,54.34782608695652,,303.96198728250994,224.96175650139477,891.0212474297465,82.1962847279303,0.8360655737704918,269.5139911634757,1.532238368815081,312.68151016456926,132.30769230769232,774.160797004886,1357.6562565676095,183.08779698543813,742.0,546.3917525773195,1.090504471969802,658.2768635043562,190.76923076923077,2858.223698037073,263.9870561185387,0.4932614555256064,680.0,62.0,3242.3276471451245,394.787734905371,2847.5399122397534,2872.432683968949,784.7367641770841,759.3544429638091,687.4378661928633,4341.978058929848,1383.8031167504043,3294.668436866746,2042.6527490326644,6579.849211788896,1512.4116389939174,,1.4326370781831714,2014,1500.5674414694631,80.89925913310057,274.97514647714536,274.97514647714536,244.96288441145285,339.2070484581498,437.50000000000006,282.6086956521739,807.0714834742507,692.8822100242959,2878.6840301576426,427.4206805852375,117.134559535334,27.692307692307693,196.7654986522911,75.20891364902508,30.76923076923077,508.5956874448321,38.320701694626585,154.4091207140893,57.110222729868646,21.15193434439579,0.178082519052966,,,
Alameda,354.0852321479646,0.8150789546746172,4556.61378409978,-842.6137840997799,261.9097944,-59.42078700920285,24969.948936981604,-5665.057394337193,439.663578742077,46.82713347921225,996.1734693877552,126.04722010662606,65.14830508474577,332.1406437661923,,,279.3773212508306,29.601118224719883,10.999811304049988,3.845462488407719,0.7154348815642269,52.31617571438409,11.357528744832102,40.958646969551985,71.50347983601868,0.6108016588257663,32.9035126722988,60.9362389023406,97.67248545303408,57.89473684210526,,19.68786748468869,60.18957723797604,353.4605289875236,15.342129487572876,0.830108359133127,246.35332252836304,0.9968365413936534,286.8113115553388,101.09409190371991,231.08546674524524,428.8302211400724,40.56196762417493,6298.0,600.4385546763276,0.8809852808722336,726.4748902974159,147.92122538293216,1086.1997951529247,59.35041150203951,0.410288980628771,5960.0,338.0,4302.580943507942,597.5875466681978,3704.993396839744,938.0245590908968,280.4504735731769,234.84149987345748,168.84263204915754,1495.1649529252672,401.2298529057997,598.3515401765522,987.7468370576464,3618.834181889284,265.0004184217133,,0.869510509142086,2015,657.3695740128522,18.78844387786458,0.2463401342765383,67.07202014664627,153.84615384615387,254.6408393866021,513.0922693266833,282.10526315789474,92.05408310408497,251.52068368982037,1856.7958427025442,74.75801277580965,88.98098488542175,8.752735229759299,145.40816326530611,44.93526275704494,11.652542372881356,133.04125007745552,3.511858668759735,40.77978824916093,10.552664503072346,1.9674459243016236,,0.40705563093622793,0.1080836341381162,
Alpine,71.42857142857143,0.1644234778748761,6.081856514195531,-5.081856514195531,0.0705196,-0.3583704886384632,5037.114285714286,-25597.89204560451,76.92307692307693,0.0,166.66666666666666,****,0.0,120.48192771084338,,,120.48192771084338,0.0,0.0,0.0,0.0,0.0,0.0,0.0,71.42857142857143,0.6101617713736632,0.0,****,****,500.0,,0.0,0.0,****,552.4861878453038,****,0.0,0.0,0.0,0.0,0.0,0.0,0.0,1.0,71.42857142857143,0.104802597321926,76.92307692307693,0.0,228.83295194508008,0.0,0.0,1.0,0.0,3802.938634399308,777.8738115816767,3025.064822817632,1686.7469879518071,722.8915662650603,361.44578313253015,120.48192771084338,2974.828375286041,254.4529262086514,2037.3514431239391,0.0,****,1104.9723756906076,,1.1538349133834764,2015,228.83295194508008,0.0,-0.6428571428571428,120.48192771084338,0.0,****,****,500.0,0.0,0.0,****,552.4861878453038,76.92307692307693,0.0,166.66666666666666,****,0.0,228.83295194508008,0.0,120.48192771084338,0.0,0.0,,****,0.1434262948207171,
Amador,351.64835164835165,0.8094694295378517,158.12826936908377,-30.128269369083768,9.0265088,-2.1246335046000397,24798.101098901097,-5836.905232417699,481.06060606060606,10.0,988.5057471264367,176.47058823529412,200.0,504.2745144387976,,,338.8094393885671,35.456801796477954,43.33609108458417,3.9396446440531063,0.0,216.6804554229209,55.15502501674349,161.52543040617735,96.15384615384616,0.8213716153107005,94.6969696969697,119.04761904761904,55.55555555555555,100.0,,128.48185836159934,142.08581983518044,112.48593925759282,263.67831245880024,0.5594325592037525,240.13736263736263,0.9716844716119556,259.5075757575757,188.99999999999997,344.364338336682,468.7008278032427,175.5526657997399,215.41,591.7857142857142,0.8682895188121567,740.5681818181818,198.99999999999997,1337.5521652869943,184.841166635705,0.4057843182767745,195.51,19.9,1838.452055528756,225.11657822801095,1613.335477300745,1434.0306504353307,342.74908403262026,200.92187684670844,216.6804554229209,1806.1161661079568,928.8500835965076,1356.768424298489,1193.5208866155158,2024.7469066366705,2636.7831245880025,,0.7122891183514328,2015,868.8513374837519,9.288500835965076,-0.3077788353378904,137.88756254185873,242.42424242424244,738.0952380952382,722.2222222222222,500.0,328.91355740569435,880.9320829781187,1462.3172103487066,1318.3915622940012,128.78787878787878,10.0,241.3793103448276,78.43137254901961,0.0,232.60586987753985,9.288500835965076,82.73253752511523,15.758578576212424,0.0,,0.6046511627906976,0.0885403864116808,
Butte,413.6657433056325,0.9522290426881098,940.950086410537,-44.95008641053698,63.18556160000001,-3.169862113636504,29171.542751615885,-1463.4635797029114,505.6988602279544,106.2124248496994,1005.2724077328648,349.65034965034965,147.32142857142858,577.2005772005772,,,368.4807256235828,96.6295609152752,63.77551020408163,13.528138528138529,3.865182436611008,91.4759843331272,25.12368583797155,66.35229849515564,155.12465373961217,1.3251158691328306,133.76168224299064,232.8767123287671,201.34228187919462,302.3255813953488,,195.9542716319825,231.84979769968632,1328.0212483399735,184.2403628117914,0.5817555938037866,268.2363804247461,1.0853834768466393,301.7396520695861,156.312625250501,374.2784992784993,642.1385895930143,101.43042912873862,1477.0,681.9021237303787,1.0005115916079343,807.4385122975405,262.52505010020036,1718.3271204616246,170.35110533159948,0.3933649289099526,1346.0,131.0,3708.7220263590702,346.7594924296787,3361.962533929391,1395.330859616574,366.54813440527727,276.36054421768705,432.9004329004329,2128.1213297247614,648.8946684005201,1464.9507119386635,995.5903077692412,6595.838866755202,609.4104308390023,,1.6050315304523677,2015,1076.1885308686103,68.92067620286086,-0.4129069779937092,216.4502164502165,345.2102803738318,643.8356164383562,657.7181208053692,767.4418604651163,505.7160460021906,640.9964995226622,4338.202744577246,467.687074829932,185.9628074385123,52.104208416833664,293.4973637961336,156.17715617715618,47.61904761904761,395.75141704539647,33.81014304291288,107.58091115233974,43.16120387548959,20.614306328592043,,0.5,0.1995118390101098,
Calaveras,240.43715846994533,0.553469193283736,158.99710601396887,-70.99710601396887,6.2057248000000005,-5.006687517262679,16955.532240437158,-13679.474090881638,293.28621908127207,60.24096385542169,364.2384105960265,276.59574468085106,166.66666666666666,291.6514764855997,,,182.28217280349983,43.084877208099954,19.885327942199982,3.3142213236999964,3.3142213236999964,43.084877208099954,6.628442647399993,36.45643456069996,139.34426229508196,1.1903155867781297,128.61736334405143,205.88235294117646,142.85714285714286,214.28571428571428,,160.41065126724416,213.61000915471467,380.22813688212926,176.78255745433117,0.5111111111111111,245.9016393442623,0.9950088643872156,243.81625441696113,253.01204819277103,298.2799191329997,456.89312673818034,139.34045517882026,178.0,486.3387978142076,0.7135739686509277,537.1024734982333,313.2530120481928,1006.4892067275856,172.5167540309203,0.5056179775280899,152.0,26.0,2086.9061671752156,287.3115214147308,1799.5946457604846,1213.0050044741988,500.44741987869946,155.76840221389983,119.31196765319989,1873.923983578334,550.7265609448609,1247.1928136028232,1037.5343301800426,2661.596958174905,824.9852681202121,,0.686133092658985,2015,549.5960799894054,33.17629885210006,-0.1025115398658255,169.02528750869982,231.5112540192926,294.11764705882354,0.0,428.57142857142856,288.73917228103943,305.15715593530666,0.0,353.56511490866234,166.07773851590105,48.19277108433735,158.94039735099338,127.6595744680851,55.55555555555555,311.2170573433982,26.541039081680047,79.54131176879993,19.885327942199982,6.628442647399993,,0.6470588235294118,0.0852890877997307,
Colusa,215.547703180212,0.4961754420676473,122.9403852512382,-61.94038525123821,4.3016956,-4.368011191763219,15200.33780918728,-15434.668522131517,277.77777777777777,14.92537313432836,807.0175438596491,181.8181818181818,166.66666666666666,428.370786516854,,,323.03370786516854,56.17977528089888,21.06741573033708,0.0,7.02247191011236,42.13483146067416,7.02247191011236,35.1123595505618,63.60424028268551,0.5433242628486329,65.21739130434783,82.56880733944955,0.0,0.0,,164.20361247947454,112.6831100538375,0.0,0.0,0.6363636363636364,310.9540636042403,1.2582350021273434,356.48148148148147,164.17910447761193,617.9775280898876,1048.0468218320402,159.58218482518498,149.0,526.5017667844522,0.7725025371503095,634.2592592592594,179.1044776119403,1864.706682999864,174.08965617292904,0.5906040268456376,137.0,12.0,1899.3309685240897,220.01706254770775,1679.3139059763816,1987.359550561798,400.2808988764045,308.9887640449438,126.40449438202246,2939.975500204165,972.0005802988538,2517.7887246852765,1364.7176662075874,12195.121951219511,3235.7473035439134,,0.951857400488492,2015,816.6598611678237,14.507471347744088,-0.3582979958910032,126.40449438202246,195.6521739130435,284.4036697247707,133.33333333333334,47.61904761904761,492.6108374384236,388.1307124076624,1626.0162601626018,154.08320493066256,83.33333333333333,0.0,140.35087719298244,113.63636363636363,55.55555555555555,244.9979583503471,0.0,56.17977528089888,35.1123595505618,7.02247191011236,,0.5161290322580645,0.1183196821020193,
Contra Costa,216.67638483965015,0.498773586761665,3725.1371149447623,-1867.1371149447627,131.02541680000002,-131.66976249105872,15279.931988338194,-15355.074342980604,263.61367972992804,35.187287173666284,645.973154362416,69.6225723708318,59.86509274873524,248.05746175002005,,,205.60198659581857,25.36647886571787,9.479052628768258,2.403140103068009,0.1335077835037782,41.52092066967504,10.547114896798483,30.97380577287656,52.82798833819242,0.4512706651955419,39.96069439895185,47.665847665847664,67.36985369173189,65.69343065693431,,35.41066209230573,51.825375199687976,294.6340882711824,23.980495863364464,0.7580882352941176,158.600583090379,0.6417565433590935,170.5562894466461,112.37230419977298,181.5705855651385,317.5253788034048,51.68835576207693,3218.0,375.2769679300292,0.5506200133582985,434.16996917657417,147.55959137343928,808.2961019797516,67.87359847545456,0.4226227470478558,2958.0,260.0,3239.5544023451,339.15847869336244,2900.3959236517376,1144.8292435448986,318.2825558730074,364.3427411818109,158.340231235481,1861.70430790671,459.974155822119,886.1373062935196,1087.2643147563406,4373.381744590934,365.03643703121463,,0.6843524737064017,2015,490.7707231763469,16.185242713377626,0.1543760513566872,60.47902592721155,150.99901735997378,184.76658476658477,296.3593058863559,273.7226277372263,133.80586249633558,200.8901141761101,1296.0923782030297,99.9187327640186,63.408190224570674,11.91827468785471,119.12751677852349,34.44485159399047,18.54974704890388,118.04730089765135,5.482098338402099,37.91621051507303,12.549731649355158,2.9371712370831218,,0.42417061611374407,0.0850677497418384,
Del Norte,342.76729559748424,0.789025871814657,138.14502653672704,-29.145026536727045,7.6866364,-2.0552956133593767,24171.812578616355,-6463.193752702442,431.5352697095436,64.93506493506493,462.5,260.0,208.33333333333337,549.063066693532,,,372.7584122506549,65.48458593592585,50.37275841225066,5.037275841225066,5.037275841225066,146.0809993955269,35.26093088857546,110.82006850695146,128.9308176100629,1.1013611848065492,90.9090909090909,470.5882352941176,0.0,200.0,,176.70682730923696,212.6528442317916,0.0,421.6174779609045,0.5882352941176471,320.75471698113205,1.2978920658736384,348.5477178423236,233.76623376623377,513.8021358049567,718.0100863321651,220.7776278670428,211.0,663.5220125786163,0.973543624179149,780.0829875518672,298.7012987012987,1606.9749551243697,282.10474671899914,0.4834123222748815,188.0,23.0,2706.5894760131273,523.6181275120764,2182.9713485010507,1601.8537175095707,805.9641345960106,251.8637920612533,241.78924037880313,2060.0051286434737,944.4376303201276,1943.7751004016063,451.88729399255715,387.97284190106694,2108.087389804523,,1.6987225364828369,2015,888.9648687922044,61.327118851956335,-0.1027034146662716,206.52830949022768,280.9917355371901,823.5294117647059,1250.0,400.0,546.1847389558233,372.1424774056353,484.9660523763337,843.234955921809,153.52697095435687,51.948051948051955,168.75,120.0,41.666666666666664,316.2663475510728,49.06169508156506,136.00644771307677,30.22365504735039,10.074551682450132,,0.4878048780487805,0.2111580058032181,
El Dorado,292.0353982300885,0.6722446617539183,589.0712452320814,-193.07124523208145,27.9257616,-13.61530698526829,20594.21946902655,-10040.786862292249,361.8677042801557,73.17073170731707,590.6040268456376,308.33333333333337,148.64864864864865,314.0862944162437,,,209.39086294416245,58.69289340101523,26.173857868020303,3.17258883248731,0.7931472081218275,77.72842639593908,9.51776649746193,68.21065989847715,100.29498525073748,0.8567463220467956,102.51630941286112,85.88957055214725,86.20689655172414,112.90322580645162,,108.88070633883676,93.28358208955224,530.2226935312832,76.91462476650918,0.5368956743002544,289.82300884955754,1.1727309491619824,317.1206225680934,204.2682926829268,311.7068527918782,514.9265518875375,106.73888800382348,789.0,581.858407079646,0.853723812697636,678.988326848249,277.4390243902439,1102.511451587427,144.9737135574319,0.4980988593155893,698.0,91.0,1905.0999235557497,184.55826143933604,1720.5416621164136,1075.507614213198,354.53680203045684,190.35532994923855,176.07868020304568,1623.7561206760383,522.5426158993149,1062.0817991051986,1086.087420042644,6150.583244962884,681.2438193605099,,0.6173068832021698,2015,587.5848996998894,38.23482555360841,0.2072567103352149,107.86802030456852,292.6374650512582,233.12883435582822,465.51724137931035,274.19354838709677,310.80492536722494,253.19829424307036,2863.202545068929,186.79266014723655,122.568093385214,30.48780487804878,165.5480984340045,104.16666666666667,45.04504504504504,199.0206918338335,15.931177314003504,58.69289340101523,19.828680203045685,7.931472081218273,,0.5932203389830508,0.0767337146744725,
Fresno,389.22888616891066,0.8959771401455918,4613.957002662195,-479.957002662195,291.52802640000004,-33.84637584493693,27448.265361077116,-3186.7409702416808,465.47674964772193,80.76009501187649,723.38283413038,347.0948012232416,289.29384965831434,656.2300583209781,,,456.2179941012315,108.1017585187678,40.31989231096479,11.905480013080156,1.1111781345541478,211.9175442328267,29.84306989945425,182.07447433337248,135.10968835326238,1.1541427348551825,114.87603305785125,137.51030502885408,165.26247569669474,114.67116357504216,,134.56214060291583,265.0564118862228,801.2065227636912,88.43917855610034,0.6776315789473685,243.29159212880143,0.9844476492494146,267.14419915453266,146.79334916864607,410.18347138398826,717.1837219786074,98.80127514396528,6718.0,632.5204782977121,0.9280570457887,732.6209488022546,227.55344418052255,1966.817248977816,153.15796373449635,0.3846382852039297,6239.0,479.0,3949.0196118473655,533.8196388038274,3415.1999730435373,1685.9747095856574,630.6729612262327,311.4473571421768,139.37348601979167,2684.6314621405804,673.0637028415758,1171.3682743131524,1927.5385348800255,4848.084959311277,771.2416600554045,,1.5629849901718202,2015,1249.6335269992087,54.35668859053107,-0.0295963944928679,227.79151758360027,318.59504132231405,365.53998351195384,567.7252106286454,455.31197301854974,373.1921237584464,704.5924042587001,2752.3800546705625,351.1555619139279,156.88116486613436,47.03087885985748,200.1006795872137,129.4597349643221,86.56036446469248,421.1681110168877,31.654777473309267,126.19808813864964,40.31989231096479,12.06421974658789,,0.4458997722095672,0.194285285876278,
Glenn,390.5109489051095,0.8989283571407461,119.03062034925536,-12.030620349255372,7.5455972,-0.8483945347813492,27538.67591240876,-3096.3304189100345,509.5238095238095,0.0,616.822429906542,388.8888888888889,357.14285714285717,577.5666630681205,,,356.25607254669114,113.3542049012199,53.97819281010472,10.795638562020944,0.0,188.9236748353665,5.397819281010472,183.52585555435604,124.08759124087592,1.0599890626783346,81.76100628930817,193.1818181818182,333.3333333333333,55.55555555555555,,128.56012658227849,237.9952400951981,1986.7549668874174,89.28571428571428,0.5252525252525253,361.3138686131387,1.4620093751908505,371.42857142857144,328.125,534.3841088200368,823.8276299112802,231.839258114374,206.0,751.8248175182481,1.103104710497936,880.952380952381,328.125,1953.9501478664977,231.839258114374,0.4805825242718446,185.0,21.0,2140.8839779005525,366.0220994475138,1774.8618784530386,1479.0024829968693,577.5666630681205,291.48224117456544,151.13893986829322,2217.997465145754,706.5577390152351,1572.389240506329,1231.9753604927903,5960.264900662251,1607.1428571428569,,1.3359726496107034,2015,1130.1225179552175,0.0,0.2528423128171624,183.52585555435604,358.49056603773585,465.9090909090909,333.3333333333333,333.3333333333333,563.6867088607595,573.9885202295955,1986.7549668874174,535.7142857142857,157.14285714285714,15.625,168.22429906542055,129.62962962962962,35.714285714285715,348.5424588086185,11.039964672113047,97.16074705818848,37.784734967073305,5.397819281010472,,0.6842105263157895,0.1660667439448477,
Humboldt,241.33504492939667,0.5555360638853324,676.8237463654741,-300.8237463654741,26.515369600000003,-21.21397026419469,17018.850834403085,-13616.155496915711,288.7266828872668,61.53846153846154,639.5348837209302,188.46153846153845,68.9655172413793,389.87971795935294,,,285.1513894649523,50.80879303193696,20.73828287017835,6.221484861053504,1.0369141435089173,42.513479883865614,3.110742430526752,39.402737453338865,86.00770218228499,0.7347005668145008,76.27829002514669,109.58904109589041,61.72839506172839,142.18009478672985,,121.3187750803237,84.69193309337285,449.23629829290206,275.93818984547465,0.7125382262996942,209.8844672657253,0.8492700820681126,232.76561232765613,123.07692307692308,339.070924927416,582.350912079216,84.82303793710372,703.0,451.219512195122,0.6620456757653373,521.4922952149229,184.6153846153846,1304.7095347279994,127.23455690565558,0.465149359886202,643.0,60.0,3656.0811310977865,398.9932637500925,3257.0878673476936,1615.5122355868932,445.8730817088345,269.5976773123185,300.7051016175861,2501.876914960534,689.1871832389677,1590.4758095695183,772.8138894770274,7277.628032345014,1940.765268579838,,1.5377646708138148,2015,722.3586226487835,42.41151896855186,-0.1602816808302133,138.94649523019493,206.20284995808885,356.16438356164383,197.53086419753086,417.0616113744075,327.9606447226333,275.24878255346175,1437.5561545372866,809.4186902133923,103.00081103000812,21.538461538461537,155.8139534883721,100.0,41.37931034482759,257.69535133818965,14.844031638993153,69.47324761509746,26.959767731231853,12.442969722107009,,0.5833333333333334,0.1911502993043196,
Imperial,154.2904290429043,0.3551655652445756,1053.030013600712,-679.030013600712,26.3743304,-47.88492494711677,10880.499339933996,-19754.5069913848,181.86397984886648,29.612756264236904,405.0,150.89514066496162,43.37899543378995,309.88482890048886,,,201.34228187919464,48.88557461264397,31.485624326787637,1.6571381224625077,0.0,80.3711989394316,9.942828734775045,70.42837020465656,57.75577557755776,0.4933651286684735,57.5,57.18954248366013,93.22033898305085,14.285714285714285,,140.02191647388287,109.18392812577989,243.04021210782147,28.011204481792713,0.6042884990253411,211.63366336633663,0.8563479756124626,225.69269521410575,148.0637813211845,425.05592841163315,710.502109303137,112.77673676174612,887.0,365.92409240924087,0.5368971343001967,407.55667506297226,177.6765375854214,1283.027246487138,135.33208411409535,0.5783540022547914,809.0,78.0,3648.6661486661487,390.1191401191401,3258.5470085470088,2008.4514044245589,497.1414367387522,323.9705029414202,725.8264976385782,3148.095283407873,761.6767298216392,2435.163764763181,1909.158971799351,2607.158638974812,1960.7843137254904,,1.5260650097745978,2015,572.525137184001,22.555347352349223,-0.107115572668378,115.99966857237553,135.0,147.05882352941177,330.50847457627117,157.14285714285714,328.74710824302934,280.758672323434,861.6880247459125,308.1232492997199,67.00251889168766,15.945330296127564,145.0,51.15089514066496,13.6986301369863,210.9303136993688,12.145187035880353,72.08550832711907,16.571381224625075,9.942828734775045,,0.5179856115107914,0.1896959846410611,
Inyo,265.8959537572254,0.6120735245746833,75.15436978255904,-29.154369782559044,3.2439016,-2.0559544953181508,18750.876300578035,-11884.130030740762,320.8955223880597,76.92307692307693,443.0379746835443,294.11764705882354,142.85714285714286,362.4901497241923,,,275.80772261623326,39.40110323089047,23.64066193853428,0.0,0.0,86.68242710795901,0.0,86.68242710795901,80.92485549132948,0.6912815444464623,22.727272727272727,66.66666666666667,333.3333333333333,173.07692307692307,,24.067388688327316,80.35355564483729,1075.268817204301,500.5561735261402,0.4153846153846154,375.7225433526011,1.520312195489522,388.0597014925374,333.3333333333333,512.214342001576,795.1070336391437,211.3821138211382,111.0,641.6184971098265,0.9414059898166068,708.955223880597,410.2564102564102,1452.5993883792048,260.1626016260163,0.5855855855855856,95.0,16.0,1807.9399141630904,520.3862660944205,1287.5536480686694,1363.27817178881,622.5374310480694,133.9637509850276,165.48463356973994,2048.9296636085624,634.1463414634147,1058.965102286402,1205.3033346725592,3225.806451612903,2892.1023359288097,,0.9382538116219774,2015,657.4923547400612,48.78048780487805,-0.4373763145213174,110.32308904649332,204.54545454545456,133.33333333333334,333.3333333333333,442.30769230769226,216.60649819494583,160.70711128967457,1075.268817204301,1279.1991101223582,104.4776119402985,0.0,126.58227848101266,58.8235294117647,47.61904761904761,214.06727828746176,0.0,78.80220646178094,7.880220646178094,7.880220646178094,,0.4117647058823529,0.116628701594533,
Kern,377.7034792602654,0.8694464753157957,4157.81776409753,-542.81776409753,254.92835400000004,-38.27929159705218,26635.498276042217,-3999.508055276583,453.47467608951706,77.720207253886,580.093741384064,293.37948939852873,440.8493427704752,623.1394160244223,,,362.67920644962226,116.87096101370906,75.1559572300548,20.857501891827138,0.8618802434639312,255.80605626009475,43.26638822188934,212.53966803820543,147.8424407063003,1.2629092770778674,114.58629513790164,174.97670083876983,161.01131071190952,73.35907335907336,,181.7320917228473,262.53233587359296,725.3544345532475,48.78174022439601,0.6214811606756172,241.24960819141157,0.9761850279669484,266.7190158356236,140.41450777202073,398.01629643164335,663.7312246785561,99.24013549391194,5924.0,618.953087451677,0.9081504765950532,720.1936919251407,218.13471502590673,1792.2045777262483,154.17009978943514,0.3897704253882512,5503.0,421.0,3990.594649546544,555.6266252475018,3434.968024299042,1649.8111620386571,625.2079286087356,398.361048529029,170.4799121571656,2488.503575941534,706.7655406023986,1585.9845324795383,1500.3845347129973,4504.990558403021,664.9721430588718,,1.4433715583448576,2015,1128.4733530476922,54.929964295523206,0.0208202142169335,243.9121089002925,278.93090702303095,413.32712022367195,514.9700598802394,332.04633204633205,442.3801041690154,620.1496189610571,2319.9352576207175,220.8015610156872,173.66836801465777,45.59585492227979,176.73007995588642,141.49718736477715,132.45702730030334,432.17435483240627,32.225579053373615,110.493047212076,56.3669679225411,22.581262378754996,,0.4170182841068917,0.1794168578726351,
Kings,602.3688663282571,1.3866101755133375,770.2236856906196,297.7763143093804,75.31493280000001,20.99906657457178,42478.81150592217,11843.80517460337,755.5886736214605,125.29002320185614,1309.90990990991,296.63608562691127,690.0584795321637,1012.8695124379996,,,689.4720370247433,91.9928302495187,111.90880380869284,31.29652987870224,3.7935187731760287,430.5643807554793,91.04445055622467,339.5199301992546,196.84151156232377,1.681472315246316,162.94642857142858,209.23379174852653,197.1153846153846,222.2222222222222,,193.0655100367618,403.0808243286717,489.5522388059702,342.99968818210164,0.9534368070953437,254.37112239142695,1.029279521269287,287.63040238450077,150.81206496519724,427.7192416755972,612.9708441847171,153.04560759106215,1519.0,856.7399887196841,1.2570400646633266,1043.2190760059611,276.10208816705335,2223.2103156958647,280.1911892820984,0.2969058591178407,1400.0,119.0,3069.4312701233116,463.5876608194947,2605.8436093038167,1681.4771962102748,526.350729778174,310.1201597071404,162.17292755327523,2131.1058883313217,1014.8101057191966,1184.8403903625929,1926.461404537971,2483.582089552239,1543.4985968194576,,1.2855291794804242,2015,1610.239471511148,127.14558169103624,-0.5114211482453913,330.98451295960854,522.3214285714286,575.6385068762279,918.2692307692307,575.7575757575758,618.8675253233187,1108.9453664629184,2280.597014925373,888.6810102899906,239.19523099850971,64.96519721577727,372.97297297297297,116.20795107033639,122.80701754385964,509.75036524169474,65.92733865461139,196.31459651185943,36.03842834517228,19.91597355917415,,0.33867276887871856,0.1597964188448125,
Lake,343.7826541274817,0.7913631547457465,415.73833457750874,-86.73833457750874,23.2009484,-6.116752659072085,24243.41525600836,-6391.591075310436,416.7758846657929,56.70103092783505,654.485049833887,418.60465116279073,179.03930131004367,747.031175495561,,,447.3104607070684,122.6130196862015,93.09507050248632,11.35305737835199,0.0,154.40158034558706,18.164891805363183,136.23668854022387,129.57157784743993,1.106834728427042,135.33834586466165,89.28571428571429,228.07017543859646,89.55223880597015,,276.31094191329976,196.2323390894819,1641.4141414141416,197.82393669634024,0.5437262357414449,274.81713688610245,1.112011648301226,293.57798165137615,201.03092783505156,597.1708181013147,1005.7471264367816,179.1538426202398,592.0,618.5997910135841,0.9076321072143392,710.3538663171691,257.73195876288656,2433.548850574713,229.68441361569205,0.4442567567567567,542.0,50.0,3425.897514575023,530.8376802700215,2895.0598343050015,2172.975182216571,683.4540541767898,292.90888036148135,519.9700279285211,3425.826149425287,891.1755248288852,2041.6308485816037,2197.802197802198,7196.969696969698,2209.0339597758,,1.5566106589020483,2015,1427.8017241379312,50.53057099545225,-0.2232655803717088,281.55582298312936,327.81954887218046,214.28571428571428,684.2105263157895,537.3134328358209,669.2865037455483,470.95761381475666,4924.242424242424,1186.9436201780416,152.03145478374836,41.23711340206186,192.69102990033224,217.05426356589146,34.93449781659388,520.8333333333333,36.74950617851073,131.69546558888308,63.57712131877114,18.164891805363183,,0.6371681415929203,0.1934929310035152,
Lassen,381.53846153846155,0.8782743310485691,141.1859547938248,-17.185954793824806,8.7444304,-1.2119466576786078,26905.939692307693,-3729.066639011104,497.95918367346934,25.0,572.5190839694656,215.68627450980392,320.75471698113205,461.6702036561302,,,279.2360102758852,40.95461484046316,63.29349566253397,3.7231468036784694,3.7231468036784694,201.04992739863732,48.4009084478201,152.64901895081724,129.23076923076923,1.1039234509775813,100.0,281.25,250.0,190.47619047619045,,154.26604960246826,167.28624535315987,104.63899546564353,227.53128555176335,0.44670542635658916,317.53846153846155,1.2848779083262358,334.2857142857143,266.25,384.228750139618,449.3087557603687,246.78484532499132,227.2,699.0769230769231,1.0257110817279451,832.2448979591836,291.25,1118.6087338161071,269.9571312709999,0.4542253521126761,203.9,23.3,2618.7477800381025,710.3878071620007,1908.359972876102,1210.0227111955026,487.7322312818794,189.8804869876019,197.32678059495888,1344.0860215053765,926.891437840343,1542.6604960246827,594.7955390334572,418.55598186257413,1194.5392491467578,,1.124563961373608,2015,669.2999780557384,23.172285946008575,-0.3905136397149177,156.3721657544957,246.15384615384616,937.5,1583.3333333333333,523.8095238095239,379.7318144060757,557.6208178438661,662.7136379490757,625.7110352673493,163.26530612244898,25.0,175.57251908396944,137.25490196078434,94.33962264150944,219.44261575597983,23.172285946008575,85.63237648460479,26.062027625749284,18.615734018392345,,0.4523809523809524,0.139787798408488,
Los Angeles,607.7568402911307,1.3990129073607869,30500.07600036814,12169.92399963186,3009.0713320000004,858.218172484439,42858.76927459443,12223.762943275631,720.0084557657754,133.74990701480326,1190.2297975954957,331.8142486299394,285.53286062017145,612.4107397353387,,,448.9959592660026,82.55417330578084,38.7223851841093,10.333623918665197,2.167190571831173,195.53512814985365,38.191351732733445,157.34377641712018,139.44081243145465,1.191140343609427,96.9731863793387,141.28133704735376,168.49618774671498,115.6369600874795,,61.73818923304831,152.34314693124074,533.8084388330221,36.94926594998485,0.5994401244167963,228.95925023857345,0.9264536998547138,247.04929006799844,152.57011083835454,230.71250623964303,404.82931583152816,58.5436308468703,58745.0,836.7160905297042,1.2276602731198505,967.0577458337737,286.3200178531578,1584.6769910073854,109.86564365168395,0.2736403098136011,54896.0,3849.0,2852.254389014487,495.46968151841935,2356.784707496068,1007.6575023688398,377.23468205304994,248.79634809730717,135.6144616770381,1638.6580820374024,383.7162503532313,636.6521668324015,1078.2963278453358,3168.0742809175476,319.52816748237484,,1.1086269781415703,2015,1179.8476751758571,51.32201280481365,0.2128454206568164,140.50858078296145,338.95377529198885,560.9192200557103,858.9195911966691,691.0880262438492,215.7956554956676,604.8371352039422,2721.121066246381,220.82209059470847,159.90205404643626,53.03875623000818,197.30634606604775,114.39284684164984,84.0300560905916,262.0247931975743,20.351832663977827,74.43079672527458,28.460522542657053,11.395690821416894,,0.45600288210393586,0.1378067676483005,
Madera,499.54995499549955,1.1499283736163703,482.6387562336596,72.36124376634041,39.138378,5.10288596590482,35228.06300630063,4593.056674981835,550.3875968992248,278.84615384615387,987.0466321243524,344.82758620689657,300.97087378640776,546.5987768005751,,,375.2326738036381,59.09175965411623,61.0614849759201,11.818351930823248,0.9848626609019372,214.70006007662232,31.515605148861994,183.18445492776033,192.61926192619265,1.645404740806026,136.72922252010724,215.33442088091354,173.46938775510205,518.5185185185185,,135.01350135013502,241.241296123691,401.6064257028112,290.87886972782053,0.7753424657534247,328.53285328532854,1.3293652784627277,352.15946843853817,225.96153846153845,359.4748712292071,661.3013912283985,87.93264733395698,920.0,828.082808280828,1.2149932074765135,902.547065337763,504.80769230769226,1694.8447605381914,196.44527595884003,0.3967391304347826,815.0,105.0,2943.4161955651925,553.7055680322156,2389.710627532977,1094.182416262052,380.15698710814775,171.3661029969371,202.88170814579905,1877.8464033938485,389.14873713751166,987.4516863451051,1120.3099585138075,2315.1429246397356,560.9806773322252,,1.304391256310116,2015,1033.5433693097923,108.51262862488306,-0.1348286196821968,210.7606094330146,369.9731903485255,512.2349102773246,704.0816326530612,1259.2592592592594,365.33065071213,573.8618710821135,1630.0496102055279,706.4201121961355,210.40974529346624,115.3846153846154,339.3782383419689,149.42528735632186,106.79611650485435,395.11718343835133,44.901777362020574,129.01700857815376,25.60642918345037,21.666978539842617,,0.5206611570247934,0.1621410504389227,
Marin,206.5040650406504,0.475357631969967,534.3345366043216,-280.33453660432156,17.911978400000002,-19.769079387522115,14562.584065040652,-16072.422266278145,257.26141078838174,22.55639097744361,377.0833333333333,152.10355987055016,88.75739644970413,146.28134394544972,,,104.2398553312063,27.067807737937542,8.638662044022622,2.8795540146742074,0.0,52.40788306707057,16.7014132851104,35.70646978196017,45.52845528455285,0.3889161209406113,28.42809364548495,45.01607717041801,93.87755102040816,26.31578947368421,,14.3043459968867,43.987809092908535,421.7088375504217,11.420740063956144,0.75,227.6422764227642,0.9211247373297368,243.7759336099585,169.17293233082705,161.2550248217556,274.23156813779264,51.16892567997817,534.0,434.1463414634146,0.6369952988444867,501.0373443983402,191.72932330827064,563.6333932363992,57.991449103975256,0.5243445692883895,483.0,51.0,2214.3797333129855,197.6307205127716,2016.7490128002137,708.3702876098549,276.4371854087239,177.95643810686602,97.3289256959882,1124.9329007865194,302.46520513053764,503.1764062434263,977.1577591353253,4492.115878254492,433.9881224303335,,0.5749654159617124,2015,289.40182509860665,6.822523423997089,-0.3081940869659952,32.251004964351125,190.63545150501673,192.92604501607715,248.97959183673467,250.0,95.92326139088728,188.51918182675087,1118.4451778511184,108.49703060758335,56.01659751037344,7.518796992481203,68.75,35.59870550161812,5.9171597633136095,63.01491352953533,2.2741744746656964,19.005056496849768,6.3350188322832555,0.5759108029348414,,0.5416666666666666,0.0714705009398806,
Mariposa,357.5418994413408,0.8230359562898827,77.76087971721428,-13.76087971721428,4.5132544,-0.9704117333060642,25213.711731843578,-5421.294599475223,469.69696969696975,42.5531914893617,602.7397260273972,428.57142857142856,37.03703703703704,531.7823016202742,,,365.6003323639385,99.7091815538014,8.309098462816785,0.0,0.0,216.0365600332364,49.85459077690071,166.1819692563357,139.66480446927375,1.1930537429093973,125.0,230.76923076923077,0.0,272.7272727272727,,192.4635332252836,263.62038664323376,0.0,335.94624860022395,0.5909090909090909,245.81005586592175,0.994638283804576,280.30303030303025,148.93617021276594,365.6003323639385,601.332683243946,119.00714042842571,108.0,603.3519553072626,0.8852599282164922,750.0,191.48936170212767,1608.9712335446125,153.0091805508331,0.4074074074074074,99.0,9.0,2056.612118531623,492.0389208314905,1564.5731977001326,1487.3286248442043,606.5641877856252,232.65475695886997,224.3456584960532,2145.294978059483,799.0479428765726,1539.708265802269,1142.3550087873464,2272.727272727273,1231.8029115341544,,1.0107174164999069,2015,1007.6385503006662,34.002040122407344,-0.1565418744011776,207.7274615704196,342.10526315789474,307.69230769230774,0.0,727.2727272727273,526.742301458671,351.493848857645,0.0,895.8566629339306,166.66666666666666,63.82978723404255,178.08219178082192,178.57142857142858,74.07407407407408,357.54916300991385,51.00306018361102,108.0182800166182,41.54549231408392,16.61819692563357,,0.5454545454545454,0.1256362175194214,
Mendocino,301.0657193605684,0.6930318170463251,489.1550310702976,-150.15503107029764,23.9061444,-10.588872729064962,21231.03410301954,-9403.972228299255,365.5172413793103,82.03125,545.9183673469388,248.64864864864867,187.5,570.841612501263,,,360.3542922574344,77.45933384972889,75.77543528777827,6.735594247802513,6.735594247802513,102.71781227898832,6.735594247802513,95.9822180311858,137.65541740674956,1.1758890265371662,107.92349726775956,138.0952380952381,180.0,283.5820895522388,,194.8692649235323,218.50512356841472,2004.45434298441,741.4634146341463,0.5544217687074829,261.101243339254,1.0565120766086633,287.35632183908046,171.875,495.0661772134847,828.4180528862084,150.64365927143248,633.0,562.1669626998223,0.8248318094732753,652.8735632183908,253.90625,1882.1658161574655,222.54176937825252,0.4644549763033175,568.0,65.0,2292.234447975212,653.6317271483337,1638.602720826878,1896.0697807564072,660.0882362846462,311.5212339608662,404.1356548681508,2882.894824044006,876.4721993974254,1805.6240749876663,1582.2784810126584,11135.8574610245,2614.6341463414633,,1.316017649203046,2015,1053.747763271257,71.89811010682006,0.1280094393427067,261.0042771023474,251.36612021857923,323.80952380952385,240.0,559.7014925373134,453.8727183029107,512.3568414707655,2672.60579064588,1463.4146341463415,159.77011494252875,62.5,201.53061224489795,172.97297297297297,62.5,460.600437404732,54.779512462339085,133.02798639409963,53.8847539824201,25.258478429259423,,0.46601941747572817,0.1635862575785412,
Merced,349.17517674783977,0.8037763572783615,1106.0290489387014,-217.0290489387014,62.691924400000005,-15.304801719537648,24623.69379418696,-6011.312537131835,419.1355026711995,53.38809034907597,797.7667493796527,191.57088122605364,229.68197879858656,517.5525411887991,,,374.3377772602899,58.21738371077603,37.841299412004425,8.150433719508646,1.1643476742155208,144.37911160272458,16.883041276125052,127.49607032659952,104.08483896307932,0.8891202560079695,72.72727272727272,102.86103542234333,156.86274509803923,203.7037037037037,,94.89570596930488,160.9293402962805,649.034561090378,129.56419316843343,0.9692982456140351,268.65671641791045,1.0870843115394653,302.08839242350655,127.31006160164272,398.2069045817081,713.2127827911617,73.32158611147246,1573.0,617.8318931657501,0.9065054195693064,721.2238950947062,180.6981519507187,1702.7668528052652,104.06934802918671,0.4348378893833439,1485.0,88.0,3557.644895432082,618.398466609078,2939.2464288230035,1482.214589276358,469.2321127088549,303.8947429702509,164.75519590149617,2360.940707020903,575.9292328433402,1304.815957077942,1564.531599701588,4137.59532695116,636.0424028268551,,1.5307698344167031,2015,989.5540700141036,30.747761917714257,0.0830495556694783,154.2760668335565,276.92307692307696,325.61307901907355,521.5686274509804,740.7407407407406,361.3336496523533,509.4319514014708,2158.039915625507,471.1425206124852,124.33220009713452,18.480492813141684,192.30769230769232,51.724137931034484,56.53710247349823,293.5409524027932,10.643456048439552,90.23694475170286,15.718693601909528,9.314781393724166,,0.3768545994065282,0.1902808131623438,
Modoc,176.47058823529412,0.4062227100438116,59.080891852185154,-35.080891852185154,1.6924704000000002,-2.4738904610593564,12444.635294117648,-18190.37103720115,222.2222222222222,54.054054054054056,441.8604651162791,157.89473684210526,55.55555555555555,390.1804584620387,,,308.892862949114,48.77255730775484,16.257519102584943,0.0,0.0,48.77255730775484,0.0,48.77255730775484,44.11764705882353,0.3768646234954978,37.73584905660377,111.1111111111111,0.0,55.55555555555555,,85.63476771569258,104.384133611691,0.0,219.78021978021977,0.375,176.47058823529412,0.7140651850308253,191.91919191919192,135.13513513513513,390.1804584620387,613.1010003226847,163.826998689384,48.0,352.94117647058823,0.5178481279436343,414.14141414141415,189.1891891891892,1323.0074217489512,229.35779816513764,0.5,41.0,7.0,2009.04596613022,725.7810034711265,1283.2649626590933,2211.0225979515526,699.0733214111527,308.892862949114,292.635343846529,3194.5788964181993,1212.3197903014418,2269.321344465853,939.4572025052192,4477.611940298507,3956.043956043956,,1.4199329150145856,2015,709.9064214262665,65.53079947575361,-0.3225697188664334,97.54511461550968,132.0754716981132,444.4444444444444,0.0,333.3333333333333,299.72168700492404,417.5365344467641,0.0,1318.6813186813188,60.60606060606061,0.0,116.27906976744184,52.63157894736842,0.0,193.6108422071636,0.0,81.28759551292472,16.257519102584943,0.0,,0.5,0.1765033407572383,
Mono,202.12765957446808,0.4652834586672026,40.83532230959856,-21.83532230959856,1.3398724000000002,-1.539818195143967,14253.961702127664,-16381.044629191134,226.66666666666663,105.26315789473684,266.6666666666667,250.0,117.6470588235294,183.46852066434917,,,115.87485515643104,28.968713789107763,19.312475859405176,0.0,0.0,28.968713789107763,9.656237929702588,19.312475859405176,42.5531914893617,0.3635006297545227,31.25,52.63157894736842,142.85714285714286,0.0,,27.83576896311761,38.50596842510589,2500.0,0.0,0.6190476190476191,223.40425531914892,0.9039761384964704,240.0,157.89473684210526,202.7809965237543,325.8508327299059,62.08609271523179,40.0,425.531914893617,0.6243558989391335,466.6666666666667,263.1578947368421,633.5988414192614,103.476821192053,0.525,35.0,5.0,1548.704588218266,209.8711825155594,1338.8334057027066,907.6863653920432,434.5307068366165,115.87485515643104,164.156044804944,1357.7118030412744,393.2119205298013,890.7446068197635,731.613400077012,17500.0,749.0636704119851,,0.9749513631183434,2015,307.7480086893555,41.390728476821195,-0.1914893617021277,38.62495171881035,171.875,315.7894736842105,142.85714285714286,250.0,153.09672929714682,231.03581055063535,2500.0,187.26591760299627,53.333333333333336,0.0,44.44444444444444,0.0,0.0,72.4112961622013,0.0,19.312475859405176,0.0,0.0,,0.2,0.1211903540277065,
Monterey,502.5380710659898,1.1568068037288235,1369.2865523388791,214.71344766112065,111.7030464,15.141506443683166,35438.78375634518,4803.7774250263865,603.318846305808,91.78743961352656,999.1431019708656,213.6181575433912,317.8082191780822,554.8258288236221,,,408.4134573284997,56.04301301248709,40.63118443405314,8.756720783201107,1.7513441566402217,151.66640396504317,15.061559747105903,136.60484421793726,133.24873096446703,1.1382459440600063,89.00523560209423,134.45378151260505,162.60162601626016,336.1344537815126,,75.26786504914548,167.9717412247116,469.208211143695,161.98266785453956,0.6318622174381054,294.7335025380711,1.1926006204729087,323.5875148162782,177.13365539452496,325.39974430375315,546.0546054605461,81.17482104641724,2513.0,797.2715736040609,1.1697858435850257,926.906361122086,268.9210950080515,1564.156415641564,123.23813740683346,0.3696776760843613,2346.0,167.0,2627.4407324375,441.7272981510263,2185.7134342864742,1104.0473563459957,408.7637261598277,262.3513546647051,127.84812343473617,1687.5020835416876,458.2687624529555,845.6566014345169,1249.2898253587923,2885.6304985337247,481.8984368672552,,0.9928766390783916,2015,1018.1018101810182,42.06331636041621,0.0889232309122205,147.1129091577786,318.0628272251309,507.6618882847257,756.0975609756098,1075.6302521008404,268.97192951385813,634.2168317565398,2181.818181818182,518.3445371345266,158.04030027657055,32.206119162640896,227.07797772065123,64.08544726301736,95.8904109589041,266.6933360002667,14.75905837207586,92.82124030193174,16.812903903746125,12.25940909648155,,0.4027777777777778,0.1234185375267216,
Napa,227.5971451229183,0.5239123981770438,547.8015046000403,-260.8015046000403,20.239125200000004,-18.391617783793,16050.059635210151,-14584.946696108644,278.6220871327254,43.79562043795621,453.3029612756264,201.08695652173913,240.50632911392407,299.2295100768405,,,207.4796951403877,38.57662673464494,19.809619134006866,3.127834600106346,1.042611533368782,91.74981493645282,18.767007600638077,72.98280733581475,72.95796986518637,0.6232262978027584,49.921996879875195,105.82010582010581,71.8232044198895,114.75409836065576,,62.10939016342533,123.08071017569772,630.7617661329452,71.20333638490489,0.6808510638297872,111.81601903251388,0.4524489158125531,127.6595744680851,54.74452554744526,147.00822620499827,258.38733491920266,31.814036352838873,428.0,339.4131641554322,0.4979993363623953,406.28166160081054,98.54014598540148,822.327946846034,57.26526543510997,0.3294392523364486,401.0,27.0,2241.674084749834,414.7061732581634,1826.9679114916703,1314.7331435780343,457.70646314889535,191.84052213985592,82.36631113613379,2024.0341235337544,581.1363973785234,1244.1287217111137,1163.1127111603437,8782.144590004851,620.4862170684569,,0.7932168737970229,2015,563.9406119268313,25.451229082271094,-0.2714560015271501,95.92026106992796,198.1279251170047,296.2962962962963,154.6961325966851,327.86885245901635,246.4966422110943,344.6259884919536,1358.563803978651,203.43810395687112,83.08004052684905,36.4963503649635,116.17312072892938,92.39130434782608,88.60759493670886,168.1568370109097,21.20935756855925,53.173188201807896,17.724396067269296,7.298280733581475,,0.5384615384615384,0.0986000301068794,
Nevada,141.42857142857144,0.3255584861922547,304.09282570977655,-205.09282570977655,6.9814404,-14.46306403192316,9973.486285714283,-20661.520045604513,178.63720073664825,12.738853503184714,373.5632183908046,166.66666666666666,48.78048780487805,149.49263107030686,,,98.15172747040349,28.690504952887174,12.080212611741969,1.510026576467746,0.0,42.28074414109688,7.55013288233873,34.73061125875815,32.857142857142854,0.280674414831885,34.364261168384886,41.666666666666664,0.0,0.0,,35.180299032541775,50.234427327528465,0.0,0.0,0.7302325581395349,307.14285714285717,1.242813452994127,324.1252302025783,248.40764331210192,324.65571394056536,533.3979876348648,117.37089201877934,314.0,448.57142857142856,0.6581603111816952,502.7624309392266,261.14649681528664,827.3730149108982,123.38991212230648,0.6847133757961783,273.0,41.0,2040.94103269172,294.327324574804,1746.613708116916,1057.018603527422,262.7446243053878,172.14302971732303,247.6443585407103,1645.6540186689294,472.49307812688096,1023.7467018469656,1205.6262558606832,5985.915492957746,930.0833867864014,,0.7639557716265551,2015,293.9750272760334,6.019020103527145,-0.3226600985221675,34.73061125875815,139.17525773195877,166.66666666666666,176.47058823529412,103.44827586206895,142.4802110817942,200.93770931011383,1056.338028169014,96.21552277100706,40.515653775322285,6.369426751592357,57.47126436781609,26.31578947368421,6.097560975609756,66.6747484543581,3.0095100517635727,15.10026576467746,4.530079729403237,1.510026576467746,,0.47619047619047616,0.094962758069085,
Orange,409.1220210316719,0.94176971802516,6981.536859974027,-406.5368599740268,463.6663700000001,-28.668816750624384,28851.1212743451,-1783.885056973697,500.3959455178968,74.35376125471973,869.1033489377025,194.560210572494,224.58857696030975,304.9754836818403,,,223.8960699212537,41.142700232059674,21.52222424766143,6.215469933591878,0.4638410398202894,67.67440770978023,13.265853738860276,54.40855397091995,110.01182253748988,0.9397501191612788,92.06707513705256,123.40829043619615,134.75836431226764,99.92912827781716,,62.04505274916087,126.6093704832003,415.73484718160444,29.301867422557866,0.5425584054892991,380.87237881899074,1.5411503320422415,421.04846373139054,233.51728144060417,283.91710047399914,495.328060516289,74.27382097237735,12696.0,789.9943998506627,1.1591085096377582,921.4444092492872,307.87104269532387,1084.0017513950606,97.9231968043781,0.4821203528670447,11636.0,1060.0,2386.959709833362,228.39298017409743,2158.566729659264,745.4389350951872,257.61731351618874,211.46513005406996,95.8295588268718,1176.4157886401536,318.06562886554127,673.9114135731975,1025.9389384269864,3085.0392797752165,293.22648888815,,0.7487515291622919,2015,588.6736908787718,23.649375832000747,-0.0416443639454862,82.00709584022717,258.7874879071267,499.59360606881603,608.7360594795539,444.36569808646345,174.3998417905485,512.5525338551511,1877.9746545100063,130.2997934322254,130.50364269876465,34.853325588149865,163.84587684551673,98.04781750383856,88.57696030977735,153.52654574588004,11.08564492125035,42.209534623646334,20.73369447996694,8.488291028711297,,0.45776135163674764,0.0930728099171345,
Placer,269.183922046285,0.6196421931118961,1069.972328175971,-406.9723281759709,46.7544948,-28.6995257940382,18982.7425091352,-11652.263822183597,345.5842018650576,51.5625,569.0184049079755,260.94570928196146,236.15160349854227,271.0281902021061,,,151.66132513571847,60.9098044345608,33.11204133690889,6.949440774412977,0.4087906337889986,116.9141212636536,19.213159788082937,97.70096147557068,98.66017052375152,0.8427813017511986,91.87082405345213,103.97553516819572,133.33333333333334,121.7391304347826,,89.21281853031343,96.06147934678194,891.79548156956,66.93760459000717,0.6744913928012519,259.4397076735688,1.0497888895641976,297.86066922654965,150.0,261.2172149911701,451.99527194632657,77.11462768093823,1302.0,528.6236297198539,0.7756158116053865,643.4448710916072,201.5625,976.4096758619542,103.62278094626076,0.4907834101382488,1173.0,129.0,2131.424348191985,182.0692780346228,1949.3550701573615,1006.8513310223036,266.5314932304271,233.4194518935182,140.21518738962655,1517.4721560923635,514.0975178729216,971.0680126087452,923.8854043058144,6688.4661117717005,549.8446091322018,,0.5255915296638256,2015,524.4144039156275,26.508153265322516,-0.1590630364064824,99.33612401072666,258.9086859688196,262.99694189602445,284.44444444444446,417.39130434782606,251.41794313088337,242.9790359948014,1902.4970273483946,229.50035859431028,124.52002194185408,25.0,170.24539877300612,105.07880910683012,78.71720116618076,188.95566617277373,12.85243794682304,45.37576035057885,24.527438027339915,11.037347112302964,,0.5409252669039146,0.0653331293883129,
Plumas,231.57894736842104,0.5330782230048615,82.53948126408218,-38.539481264082184,3.1028624,-2.7177888029505706,16330.854736842108,-14304.151594476689,291.6666666666667,43.47826086956522,476.92307692307696,233.33333333333334,69.76744186046511,341.429347404361,,,240.55249476216343,54.318305268875605,23.279273686660975,7.759757895553658,7.759757895553658,62.07806316442927,0.0,62.07806316442927,78.94736842105263,0.6743893262551014,93.16770186335404,0.0,0.0,0.0,,138.3253412025083,0.0,0.0,0.0,0.7102931152010906,308.8421052631579,1.2496892385602634,318.75,277.8260869565218,455.3425933110887,714.2857142857142,197.8021978021978,102.68,540.4210526315791,0.7929254194853426,610.4166666666667,321.30434782608694,1367.8804855275446,228.7571583346231,0.5714842228282041,87.9,14.78,1940.161339732462,418.6663943633208,1521.4949453691413,1474.3540001551953,504.3842632109878,232.79273686660977,333.66958950880735,2240.8963585434176,711.9640922457824,1484.691995573589,1058.7102983638113,5806.451612903226,1060.070671378092,,0.9943860910641266,2015,653.5947712418301,30.954960532425325,-0.0520714393433441,116.39636843330489,248.4472049689441,181.8181818181818,111.1111111111111,111.1111111111111,368.8675765400221,192.49278152069297,645.1612903225806,117.7856301531213,104.16666666666669,0.0,123.07692307692308,66.66666666666667,0.0,233.4267040149393,0.0,62.07806316442927,15.519515791107317,0.0,,0.625,0.1236061684460261,
Riverside,685.9331994346501,1.5789693113724064,5839.885508595036,3381.1144914049637,650.2612316,238.43484148808147,48371.734850851746,17736.72851953295,815.8482142857143,166.8524712002973,1336.184076562818,411.04294478527606,408.8586030664395,608.0087564865917,,,432.68121245689343,88.35611470469935,47.47492730401756,11.473107431804245,1.3187479806671545,212.2524874883785,26.638709209476524,185.613778278902,189.4666369114037,1.6184741831170186,156.46413887619917,193.67107865510422,262.5954198473283,138.51992409867174,,117.0327999371269,183.32003675041113,528.6560252443497,52.41842830882353,0.6234400434074878,274.1947481960872,1.109493233762344,303.01339285714283,159.04868078781124,243.0452528369566,428.9003537308933,56.54098627031612,12907.0,960.1279476307373,1.4087346374229994,1118.861607142857,325.9011519881085,1583.6928346785287,115.85617981090472,0.2855814674207794,12030.0,877.0,3118.4206459058173,301.3837895018839,2817.0368564039336,886.396455205428,323.8185666528198,214.95592084874625,116.11575969774296,1415.4501544857476,355.49484591920714,747.9848147806447,946.5534969053044,2013.1959100874944,378.41796875,,0.9743110215712169,2015,1154.7924809476356,59.31519354058863,0.2942135838389623,167.94255533796215,536.3179534033806,664.5367412140574,1094.147582697201,673.6242884250474,401.1576850399619,629.0195762182215,2202.733438518124,254.91153492647055,219.30803571428572,70.23411371237458,313.9890042761149,142.3312883435583,112.43611584327088,310.41959303175156,24.967865432452676,101.67546930943764,30.594953151477984,13.05560500860483,,0.4800280308339173,0.1211107570121726,
Sacramento,503.4283102239829,1.1588560707877906,5702.174900380752,905.8250996192482,465.9935168,63.87842369510955,35501.56306567119,4866.556734352391,602.4245895379916,112.0754716981132,928.862182593526,293.86124228114784,298.5074626865671,665.6552896829475,,,482.7209667313384,81.49442030168046,54.3967700406767,9.670536896120302,2.0146951866917293,235.01419352759024,44.6254983852218,190.38869514236845,126.3903702575042,1.0796600108124867,98.96049896049897,133.06613226452907,144.0431714404317,156.53040877367897,,98.4384273840815,158.1042726251024,689.0252377832053,79.1151200584545,0.4943613952268555,290.4921529788206,1.175438553478671,325.8877434135166,150.56603773584905,384.10163734277825,697.4848459465588,79.28732813627087,10421.0,793.9204632028036,1.1648689725495254,928.3123329515082,262.64150943396226,1986.830734279521,138.30571524522438,0.3658957873524613,9725.0,696.0,3374.7395889263544,554.6487403621056,2820.090848564249,1322.244451025782,519.6906234071316,277.32279244811656,182.2291796362669,2140.261056278896,526.5950364940296,994.7244447845212,1188.163133131417,4783.463394293203,505.42971604222834,,1.0204307768525331,2015,1289.3458883329622,59.018387108953505,0.1457175926808898,167.11896573607896,354.8856548856549,506.61322645290585,611.664591116646,687.9361914257228,353.01343601812425,601.9391584281007,2925.875181191795,347.7033938874751,149.29362352042764,35.84905660377358,162.62841635975963,99.16454776607338,95.08015478164732,319.5273283715343,18.87793527054069,84.51646308171806,27.50058929834211,17.326378605548875,,0.44068801897983395,0.1268436270625686,
San Benito,179.66101694915255,0.4135668494344342,256.30681024109737,-150.30681024109737,7.4750776,-10.59957613547809,12669.623050847458,-17965.38328047134,221.7391304347826,30.76923076923077,451.61290322580646,138.46153846153848,34.285714285714285,271.2315447404109,,,214.93820526598608,23.029093421355647,15.35272894757043,0.0,0.0,76.76364473785215,17.911517105498834,58.85212763235332,52.54237288135593,0.4488308623324912,25.906735751295336,59.299191374663074,90.9090909090909,200.0,,32.579657262005604,102.77012192273554,273.224043715847,152.9831718510964,0.7557251908396947,222.03389830508473,0.8984311678325694,245.65217391304347,138.46153846153848,335.2012486886211,583.4667217431714,91.30567109668256,237.0,401.6949152542373,0.5893813862951702,467.3913043478261,169.23076923076923,1110.135798006919,111.59582022927869,0.5527426160337553,215.0,22.0,1569.8805223673244,310.8502361767157,1259.0302861906086,1509.6850131777592,475.9345973746834,166.32123026534634,447.78792763747094,2375.1742655031753,659.429846809374,1257.5747703134164,1733.077965151586,3005.464480874317,764.9158592554819,,0.9306736142874438,2015,526.6690762637476,20.290149132596124,-0.3748746800655791,79.32243289578057,108.80829015544042,215.633423180593,90.9090909090909,266.6666666666667,136.83456050042352,373.7095342644929,273.224043715847,203.97756246812853,67.3913043478261,0.0,112.90322580645162,15.384615384615385,0.0,160.0660918056488,0.0,53.734551316496514,2.5587881579284053,0.0,,0.56,0.11568645274672,
San Bernardino,347.1077836797858,0.7990173658609877,10386.50767127864,-2087.5076712786395,585.2421604000001,-147.21020597550114,24477.90206198503,-6157.104269333766,418.248136596712,77.52403846153847,702.5018578152094,180.15815959741192,163.59561752988049,588.9587445009108,,,402.5272923013816,88.92219627179675,46.625604908675555,8.941896831800792,2.0580556200176425,184.6572663202037,26.186983578845176,158.4702827413585,122.8825965117738,1.0496956786206664,101.0028653295129,122.93462643678161,146.92135744767324,161.69724770642202,,148.8110943420122,199.28670208894388,593.4352761567063,111.4104883888147,0.7903035080804099,212.2213392446359,0.8587259292928594,227.78453243114657,153.24519230769232,360.08876606791443,613.1774087740293,108.30110254769497,13373.0,559.3291229244218,0.8206680277638391,646.0326690278584,230.76923076923077,1739.0673271356263,163.08871913064652,0.3794212218649517,12221.0,1152.0,3264.9701786650803,467.027975196387,2797.9422034686936,1696.7604075517868,572.9910715869809,493.5785116283691,285.00521965485694,2691.9185522808807,706.7177828994683,1473.3353737691425,1621.0786811267196,4039.1355379905276,689.0067083336626,,1.029593952295487,2015,1125.8899183615968,54.78761658295157,-0.1766893176475669,208.50232453833908,272.9226361031519,327.22701149425285,483.8447470026417,423.1651376146789,402.1065740730969,530.4607322221414,1954.3145124884063,291.5636185494513,145.4776127292911,37.25961538461539,198.04310131285607,72.1782890007189,64.2430278884462,391.6138846475119,26.332032776302302,113.47692884166244,35.62565245685712,18.309598274639715,,0.4577956989247312,0.1279826464208243,
San Diego,401.95436693472976,0.9252702894176332,9291.339080401,-694.3390804009996,606.2570012000001,-48.964514214246336,28345.661174490375,-2289.3451568284218,492.2864517678132,83.73863396066822,753.7944762378701,408.3025305658232,231.16089613034623,386.3653523263715,,,272.3028579441067,64.536541344733,30.605421069472957,4.404304353609912,1.5280239594156837,139.72430852421647,22.156347411527413,117.56796111268906,107.5369365999626,0.9186089881350268,82.88800454803865,125.47528517110266,128.81270481472146,110.81967213114754,,67.58084671662766,127.14403949884417,452.3484942372041,50.805370338081175,0.4733783277090364,249.39218253226107,1.0091328914691289,265.7422414310583,191.79530556142947,239.7199941036252,389.8156586669485,83.25446953501415,13931.0,651.3465494669908,0.9556793419714098,758.0286931988715,275.5339395220977,1111.947625400096,119.60371973993765,0.3828870863541741,12628.0,1303.0,2271.3005223682812,334.12883455813653,1937.1716878101447,961.2169542347837,361.24284075833134,158.06059603720468,132.39878189525305,1466.8938463367278,434.0798086340484,815.3272247911391,1013.29946630897,3511.6760795283535,458.4508270152295,,0.9400200318180096,2015,722.1319667331475,36.349250204923486,-0.139284010846403,103.36632666635506,266.17396247868106,440.07886213209406,596.672548525334,500.9836065573771,217.0188781394038,445.9316761323097,2095.3207159676363,229.6763487473019,126.05798667386998,42.29223937407485,155.63573028116448,139.6076201307933,68.56754921928038,184.9136849334971,18.358207174203784,56.222293330265295,22.06646364920884,9.078259994175532,,0.48422939068100357,0.1168482498293941,
San Francisco,135.59322033898306,0.3121259241014598,3050.0510418690583,-2098.0510418690583,67.1346592,-147.95372025218924,9561.979661016949,-21073.02667030185,158.3872065328343,18.37270341207349,420.23554603854393,100.5639097744361,31.877213695395515,148.96040657428617,,,122.82974701766246,16.742398638076285,4.224717413346352,1.251768122472993,0.1564710153091241,26.756543617860228,6.4153116276740905,20.341231990186134,19.797749608317904,0.169117619583129,7.664562669071236,25.666337611056267,26.720106880427522,20.100502512562816,,6.085403265355799,26.66584617909193,238.34351258751676,6.996951952805559,0.8498349834983498,172.62498219626835,0.6985044424998873,186.7982306907111,99.73753280839895,189.6428705546585,332.4945265586817,36.90932931863435,2164.0,308.2182025352514,0.4522289543462569,345.1854372235454,118.11023622047244,614.418391974103,43.70841629838279,0.5600739371534196,2029.0,135.0,7037.821454557251,786.5759557320752,6251.245498825176,1098.5829984853606,292.2878565974439,166.48516028890808,132.53094996682813,1779.9661449106836,370.0645913263076,793.9661436799507,1038.9423915161583,8920.005958587815,348.09835965207657,,0.9447190720580876,2015,281.92386541542135,6.799086979748434,0.2901353029398958,21.749471127968256,59.51307484220018,141.1648568608095,180.69472277889113,170.8542713567839,47.25136653099797,146.6621539850056,1611.798003873082,59.47409159884725,23.477373256209596,0.8748906386701663,48.7152034261242,27.25563909774436,3.541912632821724,41.78892956748458,0.3237660466546873,14.238862393130296,4.5376594439646,0.4694130459273724,,0.5426356589147286,0.1174323593263684,
San Joaquin,484.9301229163159,1.1162745627066857,2580.0104169862325,299.9895830137675,203.09644800000004,21.155145398297684,34197.07829600944,3562.07196469064,578.079331941545,96.60574412532635,930.182133564614,325.354609929078,281.25,610.7660235950791,,,454.8934446567516,77.83025370117848,34.355588827223194,4.453502255380784,1.4845007517935949,148.87421825130053,19.298509773316734,129.5757084779838,148.8466071729247,1.2714871329382815,102.78170674210278,160.60462919225319,199.22178988326849,168.26923076923077,,128.16894783876583,188.5129103621111,749.4583992037004,80.52085490141947,0.70355078447564,203.90638154571477,0.825080539048639,225.678496868476,113.14186248912098,256.8186300602919,457.09018334348144,55.30902856073144,4091.0,688.8365044620306,1.0106859671688817,803.7578288100209,209.74760661444736,1627.9345105202624,102.53442987027904,0.2960156440967978,3850.0,241.0,4231.616651570277,791.1516369389195,3440.4650146313575,1259.49285212888,489.0369619480043,239.2166925747393,122.15320471901582,2025.404235166768,488.8467216636955,1247.001552137717,1173.7700918723212,3761.9298553779495,478.52393769986423,,1.1563053550916995,2015,1170.844327176781,47.225401309547614,0.2286043144573497,187.471237797934,287.1287128712871,507.79404818138875,664.5914396887159,822.1153846153845,358.0499506137999,596.0334665860867,2500.146378593595,393.40189108979223,176.8267223382046,32.201914708442125,193.40849956634864,141.84397163120568,107.6388888888889,358.14559231445776,15.741800436515872,94.58390504284904,33.93144575528217,13.148435230171842,,0.3692992213570634,0.1437333806062755,
San Luis Obispo,400.7514088916719,0.9225011657851534,693.7660609407329,-53.76606094073293,45.132544,-3.79156111111611,28260.829054477148,-2374.177276841649,476.7441860465116,81.43322475570032,682.3161189358373,262.29508196721315,270.27027027027026,332.8375440749716,,,226.74557690107443,49.92563161124575,31.20351975702859,4.160469300937145,1.0401173252342863,120.65360972717724,28.083167781325734,92.5704419458515,126.48716343143391,1.0804868437349526,106.51974288337924,166.20498614958447,273.80952380952385,47.61904761904761,,86.05532764082287,149.1498458784926,472.18230342845413,24.213075060532688,0.46464646464646464,309.9561678146525,1.254197147158087,328.6821705426357,231.2703583061889,257.4290379954859,420.5306223654848,77.62871606477077,1135.0,710.7075767063243,1.0427759996527262,805.4263565891473,312.7035830618892,1030.4983882965537,104.96277101715484,0.4361233480176211,1039.0,96.0,2860.8169221655517,409.6169684009768,2451.199953764575,830.5336841995777,332.31748541235453,190.34147051787443,115.45302310100578,1279.444582196876,335.66219481527645,807.881481041863,897.384906035597,1724.4918907821802,508.4745762711864,,1.21373587748378,2015,609.9677659310687,27.334054952384076,0.0252018646499665,105.05184984866293,298.43893480257117,592.797783933518,952.3809523809523,333.3333333333333,241.1032886488572,531.9677836332902,1642.373229316362,169.4915254237288,153.48837209302326,13.029315960912053,186.2284820031299,106.55737704918032,54.054054054054056,196.37986610463676,4.373448792381453,61.88698085144005,20.282287842068584,6.2407039514057185,,0.4899598393574297,0.1508722242491327,
San Mateo,338.89202939513854,0.780105285361128,1536.972024801699,-337.97202480169904,84.5530004,-23.8336520002059,23898.530356133408,-6736.475975185389,409.6215068977715,57.66526019690576,755.2742616033755,160.90712742980563,252.31481481481484,234.21628379434287,,,174.83200500078138,29.106110329739025,21.29238943584935,3.7115174245975937,0.9767151117362088,71.88623222378497,15.236755743084856,56.64947648070011,96.6647823629169,0.8257361677040981,75.85470085470085,93.63008442056791,126.1682242990654,103.5007610350076,,34.63414634146341,92.1603287555334,587.8510777269759,42.2982900294222,0.5891829689298044,245.61899378179763,0.9938651760373453,270.2511496285815,147.67932489451476,169.7530864197531,300.6157901985087,40.73319755600815,2068.0,584.5110231769362,0.8576158274913515,679.872656526353,205.34458509142053,756.2611894784474,56.63854136359228,0.4202127659574468,1922.0,146.0,2257.3880234804988,223.31853700847353,2034.069486472025,691.1236130645414,231.48148148148147,180.88763869354585,84.38818565400844,1112.3571189675183,275.821937736398,456.5853658536585,984.302527610328,4659.264097539734,408.6761257254468,,0.5065730320720907,2015,455.64539927993866,15.905343807584137,-0.0278484526817598,66.80731364275668,262.8205128205128,320.7981580966999,468.8473520249221,356.16438356164383,120.0,315.76243786731936,2184.483634516293,145.5558803953646,115.67032189600285,21.09704641350211,160.33755274261603,79.91360691144708,76.3888888888889,128.6667060142832,5.819028222286878,37.11517424597593,14.455383653695892,6.446319737458978,,0.4483695652173913,0.0629690540678319,
Santa Barbara,329.2613636363637,0.7579361795448126,1529.1524949977334,-370.15249499773336,81.73221640000001,-26.10300588624216,23219.37965909091,-7415.626672227885,396.57020364415865,67.96116504854369,764.2857142857142,206.84039087947883,87.40894901144641,389.553643452541,,,287.71175047055664,42.6862059693466,28.2333960742135,5.041677870395268,1.3444474321054047,111.92524872277492,21.84727077171283,90.07797795106212,93.46590909090908,0.798410545155424,53.79513633014001,121.2624584717608,114.28571428571428,80.35714285714286,,52.1395053175153,171.19941213717843,499.10873440285206,37.53127606338615,0.7242841993637328,267.89772727272725,1.0840131611012462,295.4626652375849,160.8876560332871,316.9534821188492,544.247234342198,79.68839091277556,2102.0,597.1590909090909,0.8761735323834198,692.0328688817435,228.8488210818308,1274.7362671352323,113.34986638455143,0.4486203615604186,1937.0,165.0,2355.135985614745,304.7875927174646,2050.3483928972805,1183.113740252756,376.44528098951326,206.37268082817965,323.00349556332344,1842.016939448382,495.3045676561308,969.2234070666888,1411.8088507750876,4367.201426024955,467.05587989991665,,1.202358554534729,2015,730.4890327930347,33.66147547177588,-0.305941476314579,110.58080129066953,198.96831245394253,397.56367663344406,506.1224489795918,419.6428571428572,192.8447456949196,561.2839174177813,2210.338680926916,195.99666388657212,110.39657020364416,27.739251040221916,183.03571428571428,73.28990228013029,34.33922996878252,203.35235237211504,13.739377743581992,68.902930895402,15.125033611185804,11.091691314869587,,0.41620111731843573,0.1494579774997636,
Santa Clara,437.1584699453552,1.0063076241522473,4054.426203356206,25.57379664379414,287.719968,1.8034539098017053,30828.24043715847,193.23410583967416,532.299050421292,53.87931034482758,892.1291053227634,234.4671201814059,220.93023255813955,316.4230545217087,,,244.37476588183927,40.09576450679496,19.15600354579952,4.57572554332863,1.240874723614544,100.04552459142262,31.719860122396778,68.32566446902582,97.61062895103396,0.8338158397192436,61.60938809723386,120.76872679624371,101.71017101710171,77.96340493237868,,33.282993748683964,163.17497786957804,355.3347379013238,20.543135343625863,0.7357512953367875,372.2275795564127,1.5061702809939812,408.1851009763274,227.3706896551724,269.4249243648079,468.3991706326612,66.1616224962059,7554.0,809.386049501768,1.187560643134855,940.4841513976194,281.25,1079.2211559268917,81.83973209246321,0.4598888006354249,7032.0,522.0,2607.7462192614285,250.69160807100616,2357.0546111904223,723.8177372184086,273.92309523791056,171.00804784812934,86.70612131256627,1147.5165789057692,290.9857141065359,540.2260073765982,1351.13602832694,3493.6008301625734,263.4971543565073,,0.6799435274218568,2015,610.8219852942306,15.678109596257322,0.0678028088552886,70.6523045758031,310.1424979044426,455.9947586809347,599.4599459945995,466.18933969769296,167.547043360722,616.1109471820596,2094.2737649759442,122.8395644016812,114.61816236458472,29.094827586206897,155.15288788221972,93.42403628117914,52.772808586762075,131.52624155707426,8.466179181978955,42.49995928379813,15.976262066537254,4.57572554332863,,0.4356243949661181,0.0845197000838492,
Santa Cruz,256.44631973745896,0.5903211409122369,926.6142817699332,-379.6142817699333,38.5742212,-26.77024730470299,18084.491889357712,-12550.514441961084,301.14285714285717,52.21932114882506,573.7483085250337,171.6417910447761,84.65608465608466,282.4114947157557,,,218.90763027327316,35.62411907749021,16.52133058666212,2.065166323332765,0.0,64.53644760414892,6.711790550831487,57.82465705331743,51.570557899671826,0.4405293614230854,34.30531732418525,74.93540051679587,55.118110236220474,75.75757575757576,,34.40534659086022,96.7553590791559,388.0266075388027,31.88978888959755,0.6883116883116883,180.4969526488514,0.730357342713979,196.0,109.66057441253264,198.77225862077867,351.1322222677204,43.74772147283995,932.0,436.9432723863103,0.6410990575979795,497.1428571428572,161.8798955613577,890.6269194545678,64.57996979323994,0.4130901287553648,870.0,62.0,3805.283639792208,426.28787354794554,3378.9957662442616,1101.2499419171972,381.5394782357285,207.5492154949429,195.15821755494633,1791.4909299373492,398.9375553356596,1002.9158531235756,1291.1835849528736,7039.911308203991,420.9452133426877,,1.0465877489051731,2015,539.4946971868474,20.83224832039998,0.2388711098427969,56.79207389165105,180.96054888507717,365.63307493540054,244.09448818897638,333.3333333333333,181.48820326678765,472.09942447243304,1718.4035476718404,140.31507111422923,60.57142857142858,10.443864229765014,92.01623815967524,52.23880597014925,13.227513227513226,108.51316489906228,4.1664496640799955,35.107827496657016,10.84212319749702,2.5814579041659567,,0.5144508670520231,0.1300950433108758,
Shasta,631.3768513439386,1.4533844884672265,791.9446018127466,359.05539818725345,81.1680596,25.32044305800584,44524.44300603401,13889.436674715213,780.0859598853868,145.19906323185012,1689.156626506024,579.746835443038,575.1072961373391,972.4158323828837,,,592.2358805390107,193.46935327165968,113.209141215731,18.586575423478227,5.913910362015798,384.4041735310269,55.75972627043467,328.64444726059224,202.41360394953372,1.7290706039036443,198.79518072289156,157.40740740740742,232.14285714285714,266.0550458715596,,306.1382260475184,169.00288299035688,2521.823472356935,282.65107212475635,0.7925696594427245,177.18047174986287,0.7169376359488503,194.8424068767908,119.43793911007025,272.8847209901576,465.0606117598782,85.17318547713685,1474.0,808.5573230938014,1.186344705614517,974.9283667621776,264.6370023419204,2327.012840460273,188.71705801796983,0.2191316146540027,1361.0,113.0,4055.890858443759,783.0984970102418,3272.7923614335177,1540.1512271364002,350.6104000337938,333.7135132851772,196.848730621383,2386.85519859114,713.116670563479,1539.968046178426,1073.6653742916792,10863.239573229874,1062.3781676413255,,1.3255225586109805,2015,1861.9522287003952,103.54387254083302,-0.3032698616818158,311.7475605119757,610.4417670682732,685.1851851851852,660.7142857142857,834.8623853211009,940.0608153378344,735.6596083109653,7177.4975751697375,886.9395711500974,242.12034383954153,72.59953161592506,484.3373493975904,232.91139240506328,120.1716738197425,577.906201378084,51.77193627041651,169.8137118235965,77.72567904363622,23.655641448063193,,0.5224274406332454,0.1647677558355051,
Sierra,200.0,0.4603857380496531,15.204641285488826,-8.204641285488826,0.4936372,-0.5785880215961579,14103.92,-16531.086331318795,280.0,0.0,153.84615384615387,750.0,83.33333333333333,321.10091743119267,,,91.74311926605505,137.61467889908258,45.87155963302752,0.0,0.0,91.74311926605505,45.87155963302752,45.87155963302752,28.57142857142857,0.2440647085494652,30.303030303030305,0.0,****,0.0,,52.52100840336134,0.0,0.0,0.0,,0.0,0.0,0.0,0.0,0.0,0.0,0.0,7.0,200.0,0.2934472725013927,280.0,0.0,634.6328195829556,0.0,0.0,7.0,0.0,1143.9466158245948,95.32888465204957,1048.6177311725453,1605.5045871559637,596.3302752293579,183.4862385321101,550.4587155963303,2266.5457842248416,928.5051067780872,1733.1932773109245,518.1347150259068,0.0,1282.051282051282,,0.7869076188588955,2015,634.6328195829556,0.0,-0.1999999999999999,45.87155963302752,151.51515151515153,1000.0,****,1000.0,262.60504201680675,518.1347150259068,0.0,1282.051282051282,40.0,0.0,0.0,0.0,83.33333333333333,90.66183136899366,0.0,0.0,0.0,45.87155963302752,,0.6,0.0978157644824311,
Siskiyou,295.4545454545455,0.6801152948460786,305.8304989995467,-97.8304989995467,14.6680768,-6.898967657248434,20835.33636363637,-9799.669967682428,365.7142857142857,89.3854748603352,621.761658031088,541.1764705882352,172.93233082706766,706.8098409677858,,,407.7749082506457,156.31371482941415,78.15685741470708,10.194372706266142,3.3981242354220473,224.27619953785512,20.388745412532284,203.88745412532285,99.43181818181816,0.8493729203781106,103.3138401559454,40.0,230.76923076923077,88.88888888888889,,228.09433637459117,96.52509652509652,1485.148514851485,298.5074626865672,0.9615384615384616,147.72727272727275,0.5977591132265622,179.04761904761904,55.865921787709496,353.4049204838929,635.9945872801082,68.26870562534134,312.0,443.1818181818182,0.6502524788383135,544.7619047619048,145.2513966480447,1935.047361299053,177.4986346258875,0.3333333333333333,286.0,26.0,2085.3932584269664,303.3707865168539,1782.0224719101125,2392.279461737121,655.837977436455,288.840560010874,451.95052331113226,3552.097428958052,1222.00983069361,2207.7810294370806,2413.127413127413,6435.6435643564355,3358.2089552238804,,1.4675568167894508,2015,1299.0527740189443,109.22992900054614,-0.2424242424242423,237.86869647954327,298.2456140350877,173.33333333333334,500.0,322.22222222222223,658.4610087794802,418.2754182754183,3217.8217821782177,1082.089552238806,121.9047619047619,33.5195530726257,202.07253886010363,200.0,37.59398496240601,433.0175913396482,40.9612233752048,132.52684518145983,57.7681120021748,16.990621177110235,,0.49122807017543857,0.1824231822330392,
Solano,254.44083062296724,0.5857046479816078,1736.370034802824,-719.370034802824,71.7184332,-50.729687106281226,17943.065599199403,-12691.940732119394,310.9137055837564,43.786982248520715,560.5849582172701,113.87163561076605,94.6969696969697,343.5659920341336,,,271.947515818562,37.1605301118532,16.891150050842363,3.378230010168472,0.3378230010168472,62.15943218709989,12.1616280366065,49.997804150493394,67.55066299724794,0.5770356506861263,56.509298998569385,53.5491905354919,84.41558441558442,70.3125,,64.74136235494656,61.75587757974407,303.2918834425962,29.26972047416947,0.7948717948717948,234.1756317237929,0.9475611061805098,259.2005076142132,140.82840236686388,316.202328951769,548.5798697374605,80.90669893869448,1953.0,488.6164623467601,0.7169158408746812,570.1142131979695,184.6153846153846,1206.6071308668502,106.06256331459107,0.4792626728110599,1797.0,156.0,3511.8003480351395,480.58667449396296,3031.213673541176,1350.2785350643385,485.1138294601927,326.3370189822744,178.37054453689532,2116.4305378365675,574.5055512873683,1145.6762604077885,1153.2551092217325,3592.842311550755,416.28046896596584,,0.7441308795469731,2015,658.0272611293897,25.1558643758966,-0.2898665067737448,91.21221027454877,178.826895565093,209.21544209215443,331.81818181818187,343.75,204.8777289713499,241.27877752086056,1192.170403378205,143.09641120705075,80.58375634517768,18.93491124260355,112.8133704735376,53.83022774327122,24.62121212121212,170.54992278251527,10.878211622009342,54.72732616472925,17.566796052876057,4.391699013219014,,0.4140625,0.0924984446883631,
Sonoma,291.9640086875582,0.6720803281177841,1400.1302532322995,-459.13025323229954,66.3589436,-32.377681805840474,20589.18510704313,-10045.82122427567,353.62997658079627,52.9500756429652,521.3946117274168,220.31473533619456,152.54237288135593,273.00288669364784,,,190.89893671032976,44.6784745492261,20.88863745158623,3.771559539869736,0.2901199646053643,72.23987118673571,7.543119079739472,64.69675210699624,80.04964318957492,0.6838052492093302,66.42066420664207,92.50585480093677,134.8314606741573,82.92682926829269,,55.65985643291,91.80922275939012,690.4487917146145,62.85122744750074,0.5278925619834711,300.34129692832767,1.2152918279933045,324.3559718969555,207.26172465960664,280.83612573799263,484.839291236136,79.05913854392688,1909.0,592.3053056158858,0.8690518821054278,677.9859484777518,260.2118003025719,1013.4366412480964,99.25672868288628,0.5070717653221583,1737.0,172.0,2362.61477866324,378.70474198993577,1983.910036673304,935.0566459230891,366.13139533196977,202.79385525914964,136.93662329373194,1494.7752877821663,381.4459166243479,837.9900607399227,992.4693194496094,5120.828538550058,757.9118603963325,,0.8311979450538945,2015,528.5973500119605,20.19759013895942,0.0785519345680021,74.850950868184,221.9293621507644,379.39110070257607,389.51310861423224,448.7804878048781,185.97459966869133,376.534027519524,1994.6298427311087,340.1360544217687,95.23809523809524,21.18003025718608,113.3122028526149,84.4062947067239,46.610169491525426,142.35955121734918,8.079036055583769,41.4871549385671,17.117077911716493,6.382639221318016,,0.573076923076923,0.1033212291800819,
Stanislaus,230.33949290932532,0.5302250872252129,3032.6743089713573,-1424.6743089713573,113.3955168,-100.46746239893652,16243.44890416846,-14391.557427150336,275.01356974850734,60.52269601100413,481.0588772250114,213.34259902710215,91.6030534351145,456.4486140482848,,,299.1895766212016,87.1453510651887,40.8759952879061,9.65127666520005,0.8515832351647104,142.21440027250665,20.154136565564812,122.0602637069418,85.6610800744879,0.7317396289844303,73.53361945636622,88.25878594249201,103.54223433242507,177.4193548387097,,155.55017552354437,151.7919694492905,786.9124042244772,138.30823877031403,0.7075555555555556,161.15169746454663,0.6520792944523007,182.1964899583861,81.1554332874828,319.34371318676637,573.9821364447307,66.7254755603809,2733.0,391.4911903738719,0.5744101101176812,457.21005970689345,141.67812929848694,1440.370266927343,116.48684716473277,0.411635565312843,2527.0,206.0,4248.9208205478735,574.5098184898175,3674.411002058057,1981.6341882282811,621.9396227486268,408.47609180067275,446.2296152263082,3150.346840248289,822.1935717355409,2115.3613363999516,1719.8510927648117,7599.9171671153445,779.5555276144972,,1.1701862849889488,2015,866.3881304826125,49.76137160435186,-0.2494640178907613,169.7489248761656,181.6881258941345,256.3897763578275,269.7547683923706,536.2903225806451,384.33603679941893,440.9522370427353,2050.113895216401,418.0680853739038,101.86357879500632,24.071526822558457,139.66225467822912,99.37456567060458,29.89821882951654,320.90560359323075,19.791454615367215,86.86148998680046,40.592134209517866,13.34147068424713,,0.4868624420401855,0.1454588357131855,
Sutter,354.9738219895288,0.817124425124777,414.8694979326237,-75.86949793262369,23.9061444,-5.35028664640945,25032.611937172776,-5602.39439414602,440.3794037940379,64.51612903225806,617.6470588235294,265.76576576576576,269.2307692307692,536.5367266511562,,,365.6046721428232,93.37954829621891,33.2367883766203,7.913521042052451,3.16540841682098,83.88332304575599,9.49622525046294,74.38709779529303,135.07853403141362,1.1538766063883097,137.21413721413722,117.0886075949367,233.76623376623377,98.76543209876544,,208.1756245268736,205.05431168255376,1431.980906921241,65.6922318935786,0.6954545454545454,230.36649214659684,0.9321479204241836,235.77235772357724,211.9815668202765,348.19492585030787,549.2424242424242,146.01783957083452,559.0,585.3403141361256,0.8588325933417724,676.1517615176151,276.4976958525346,1575.1262626262628,190.458051614132,0.3935599284436494,499.0,60.0,2777.15175479932,327.8083959925424,2449.343358806778,1511.4825190320182,591.9313739455233,351.3603342671288,123.45092825601824,2329.5454545454545,688.8232866711106,1517.158718142821,1751.2746619374864,6125.696101829753,665.1338479224831,,1.0278605614635872,2015,1025.8838383838383,44.440212043297464,-0.2530012163520017,204.1688428849532,367.983367983368,313.2911392405063,532.4675324675325,271.6049382716049,558.2891748675246,548.6588339614276,3261.734287987271,180.6536377073411,157.18157181571814,59.90783410138248,213.903743315508,121.62162162162163,51.28205128205128,366.16161616161617,41.26591118306193,126.6163366728392,42.73301362708324,6.33081683364196,,0.48214285714285715,0.1277671790072351,
Tehama,326.99275362318843,0.7527140010685,479.59782797656186,-118.59782797656186,25.4575756,-8.363471389775953,23059.3981884058,-7575.608142912995,411.6222760290557,75.53956834532374,896.694214876033,246.30541871921181,190.33232628398792,862.8313296206887,,,518.6548435670069,119.50572432419511,150.57721264848587,38.24183178374244,16.730801405387318,277.25328043213267,43.022060756710246,234.23121967542244,129.52898550724638,1.10647089337869,121.74940898345152,127.6595744680851,206.89655172413794,243.90243902439025,,345.84648445369686,256.5747273893521,2316.6023166023165,409.1653027823241,0.5129533678756477,174.81884057971016,0.7073816038907421,193.7046004842615,118.70503597122304,461.2920958913932,762.9583710838778,158.13686026451984,554.0,501.81159420289856,0.7362762181420816,605.3268765133172,194.24460431654677,2384.244909637118,258.7694077055779,0.3483754512635379,500.0,54.0,3113.959668594654,514.3035798030327,2599.656088791621,2638.6863930782283,578.4077057291045,485.1932407562322,791.1278950261717,3938.772590720519,1332.183247076864,2840.6419985225975,2009.835364549925,11196.911196911196,1677.5777414075287,,1.538840605696584,2015,1621.28653855324,100.6325474410581,-0.1771697191162847,341.78637156719805,299.0543735224586,388.2978723404255,517.2413793103449,487.8048780487805,849.5064132697603,780.4147958092794,5791.505791505791,818.3306055646482,156.17433414043583,50.35971223021583,256.198347107438,133.00492610837438,69.48640483383686,615.1351866863764,67.08836496070539,148.18709816200194,64.53309113506538,54.97263318912976,,0.5193798449612403,0.1912840423137519,
Trinity,136.72922252010724,0.3147409201143741,162.03803427106664,-111.03803427106664,3.5964996,-7.830357761581912,9642.090080428954,-20992.916250889844,173.01038062283737,11.904761904761903,826.0869565217391,88.88888888888889,24.539877300613497,552.6657997399219,,,411.79020372778496,43.346337234503686,43.346337234503686,21.673168617251843,0.0,140.87559601213698,43.346337234503686,97.52925877763327,40.21447721179624,0.3435227131058157,38.0952380952381,0.0,43.47826086956522,142.85714285714286,,157.52165922814387,0.0,2325.5813953488373,224.2152466367713,0.8103448275862069,155.4959785522788,0.6291941666133992,173.01038062283737,95.23809523809524,628.5218899003033,1053.2968190436063,178.53157777281857,109.0,292.225201072386,0.4287634410543138,346.0207612456747,107.14285714285714,2106.593638087213,200.8480249944209,0.5321100917431193,100.0,9.0,2049.845155581773,250.70048665388583,1799.1446689278869,4042.045947117469,498.4828781967924,487.6462938881665,1766.3632423060253,6088.0556140720455,1874.581566614595,4134.943554738777,3111.111111111111,53488.37209302325,1569.506726457399,,1.3801408500483652,2015,1053.2968190436063,22.31644722160232,-0.4840406697354443,162.5487646293888,123.8095238095238,0.0,217.3913043478261,500.0,511.94539249146754,0.0,11627.906976744185,784.7533632286995,51.903114186851205,0.0,260.8695652173913,0.0,0.0,315.98904571308196,0.0,130.03901170351105,0.0,0.0,,0.6,0.1715570279223852,
Tulare,329.5728038507822,0.7586530927096796,2888.013007597992,-697.0130075979919,154.50844360000002,-49.15307849060735,23241.342298435626,-7393.6640328831745,401.3270142180095,53.8965768390386,840.224604389995,214.1833810888252,67.0045045045045,753.1150640199364,,,565.781558821002,102.77562945776404,40.90401306178568,7.218355246197474,0.3437312021998797,207.26991492652743,22.68625934519206,184.5836555813354,79.2719614921781,0.6771620862206508,54.21994884910486,84.07612623464225,72.78481012658227,216.8141592920354,,110.65295683490788,199.8556915923173,558.5235551238466,299.0357622360552,0.5833887043189369,226.3838748495788,0.9160327797339384,244.17061611374407,158.04806991988346,517.3154593108189,877.9104640383881,150.47187146789818,3696.0,555.9566787003611,0.8157198549677706,645.4976303317536,211.9446467589221,2320.873548176018,201.78485989473904,0.4071969696969697,3405.0,291.0,2935.0883138243566,391.7624128247689,2543.3259009995877,2285.1250322248,673.3694251095643,479.84875827103207,610.4666151069863,3595.4795790392063,952.0639609466552,2040.816326530612,2377.0801598845533,7673.627974745022,1379.226168680581,,1.568364421143626,2015,1442.9630841376302,51.31298842684086,-0.2285280808736371,181.1463435593366,219.9488491048593,353.16791134666346,411.39240506329116,730.0884955752213,448.87520225481495,839.5084351700204,3156.872268091306,1006.9571585499816,95.54502369668246,16.751638747268753,172.5370086778969,59.45558739255014,21.3963963963964,343.53018158023883,15.948631538072156,116.18114634355932,28.529689782590015,13.06178568359543,,0.38061041292639136,0.1949539706626201,
Tuolumne,389.0625,0.8955941310497159,278.02772636322425,-29.027726363224247,17.559380400000002,-2.047023652044029,27436.531875000004,-3198.4744563187924,509.00900900900905,117.3469387755102,1000.0,310.8108108108108,573.7704918032787,678.659035159444,,,400.6541291905151,125.3747615153993,95.393840283456,5.451076587626056,8.176614881439084,299.8092123194331,21.804306350504223,278.0049059689289,117.1875,1.001046656159916,112.14953271028035,90.9090909090909,294.11764705882354,151.51515151515153,,204.76417991945945,117.4812030075188,444.8398576512456,249.003984063745,0.7692307692307693,223.4375,0.9041106587551752,247.74774774774775,168.3673469387755,389.751976015263,545.8786164458339,199.52838744785052,392.0,612.5,0.8986822720355153,756.7567567567568,285.7142857142857,1667.411046598184,338.5936271842312,0.3647959183673469,336.0,56.0,2763.8697845025217,416.32278771205864,2347.546996790463,1744.344508040338,400.6541291905151,403.37966748432814,166.25783592259472,2203.364597290457,1185.0776951448092,1825.8139376151796,1292.2932330827066,1512.455516014235,1643.426294820717,,1.0825090587177848,2015,1121.5324301523497,139.06523973638068,0.1483544864226682,204.4153720359771,385.04672897196264,381.8181818181818,470.5882352941176,424.24242424242425,703.023684390144,493.4210526315789,711.7437722419928,697.2111553784861,146.3963963963964,51.02040816326531,292.5170068027211,114.86486486486487,147.54098360655738,322.5646369907201,60.46314771146986,117.1981466339602,46.33415099482148,24.529844644317254,,0.6103896103896104,0.1345602057979618,
Ventura,269.17690991131167,0.6196260516772211,2792.006558338191,-1062.006558338191,121.998908,-74.89227769138591,18982.248016181737,-11652.75831513706,329.2393026941363,49.31109499637419,590.6234896085065,175.68569310600446,189.59537572254337,302.5025529117182,,,213.67521367521368,41.44110117923539,28.67654258816288,6.119993845034762,0.3497139340019863,77.46163638143999,11.190845888063564,66.27079049337642,79.04154348840828,0.6751937946179388,74.42298634008479,85.995085995086,78.16091954022988,4.854368932038835,,56.96300649306169,136.40201788382012,342.70738836810807,1.8633424637114055,0.6152439024390244,255.1734868523417,1.03252618425701,280.1109350237718,163.88687454677304,286.7654258816288,492.72069635999975,79.3210678160032,3370.0,524.3503967636534,0.7693459688265861,609.350237717908,213.1979695431472,1071.85916690478,103.18758379603956,0.486646884272997,3076.0,294.0,2280.2468976412333,255.2777950571177,2024.9691025841155,1123.8057269153833,361.7790647250549,235.88204848433983,151.2512764558591,1759.0198551805363,483.99890494809034,765.3953340808226,1586.1606079632795,4384.638645297853,383.84854752454953,,0.6625484106656531,2015,579.1384705447805,23.86651598003636,-0.0797370601322677,88.82733923650454,229.39236928874232,285.8312858312858,344.82758620689657,223.3009708737864,175.57584912734836,453.3743261090783,1511.9443604475355,85.71375333072466,94.29477020602218,23.20522117476432,131.46447559207348,69.68124536693847,52.02312138728324,165.8663730320791,11.231301637664169,47.561095024270145,16.43655489809336,7.868563515044694,,0.45454545454545453,0.0823574174943928,
Yolo,397.89706696181514,0.9159306742050376,784.9939086536659,-65.99390865366593,50.703592400000005,-4.653864040693059,28059.542003320425,-2575.464327998372,486.6385372714487,70.12987012987013,844.8598130841121,291.98966408268734,294.87179487179486,481.8292086340577,,,302.9023675974883,75.72559189937208,61.652694289754265,10.722207702565958,3.3506899070518616,179.5969790179798,19.4340014609008,160.16297755707902,114.55451023796348,0.9785549603989352,92.3076923076923,125.61983471074382,152.6104417670683,138.88888888888889,,105.6338028169014,175.83231150082133,1042.2380691168405,52.6057375324402,0.7222222222222222,209.18649695628113,0.8464458363785433,229.957805907173,132.46753246753246,253.3121569731208,449.7256261088419,66.65621079046424,1097.0,607.0835639180963,0.8907350800609515,716.5963431786216,202.5974025974026,1401.4385718804583,101.9447929736512,0.3445761166818596,1019.0,78.0,3222.591049716483,378.02206069040744,2844.568989026076,1210.939332408543,358.5238200545492,259.3433988058141,209.08305020003615,1955.6875850971655,503.18904224173986,1144.3661971830986,1399.7177428683804,6829.402084476138,378.7613102335695,,1.4807256928558528,2015,951.7129457716164,35.28858218318695,-0.2605518175770022,138.71856215194708,294.67455621301775,459.504132231405,502.00803212851406,620.3703703703703,337.21560130010835,643.1760868056358,3428.414701042238,234.97229431156623,139.943741209564,20.77922077922078,218.69158878504675,85.27131782945736,54.48717948717949,273.6862372955949,10.455876202425763,78.40614382501357,22.114553386542287,11.39234568397633,,0.5482625482625483,0.1840601262007154,
Yuba,358.3815028901734,0.8249686635571819,450.9262186953543,-78.9262186953543,26.233291200000004,-5.565845371908907,25272.920231213877,-5362.08610010492,436.8098159509202,71.74887892376681,634.6153846153845,288.88888888888886,121.69312169312168,778.1612802008158,,,552.2434891747724,108.77523271624304,48.11212216295367,10.459156991946449,8.367325593557158,184.0811630582575,23.010145382282182,161.0710176759753,150.28901734104048,1.2838085825434302,135.96491228070175,172.09302325581396,202.7027027027027,169.23076923076923,,323.8950997805872,324.13491020586946,1017.6390773405699,177.33354828308885,0.8363171355498721,376.6859344894027,1.5242104318882133,430.67484662576686,179.37219730941703,817.9060767702123,1457.7622726140044,168.584313229654,763.0,735.0674373795762,1.0785176730181247,867.4846625766871,251.12107623318383,2936.29038956724,236.01803852151556,0.5124508519003932,707.0,56.0,3084.1900527924427,414.13620185501264,2670.0538509374296,2171.3209915280827,870.2018617299444,376.5296517100722,395.35613429557577,3384.832627294626,939.8575462553208,2382.196217741093,1883.4866403854576,5020.3527815468115,1047.880058036434,,1.4326370781831714,2015,1478.5281169532352,67.43372529186159,-0.2373238925512376,326.3256981487292,323.0994152046784,376.74418604651163,540.5405405405405,461.53846153846155,769.6862048549438,709.592641261498,2713.70420624152,483.6369498629695,179.1411042944785,44.84304932735426,240.3846153846154,127.77777777777777,68.78306878306879,606.3626547055403,42.1460783074135,209.183139838929,48.11212216295367,27.193808179060763,,0.5153846153846153,0.178082519052966,
Alameda,337.44459433416847,0.7560452933050733,4631.997621056417,-1129.9976210564173,258.076388,-83.27404468613162,24867.641934862208,-8024.093725778723,416.61568579468985,43.99092970521542,1017.3885551691432,65.0557620817844,14.534883720930232,304.7552081203078,,,280.0406224246575,15.22905808710847,2.1755797267297816,0.8702318906919125,0.0,49.86428733664659,11.225991389925674,38.63829594672092,59.83811909809212,0.4858208190574277,28.663892741562645,48.818897637795274,85.75737987502693,35.783365570599614,,15.60883258520031,48.84447368110074,288.1927850429393,10.279519585263058,0.8447412353923205,230.87300057814608,0.9089085587672784,45.515722500917654,975.0566893424036,208.50756100978225,65.62246969811899,369.26353393789503,5898.0,568.3175949123145,0.8114883648981464,462.1314082956075,1019.047619047619,666.2797528220309,385.9233305853256,0.4062394031875212,3777.0,2247.0,4266.378948191135,618.3626913645378,3648.016256826598,903.126656160067,275.254347025852,234.09237859612452,149.67988519900896,1441.753883985824,378.7098103874691,544.5468529320688,1000.5238963709344,3360.559586392666,287.27089868005413,,0.869510509142086,2016,600.6572831239118,16.65979664743061,0.1877669635134404,54.04140041196778,140.08321775312066,238.18897637795274,503.9862098685628,246.61508704061896,76.28187537605957,238.31376271827375,1693.675688983505,70.84533768221837,74.2689342958522,6.349206349206349,123.93297502371168,36.059479553903344,18.6046511627907,107.07752448053289,2.4045067326188514,34.11309011512298,8.441249339711552,2.7847420502141205,,0.0,,0.1080836341381162
Alpine,76.92307692307693,0.1723463087888251,5.802271061257796,-4.802271061257796,0.073694,-0.353898563588332,5668.7692307692305,-27222.9664298717,83.33333333333333,0.0,0.0,****,****,126.58227848101266,,,0.0,126.58227848101266,0.0,0.0,0.0,0.0,0.0,0.0,76.92307692307693,0.624532201186422,0.0,****,****,200.0,,0.0,0.0,****,617.283950617284,****,0.0,0.0,0.0,0.0,0.0,0.0,0.0,1.0,76.92307692307693,0.109836792796945,83.33333333333333,0.0,245.7002457002457,0.0,0.0,1.0,0.0,3484.320557491289,522.6480836236934,2961.6724738675957,1645.5696202531649,632.9113924050632,126.58227848101266,0.0,2948.4029484029484,261.0966057441253,1225.9194395796849,1754.3859649122803,****,3086.4197530864194,,1.1538349133834764,2016,245.7002457002457,0.0,-0.6153846153846153,126.58227848101266,0.0,****,****,200.0,0.0,0.0,****,617.283950617284,83.33333333333333,0.0,0.0,1000.0,****,245.7002457002457,0.0,0.0,126.58227848101266,0.0,,****,,0.1434262948207171
Amador,334.23913043478257,0.7488634449818784,164.248903887913,-41.248903887913,9.064362,-3.039796723115861,24631.418478260868,-8260.317182380062,452.1072796934866,46.72897196261682,950.6172839506172,220.33898305084745,142.85714285714286,491.80327868852464,,,307.8768492602959,51.97920831667333,35.98560575769692,3.9984006397441023,0.0,219.9120351859256,59.97600959616153,159.93602558976409,122.28260869565216,0.9928025480816762,116.54135338345864,150.0,90.9090909090909,150.0,,159.13757700205338,173.96346767178892,267.022696929239,450.4504504504504,0.545353572750833,220.19021739130432,0.8668522202363073,141.14942528735634,605.8878504672897,323.9904038384646,263.3874311861014,588.1339018416039,204.03,554.429347826087,0.7916576381703507,593.256704980843,652.6168224299065,1107.0279545292058,633.4936042819559,0.3971474783120129,154.84,69.83,2046.19397165981,247.37167594310452,1798.8222957167056,1471.4114354258295,323.8704518192723,235.90563774490204,251.89924030387849,1866.018445699578,970.6976322235328,1365.5030800821355,1159.7564511452597,2937.2496662216286,3003.003003003003,,0.7122891183514328,2016,843.6405233431043,45.359702440351995,-0.3420489558370422,179.9280287884846,278.1954887218045,575.0,454.5454545454545,400.0,379.8767967145791,666.8599594085242,1335.113484646195,1201.2012012012012,149.42528735632186,56.074766355140184,197.5308641975309,220.33898305084745,31.746031746031743,278.8303424608565,54.43164292842239,63.97441023590564,51.97920831667333,7.996801279488205,,0.0,,0.0885403864116808
Butte,469.3978282329714,1.0516867796427662,904.2616284698688,46.73837153013107,70.082994,3.444337551541479,34591.80355380059,1700.067893159663,577.7488614183475,128.83435582822085,1085.5704697986578,292.7835051546392,175.9036144578313,623.2387443475982,,,424.0120584573039,93.05983354086112,47.84061865128776,11.796316927714791,3.932105642571597,98.30264106428994,26.869388557572577,71.43325250671735,167.32477788746297,1.3584962540121233,159.42968243681142,169.42148760330576,257.1428571428571,158.4158415841584,,216.36835392937243,185.13501309491556,1469.9877501020826,111.8881118881119,0.5607142857142857,276.4067127344521,1.088167201344256,160.05204944697462,985.6850715746422,366.99652664001576,318.5744441134954,639.503257220947,1511.0,745.8045409674236,1.064918124832375,737.8009108653221,1114.519427402863,1468.5504862792836,723.0897825423572,0.3706154864328259,1134.0,545.0,3596.668517490283,350.9161576901721,3245.7523598001108,1327.741005308343,390.5891604954453,317.84520610787075,271.9706402778688,1990.442766676595,648.790648923326,1357.1397159065923,1092.7481260724282,5716.619028174765,706.2937062937062,,1.6050315304523677,2016,1149.9760421657882,83.5865253214101,-0.3338094972566401,222.16396880529524,418.6649384316267,611.5702479338843,735.7142857142858,534.6534653465346,568.1868156031487,668.2922423914025,4205.798285014292,377.6223776223776,200.3903708523097,63.394683026584865,291.94630872483225,138.14432989690724,67.46987951807229,398.8655641746202,41.12987753910655,114.03106363457633,43.90851300871617,18.349826332000788,,0.0,,0.1995118390101098
Calaveras,177.0334928229665,0.396643897260406,186.56533104659684,-112.56533104659684,5.453356,-8.295389506147908,13046.306220095694,-19845.42944054524,216.9811320754717,50.0,318.4713375796178,166.66666666666666,32.608695652173914,254.01620211451325,,,171.63256899629275,27.461211039406837,10.297954139777564,3.4326513799258547,0.0,41.19181655911026,6.865302759851709,34.32651379925855,59.80861244019139,0.4855812569033185,66.8896321070234,29.41176470588235,181.8181818181818,25.0,,82.96001327360213,63.51222610352493,840.3361344537815,61.087354917532075,0.5368421052631579,227.27272727272725,0.8947348822741326,138.36477987421384,750.0,326.1018810929562,303.2600454890068,512.8906517130547,169.0,404.3062200956938,0.577300080801168,355.3459119496855,800.0,778.8269350058584,547.0833618272585,0.5621301775147929,113.0,80.0,1861.981201580675,397.4012636467147,1464.57993793396,1434.8482768090073,538.9262666483592,164.76726623644103,315.80392695317863,2191.743056034186,683.854202284073,1240.2521984403518,2159.415687519848,4621.848739495798,2443.494196701283,,0.686133092658985,2016,475.5668895168516,34.192710114203656,-0.3391806912169969,85.81628449814637,197.32441471571903,102.94117647058823,90.9090909090909,175.0,244.73203915712625,222.29279136233723,420.16806722689074,427.61148442272446,75.47169811320754,10.0,63.69426751592356,83.33333333333333,32.608695652173914,165.41457026673098,6.8385420228407305,34.32651379925855,13.73060551970342,10.297954139777564,,0.0,,0.0852890877997307
Colusa,244.9664429530201,0.548847808861057,133.00590586575566,-60.005905865755665,5.379662,-4.422075226870998,18052.557046979862,-14839.178613661064,311.68831168831167,14.92537313432836,697.3684210526316,238.09523809523807,90.9090909090909,512.6764519980336,,,372.2171500807641,70.22965095863474,14.045930191726947,0.0,0.0,42.13779057518085,7.022965095863474,35.11482547931737,110.73825503355704,0.8990748802314599,75.75757575757576,106.06060606060606,400.0,208.33333333333337,,182.4817518248175,173.5895846249225,3809.52380952381,848.8964346349745,0.5666666666666667,302.013422818792,1.188976554968311,168.83116883116884,1149.2537313432836,632.0668586277127,532.3505323505324,1113.843483292348,163.0,546.9798657718121,0.7810206843514313,480.5194805194805,1164.179104477612,1515.1515151515152,1128.3089830753654,0.5521472392638037,111.0,78.0,1798.4648339878613,205.2838272045698,1593.1810067832917,2092.843598567315,533.745347285624,294.9645340262659,154.5052321089964,3153.1531531531527,969.1884854621728,2408.7591240875913,1636.7017978921265,9523.809523809523,4074.7028862478783,,0.951857400488492,2016,982.8009828009828,14.465499783017504,-0.2707161567340871,231.75784816349463,196.96969696969697,265.1515151515151,500.0,291.6666666666667,474.4525547445255,433.9739615623063,4761.9047619047615,1188.4550084889645,138.52813852813853,14.92537313432836,236.8421052631579,166.66666666666666,45.45454545454545,436.8004368004368,14.465499783017504,126.41337172554252,49.16075567104432,7.022965095863474,,0.0,,0.1183196821020193
Contra Costa,227.31625568589897,0.5093025287370989,3728.628649672895,-1829.6286496728949,139.944906,-134.83265370899434,16751.844146516636,-16139.891514124294,278.3599088838269,37.30921424533635,699.7858672376873,50.689526649273205,46.73807205452775,247.9827730977214,,,213.377488805517,17.759693070716224,6.268126966135139,1.0446878276891898,0.2611719569222974,41.39575517218414,10.31629229843075,31.079462873753393,44.768972947091214,0.3634756478535293,36.12424037812289,50.15045135406219,50.194414987628136,43.936731107205624,,29.81240474658063,53.936268904662256,199.48022757603428,16.635724219618176,0.7985125084516566,177.04093847258798,0.696980694264681,45.254365983295365,693.0469191633691,193.13666214403895,79.21171057423174,314.7043422011849,3378.0,404.357194158487,0.5773728655596175,323.6142748671222,730.3561334087055,566.4434739385498,331.64601152033515,0.4378330373001776,2131.0,1292.0,2905.9363090697,344.72260229720666,2561.213706772494,1090.9152640644363,304.91825970678224,350.362180211262,134.11179987959972,1750.366154803074,454.0880761451029,825.2742323305779,1075.4892019589654,3974.1518578352184,378.6290832385097,,0.6843524737064017,2016,487.23176336431806,16.941669319150247,0.2110615646558282,48.839155944469624,152.93720459149225,204.6138415245737,315.65924354895725,254.83304042179265,126.21513411402827,220.059977131022,1254.4777691929478,96.48720047378544,54.21412300683371,9.609949123798756,92.07708779443254,27.95378307864331,20.44790652385589,94.8945660234924,4.363763309478094,28.075985369146977,9.793948384586152,2.742305547684123,,0.0,,0.0850677497418384
Del Norte,391.71974522293,0.8776488781953227,140.14716255653448,-17.147162556534482,9.064362,-1.2636429974412522,28867.394904458597,-4024.3407561823337,508.7719298245614,81.39534883720931,506.49350649350646,310.3448275862069,272.7272727272727,681.063122923588,,,431.8936877076412,99.66777408637871,49.83388704318936,0.0,5.537098560354375,193.7984496124031,38.75968992248062,155.03875968992247,162.42038216560508,1.3186778642885275,125.52301255230124,357.14285714285717,1000.0,237.28813559322035,,257.75410258613283,151.92950470981464,261.437908496732,591.9661733615222,0.5666666666666667,286.62420382165607,1.1283917623584605,171.05263157894737,813.953488372093,498.33887043189367,382.4279270445185,890.3586873569066,213.0,678.343949044586,0.9685926090915312,679.8245614035088,895.3488372093024,1519.9058638948811,979.3945560925972,0.4225352112676056,155.0,77.0,2869.8224852071007,621.301775147929,2248.5207100591715,1738.6489479512736,852.7131782945736,321.15171650055373,182.72425249169433,2235.7324965679545,1093.869244467057,2053.441017269525,425.402613187481,261.437908496732,2494.714587737843,,1.6987225364828369,2016,1137.4779368503628,89.03586873569067,0.0254443592223299,282.3920265780731,326.3598326359833,1000.0,5000.0,355.9322033898305,670.1606667239454,425.402613187481,1307.1895424836603,887.9492600422832,188.5964912280702,93.02325581395348,123.37662337662336,206.8965517241379,151.51515151515153,421.65130417728966,101.75527855507504,105.20487264673312,66.44518272425249,27.685492801771872,,0.0,,0.2111580058032181
El Dorado,313.6645962732919,0.702766159750706,574.8711636076956,-170.87116360769562,29.772376,-12.59217953090552,23115.198757763977,-9776.536902876953,385.0156087408949,103.97553516819572,695.9619952494062,217.55725190839695,162.962962962963,325.3551525303611,,,235.96301903810843,45.904068550075706,17.71735979125729,4.0266726798312025,0.8053345359662403,79.7281190606578,10.469348967561125,69.25877009309667,106.3664596273292,0.8635806291250137,92.3226433430515,174.49664429530202,150.94339622641508,140.35087719298244,,95.92858873899344,172.59691980881573,858.3690987124463,87.48906386701663,0.5226666666666666,291.14906832298135,1.146205400428819,186.264308012487,944.954128440367,302.0004509873402,286.5283647073889,500.8103727714749,779.0,604.8136645962733,0.8636003110672844,571.2799167533818,1048.9296636085628,878.7936995774107,555.9157212317666,0.4813863928112965,549.0,343.0,1862.8515582582256,211.20642849386468,1651.645129764361,1037.2708823245175,339.0458396417872,210.99764842315497,108.72016235544244,1538.2891535407864,529.9837925445705,1039.0580822360448,989.1131173659056,5686.695278969957,623.3595800524935,,0.6173068832021698,2016,592.2653348700218,55.10534846029174,0.2966705096043485,110.33083142737492,299.31972789115645,328.8590604026846,528.3018867924528,333.3333333333333,311.01058243799986,325.2788104089219,3004.291845493562,207.78652668416447,134.23517169614985,24.464831804281346,190.02375296912115,87.78625954198472,88.88888888888889,206.49250864387247,12.965964343598056,64.42676287729924,18.52269432722353,9.664014431594884,,0.0,,0.0767337146744725
Fresno,446.473482777474,1.0003247374742532,4081.674527323273,1.325472676726804,300.892602,0.0976793834387051,32902.416839803176,10.681179162245826,527.0796935895713,94.48356807511738,777.1530794786609,277.1349862258953,188.4272997032641,644.7558123560037,,,480.2112234569208,79.42987352806021,20.054858723784587,8.369350491028214,0.7895613670781334,206.5492536276397,30.319156495800325,176.2300971318394,157.02569710224165,1.2748788553032395,127.63819095477386,156.7804691970246,191.65487977369168,178.71485943775102,,123.90304342948014,257.4244402897434,847.8553327284673,115.60843811701132,0.693304535637149,303.7725533078185,1.195901958776728,114.50073914796398,1443.075117370892,438.6802955486109,267.18598590688003,782.1644867423278,6861.0,750.2460360852925,1.071260039358985,641.5804327375353,1537.5586854460096,1497.1195970885508,833.3757443126876,0.404897245299519,4774.0,2620.0,3817.797111353511,604.6403951543849,3213.156716199126,1444.107740385906,617.9107258753472,286.61077624936246,106.43287228213238,2333.486996635087,542.0123161484045,970.7364426167932,1641.9420199989352,4423.865094014955,646.8876649693442,,1.5629849901718202,2016,1229.9336111816708,51.21125757035982,0.1131226197394017,226.7620246248399,364.82412060301505,417.50905969864584,620.9335219236209,582.3293172690763,354.14806901497076,685.5256688494505,2746.9261333416766,376.7016522913853,182.23357075661872,46.948356807511736,203.16892409915667,137.7410468319559,94.95548961424333,425.2396677109499,25.446587612601153,125.5402573654232,39.47806835390667,10.106385498600108,,0.0,,0.194285285876278
Glenn,325.8785942492013,0.730131646817834,139.7008340133608,-37.7008340133608,7.516788,-2.778325261780611,24015.29712460064,-8876.438536040288,399.15966386554624,93.33333333333334,528.0,190.47619047619045,285.7142857142857,550.0431406384815,,,355.9102674719586,64.71095772217429,53.92579810181191,21.570319240724764,0.0,183.3477135461605,5.392579810181191,177.9551337359793,102.2364217252396,0.830049187519334,85.1063829787234,126.31578947368422,0.0,285.7142857142857,,158.91934843067142,165.54007449303353,0.0,368.66359447004606,0.7608695652173914,293.9297124600639,1.1571523333692295,92.43697478991596,973.3333333333334,496.1173425366695,233.0014827367083,802.0215337288508,194.0,619.8083067092651,0.8850108352520618,491.5966386554622,1066.6666666666667,1239.144249099767,878.9277081960008,0.4742268041237113,117.0,80.0,2277.026794620438,354.2806039968355,1922.7461906236024,1687.8774805867126,674.0724762726488,339.73252804141504,188.74029335634168,2520.6524041516627,823.9947264337508,1867.3023440603895,1310.5255897365157,11267.605633802817,1290.3225806451612,,1.3359726496107034,2016,1006.1427663630589,76.90617446715008,0.0454879507513676,172.5625539257981,281.9148936170213,410.5263157894737,187.5,500.0,526.420341676599,538.005242102359,2112.676056338028,645.1612903225806,100.84033613445378,106.66666666666669,128.0,95.23809523809524,114.28571428571428,254.1834357127727,87.89277081960009,86.28127696289906,32.35547886108714,21.570319240724764,,0.0,,0.1660667439448477
Humboldt,286.02941176470586,0.6408494731949179,607.0068187162003,-218.0068187162003,28.666966,-16.065794498471668,21078.651470588236,-11813.084190052694,348.03001876172607,61.224489795918366,708.133971291866,159.42028985507244,106.19469026548673,412.61389310224126,,,313.9684122320396,35.003235147490905,25.456898289084293,3.1821122861355366,1.0607040953785123,47.73168429203305,3.1821122861355366,44.54957200589752,91.17647058823528,0.7402543443474354,79.72440944881889,72.07207207207207,114.28571428571428,165.6441717791411,,110.64364550322368,86.1790369492621,686.695278969957,254.21335090857733,0.7046070460704607,271.3235294117647,1.0681555550443247,102.25140712945591,1071.428571428571,391.399811194671,227.43396068939617,679.5969881987444,758.0,557.3529411764706,0.7958321736919827,450.281425891182,1132.65306122449,1001.5440470725702,718.4311018101012,0.4868073878627968,480.0,333.0,3441.2062960186945,501.1536822303543,2940.05261378834,1442.5575697147767,443.37431186821806,219.56574774335203,239.71912555554377,2224.262404540333,634.290522318828,1387.8264670527813,1195.7341376710117,6008.583690987124,1534.6954147443744,,1.5377646708138148,2016,774.110086383174,38.83411361135682,-0.0047689221826517,131.52730782693553,249.0157480314961,252.25225225225222,314.2857142857143,527.6073619631901,345.59064583105675,301.62662932241733,1888.412017167382,809.7165991902834,109.7560975609756,23.809523809523807,157.89473684210526,86.95652173913044,66.3716814159292,244.126361473939,15.102155293305431,70.00647029498181,19.09267371681322,15.910561430677683,,0.0,,0.1911502993043196
Imperial,216.90962099125363,0.4859864427421329,765.4534515428554,-393.4534515428554,27.414168,-28.995158657999188,15984.937609329443,-16906.798051311485,263.62297496318115,39.21568627450981,661.8357487922706,134.54545454545456,71.74887892376681,317.0841892617564,,,233.5512576820464,31.537943555604805,27.276059291333887,0.0,0.0,79.2710473154391,11.08089908710439,68.1901482283347,79.3002915451895,0.6438326132347487,63.197026022304826,80.15267175572518,107.52688172043011,93.02325581395348,,110.12502429228476,111.19936457505958,244.6183953033268,118.72959335114278,0.5552995391705069,253.0612244897959,0.9962599015689118,142.12076583210603,1098.0392156862747,369.9315541387158,318.7290472808944,690.5542049818554,806.0,469.97084548104954,0.6710611748841924,405.7437407952872,1137.2549019607843,909.9466582993412,715.2168551597788,0.5384615384615384,551.0,406.0,3136.938506173961,361.1940776994715,2775.7444284744893,1461.8263026449254,352.8840170816321,234.4036345349006,380.1600763729661,2242.663451852097,628.8975795370468,1742.5665608602706,1387.3444532697908,2274.951076320939,1276.3431285247848,,1.5260650097745978,2016,591.2176110184466,24.662650177923407,0.255264010366051,115.923251988169,204.46096654275092,202.29007633587787,419.35483870967744,302.3255813953488,356.2868432985684,280.64601535610274,954.0117416829745,385.871178391214,94.2562592047128,22.408963585434172,185.9903381642512,83.63636363636364,31.390134529147982,211.3850676267072,14.092942958813373,65.63301766977216,19.60466761564623,11.933275939958577,,0.0,,0.1896959846410611
Inyo,201.00502512562815,0.4503521636692916,88.81938009156165,-48.819380091561655,2.94776,-3.5976953964675444,14812.86432160804,-18078.871339032892,230.26315789473685,106.38297872340424,254.3859649122807,107.14285714285714,272.7272727272727,334.9803199062055,,,242.860731931999,25.123523992965413,25.123523992965413,0.0,0.0,92.11958797420652,0.0,92.11958797420652,80.40201005025126,0.6527773761144512,54.54545454545454,148.14814814814815,0.0,98.36065573770492,,77.28970758727296,167.57436112274823,0.0,351.288056206089,0.46153846153846156,261.3065326633166,1.0287203068558872,184.21052631578945,893.6170212765957,435.47441587806713,460.3748766853009,716.8458781362007,92.0,462.3115577889447,0.6601246441464637,414.4736842105263,1000.0,1035.843472541927,802.1846731524151,0.5652173913043478,63.0,47.0,2402.273580352834,611.2928307147836,1790.9807496380502,1666.5270915333724,954.6939117326856,234.48622393434383,92.11958797420652,2499.1779020059193,802.1846731524151,1416.9779724333378,1131.1269375785505,1204.8192771084339,3571.428571428571,,0.9382538116219774,2016,575.468595856626,85.33879501621436,-0.5746825536910112,133.9921279624822,127.27272727272728,259.25925925925924,0.0,311.4754098360656,180.34265103697024,293.2551319648094,0.0,1112.4121779859486,98.6842105263158,21.27659574468085,87.71929824561403,35.714285714285715,90.9090909090909,246.62939822426836,17.067759003242877,83.74507997655138,8.374507997655137,8.374507997655137,,0.0,,0.116628701594533
Kern,421.7344753747324,0.944896941557748,4168.70859324214,-229.7085932421396,290.280666,-16.92814507038624,31079.300428265524,-1812.4352323754065,497.1466489714665,106.92520775623268,787.7475247524752,223.44178753430026,303.26086956521743,687.1191756663172,,,444.1242501260329,99.43080226702229,48.668761109647754,10.640840242611157,0.3488800079544641,273.3474862323227,45.00552102612589,228.3419652061968,150.96359743040685,1.2256611614290274,126.70623145400594,163.1818181818182,175.09157509157507,126.82926829268293,,194.72731335592232,253.69859335083547,740.052639727512,67.22862905311061,0.6812064965197215,230.72805139186295,0.9083379179575296,91.1745189117452,1047.645429362881,375.9182085709352,229.9319910035343,688.9415948032454,6094.0,652.4625267665954,0.9316370876830384,588.3211678832116,1154.5706371191136,1483.680518367784,759.2566280116148,0.3536265178864456,4433.0,2084.0,4240.523558089256,576.831789640875,3663.691768448381,1629.2696371473476,563.7900928544141,444.9964501459191,160.4848036590535,2521.8887222876724,657.6095074668737,1536.8408571650075,1554.698900757209,4226.660473757548,530.0718829187567,,1.4433715583448576,2016,1253.7485273642496,70.3150332083693,0.1398229064181955,245.96040560789723,312.75964391691394,436.3636363636363,630.7692307692307,507.3170731707317,480.6617992438925,678.4140657849639,2666.0473757547607,268.91451621244244,170.93563370935632,67.59002770083103,185.3341584158416,126.6170129361035,121.73913043478261,431.0806468887223,44.44784482601583,104.48956238236202,56.344121284645965,19.53728044544999,,0.0,,0.1794168578726351
Kings,807.2983354673495,1.808753546719084,697.165184437283,563.834815562717,92.928134,41.55124289807887,59493.04353393086,26601.30787328993,999.172870140612,150.1416430594901,1819.8757763975152,349.62406015037595,852.4590163934425,1338.1298017742688,,,932.7645485801604,98.68839933783266,110.36122076488816,20.16214610127764,4.244662337111083,504.0536525319411,100.81073050638824,403.2429220255529,266.32522407170296,2.16227281947258,253.5612535612536,252.8977871443625,236.8421052631579,583.3333333333334,,264.7233789411065,504.93362226757273,652.930934416715,678.185047634426,0.8077803203661327,279.76952624839953,1.101406038179707,69.4789081885856,1053.8243626062322,463.7293603293858,155.29385664898044,926.6409266409266,1698.0,1087.067861715749,1.5522006172853804,1068.6517783291977,1203.9660056657224,2388.567414172413,1058.6623489849296,0.2573616018845701,1292.0,425.0,2547.404070759737,427.6908043130509,2119.7132664466862,1657.540642641878,512.5429772061632,282.270045417887,129.46220128188804,2235.122293912111,879.312492215718,1044.0214158239144,1996.5916980496936,2756.8195008705743,1162.602938801873,,1.2855291794804242,2016,2233.273557523433,132.021422344003,-0.3452037184951338,441.4448830595526,806.2678062678062,731.2961011591148,1105.2631578947369,1027.7777777777776,841.7608566329565,1460.0997243903978,3047.0110272780034,1194.897464879703,316.79073614557484,93.48441926345608,422.360248447205,206.76691729323304,319.672131147541,708.0660368638036,82.20201768588865,216.47777919266525,58.36410713527739,41.38545778683306,,0.0,,0.1597964188448125
Lake,329.1139240506329,0.7373804097547199,458.3794138393659,-120.37941383936597,24.908572,-8.871240523478233,24253.721518987342,-8638.014141653588,412.79799247176913,39.130434782608695,672.2408026755853,243.42105263157896,82.53968253968254,795.1070336391437,,,472.8299223712068,87.03834391907786,61.16207951070336,4.704775346977182,2.352387673488591,174.07668783815572,21.17148906139732,152.90519877675845,133.39824732229798,1.0830495134498712,141.73228346456693,95.02262443438913,125.0,165.2173913043478,,286.69724770642205,280.823749665686,943.3962264150942,655.6245686680469,0.64,267.7702044790652,1.054166706476826,124.21580928481806,1008.695652173913,646.9066102093625,463.2662611137108,1097.445600756859,613.0,596.8841285296982,0.8522778985383204,537.0138017565872,1047.8260869565215,2002.80767430978,1140.018921475875,0.4486133768352365,428.0,241.0,3262.8055521434712,581.9309667117062,2680.874585431765,2415.902140672783,703.3639143730887,357.5629263702658,741.0021171489062,3729.52737482452,1087.9848628193,2022.8083588175332,2955.335651243648,7547.169811320754,3968.253968253968,,1.5566106589020483,2016,1539.5414131960692,42.57332071901608,-0.2564077631029533,322.27711126793696,346.45669291338584,203.61990950226243,517.8571428571429,382.60869565217394,700.815494393476,601.7651778550414,3908.355795148248,1518.288474810214,166.8757841907152,17.391304347826086,214.04682274247492,98.6842105263158,31.746031746031743,622.3678053345812,18.921475875118254,150.55281110326982,35.28581510232887,23.52387673488591,,0.0,,0.1934929310035152
Lassen,428.0821917808219,0.9591190129515094,130.3279346067136,-5.3279346067135975,9.21175,-0.3926368129071518,31547.089041095893,-1344.6466195450375,577.4647887323944,25.31645569620253,750.0,196.96969696969697,425.0,558.5094499798936,,,361.91412358697113,58.08498279790894,75.95728519726555,4.468075599839149,4.468075599839149,236.80800679147492,58.08498279790894,178.723023993566,85.61643835616438,0.6951128951561204,52.863436123348016,296.2962962962963,142.85714285714286,125.0,,81.70490910328863,194.03347077370847,90.29345372460496,221.23893805309737,0.5790754257907542,281.5068493150685,1.108245589797631,162.4413145539906,905.0632911392404,367.2758143067781,231.950124019575,957.9314040728832,207.2,709.5890410958904,1.013206798211819,739.9061032863849,930.379746835443,1056.5127036267345,984.726688102894,0.3967181467181467,157.6,73.5,2408.2232011747433,734.2143906020558,1674.0088105726873,1304.6780751530316,482.55216478262815,294.89298958938383,178.723023993566,1427.901052490447,1058.4137191854234,1545.58453053721,654.862963861266,632.0541760722348,1769.9115044247787,,1.124563961373608,2016,824.5625796071597,26.795284030010716,-0.3161626329379842,111.70188999597872,233.48017621145377,1407.4074074074074,1357.142857142857,625.0,360.86334853952474,921.6589861751152,857.7878103837472,1106.1946902654868,107.981220657277,25.31645569620253,120.37037037037037,75.75757575757576,125.0,154.18649862572903,26.795284030010716,58.08498279790894,22.34037799919575,22.34037799919575,,0.0,,0.139787798408488
Los Angeles,608.0735093309057,1.3623899224708342,31378.681899282165,11371.318100717835,3150.4185,837.9979161143001,44811.36919663178,11919.633535990848,718.5131784853974,140.42141314868587,1288.768606224628,251.63947753509296,177.90845151619968,608.5454298024697,,,474.5088504569714,66.09301591983314,21.96457539614528,4.5836638221379005,0.711749040704643,198.64915726066587,37.79387406141654,160.8552831992493,144.98463814292217,1.177118477569009,107.91547878584603,144.9099818311953,179.1894852135816,97.57383966244726,,67.13548483348364,155.7948645703418,556.3859400320705,32.426387717936,0.6290957581915164,223.99863450159307,0.8818453242295371,102.70251261582824,1021.7407490134764,224.1724778603343,167.03384944819632,388.96818981126125,58498.0,832.0721438324988,1.1880977635051202,821.2156911012255,1162.162162162162,1335.613069419279,442.42545177905544,0.269205784813156,46705.0,15609.0,3016.596043989561,550.881321153223,2465.7147228363383,1000.7760911539845,368.18777875651176,262.6496310008273,123.45998860062736,1626.3852284997895,380.6916678098849,622.1117265921725,1075.1147892063518,3105.0144452889995,332.3266546659819,,1.1086269781415703,2016,1168.579219971083,53.45726196779412,0.2134773684512187,145.0971594380485,345.12829112862653,565.4627539503387,861.829134720701,621.3080168776371,214.70835708983583,607.9373695173615,2675.991912678696,206.47721476610056,166.1948552036995,55.17087335269154,201.77846510728784,116.68744241504524,79.09604519774012,270.2968575559582,21.00309179116407,74.29236486875062,30.647913692741923,9.765196838467702,,0.0,,0.1378067676483005
Madera,479.01821060965955,1.0732412657356367,563.7129500283536,41.28704997164641,44.58487,3.0426078606105107,35300.76801266825,2409.032352027323,487.1550903901047,438.6792452830189,1076.923076923077,257.1428571428571,142.01183431952663,610.8766332114945,,,438.2156344029564,45.4371049496153,48.46624527958966,3.0291403299743536,2.0194268866495686,227.1855247480765,30.291403299743536,196.89412144833295,155.18606492478227,1.2599430313721325,101.94174757281552,163.4349030470914,250.0,363.6363636363636,,115.5433287482806,217.4473887885601,613.1834440470108,266.19343389529723,0.7189054726368159,318.28978622327793,1.253053887384391,107.51665080875355,1669.811320754717,405.9048042165633,238.88043294435988,684.2695326091159,1007.0,797.3079968329374,1.1384587921653264,594.6717411988583,2108.490566037736,1321.2413326568576,864.0352572776123,0.3992055610724925,625.0,447.0,3037.387679600239,657.7045853056977,2379.683094294541,1275.2680789192027,406.91451765988813,176.69985258183726,341.2831438437771,2221.799424995772,409.7885336529168,1133.4250343878955,1330.483175468986,2452.733776188043,732.0319432120674,,1.304391256310116,2016,1082.360899712498,179.76572466849657,-0.1703875812094569,197.90383489165777,342.2330097087379,465.37396121883654,906.25,1242.4242424242425,387.8954607977992,619.1722257030185,2222.789984670414,909.4942324755988,166.50808753568032,99.05660377358492,233.25062034739457,165.7142857142857,50.29585798816568,369.9475731439202,40.592260409015346,94.91306367252972,29.281689856418748,17.165128536521337,,0.0,,0.1621410504389227
Marin,233.30515638207947,0.5227206728100628,528.0066665744595,-252.00666657445947,20.339544,-18.571379286538217,17193.190194420964,-15698.545466219966,291.85022026431716,40.0,441.70403587443946,148.14814814814815,61.40350877192982,159.16312490268558,,,113.60556378923576,29.98725541644801,4.036745921444925,1.1533559775556923,0.0,56.514442900228936,14.993627708224006,41.52081519200494,66.77937447168217,0.5421763065244763,44.72271914132379,60.810810810810814,114.81481481481481,86.20689655172414,,20.30011692867351,61.23907052699622,589.5777862305058,32.04306588054345,0.7575757575757576,278.9518174133559,1.0981868546593752,88.1057268722467,1029.090909090909,190.3037362966893,92.37661947761022,326.0180865157537,606.0,512.2569737954353,0.7314406201642712,379.9559471365639,1069.090909090909,398.3741714971941,338.69016761707275,0.5445544554455446,345.0,294.0,2070.2203550143017,180.4320492902373,1889.7883057240645,682.2100607241922,257.1983829949195,202.41397406102405,65.74129072067448,1048.474631070876,316.80202753297624,453.9106145251397,1007.0424931106046,5135.032331685052,371.699564214304,,0.5749654159617124,2016,305.99755201958385,12.672081101319048,-0.2184081863246918,45.55756111344986,198.56887298747765,219.5945945945946,296.2962962962963,344.82758620689657,90.13251916331038,221.14108801415304,1521.4910612400151,128.1722635221738,78.19383259911893,29.09090909090909,78.47533632286996,79.77207977207978,26.31578947368421,81.98424978637907,9.21605898277749,20.18372960722462,16.1469836857797,1.7300339663335391,,0.0,,0.0714705009398806
Mariposa,442.30769230769226,0.990991275535744,69.62725273509355,-0.6272527350935491,5.084886,-0.046224763059984,32595.42307692308,-296.31258371785225,528.0,96.77419354838707,779.4117647058823,500.0,23.809523809523807,581.6894284269094,,,446.8049232844377,75.87253414264036,8.430281571404485,0.0,0.0,160.17534985668522,50.58168942842691,109.5936604282583,160.25641025641028,1.3011087524717126,160.71428571428572,120.0,500.0,176.47058823529412,,183.5798062213157,267.1415850400712,943.3962264150942,362.3188405797101,0.4,224.35897435897436,0.8832639222449771,168.0,903.2258064516128,295.059854999157,348.60557768924303,479.6163069544364,104.0,666.6666666666666,0.9519188709068568,696.0,1000.0,1444.2231075697212,531.0037684138404,0.3365384615384615,87.0,31.0,1777.9008584879537,443.0905566325118,1334.8103018554416,1315.1239251390996,573.2591468555049,151.74506828528072,354.0718259989884,2075.0332005312084,531.0037684138404,1142.2743498215195,2226.1798753339267,1886.7924528301885,2053.140096618358,,1.0107174164999069,2016,1095.617529880478,51.38746145940391,0.0434246103035911,210.75703928511217,473.2142857142857,240.0,1000.0,470.5882352941176,540.5405405405405,534.2831700801424,1886.7924528301885,966.183574879227,184.0,64.51612903225806,235.2941176470588,166.66666666666666,47.61904761904761,381.8061088977424,34.258307639602606,134.88450514247177,25.290844714213456,16.86056314280897,,0.0,,0.1256362175194214
Mendocino,328.6252354048964,0.7362855018596038,474.0009128504446,-125.0009128504446,25.719206,-9.211817271600664,24217.708097928436,-8674.027562712494,392.7710843373494,99.13793103448276,595.8005249343831,209.67741935483872,172.0430107526882,592.9726790811472,,,385.6871007204023,66.26342259072992,54.36998776675276,11.893434823977165,5.097186353133071,118.93434823977164,6.796248470844095,112.13809976892756,129.94350282485874,1.05500072403808,110.32531824611031,121.21212121212122,281.25,216.0,,193.74549790109043,181.47448015122873,2093.0232558139533,546.3375151760421,0.6262295081967213,287.1939736346516,1.1306348512352975,137.34939759036143,1133.6206896551723,518.2139459018622,383.59298765099766,902.6323918042352,654.0,615.819209039548,0.8793148892275204,530.1204819277109,1232.7586206896551,1480.5343383020963,981.5698253080276,0.4663608562691131,440.0,286.0,2303.5001966402606,680.9371312995112,1622.5630653407495,1804.403969009107,647.3426668479,316.0255538942504,316.0255538942504,2792.8261381607726,796.238459690428,1756.129064308602,1497.164461247637,7441.860465116279,2529.3403480372317,,1.316017649203046,2016,1096.941350651099,78.93743350379243,0.2312672739036958,234.47057224412129,278.6421499292787,323.23232323232327,656.25,536.0,489.3315780322412,483.9319470699433,4883.720930232558,1355.7264265479564,155.42168674698794,38.793103448275865,173.22834645669292,91.3978494623656,91.3978494623656,434.0657491840238,30.8885609362666,112.13809976892756,28.8840560010874,28.8840560010874,,0.0,,0.1635862575785412
Merced,364.02990948445495,0.8156097454488869,1134.1208282043124,-209.12082820431235,68.16695,-15.410950313688597,26826.82014954742,-6064.91551109351,425.8464473056747,72.07207207207207,769.8237885462555,149.81273408239701,157.67634854771785,533.2856739289606,,,402.99101197442536,46.122004231693886,21.907952010054597,6.918300634754083,0.5765250528961736,142.40168806535488,16.719226533989033,125.68246153136585,122.78630460448642,0.9968920141724232,94.72259810554804,127.38853503184713,157.70609318996415,163.63636363636363,,128.07377049180326,188.98431430191297,698.6344871387741,104.32968179447052,0.9773413897280967,260.52735143644236,1.025652800113378,7.15307582260372,1367.117117117117,381.6595850172669,17.013940088245636,711.6895298393716,1587.0,624.5572609208973,0.8917917639487497,432.9995231282785,1439.1891891891892,1029.9105066751358,749.2085824832923,0.4171392564587272,908.0,639.0,3354.975973001724,545.8347089248376,2809.1412640768863,1464.950159409177,523.4847480297256,307.8643782465567,138.94253774797784,2378.54882433674,520.5768554344003,1352.0930913348946,1483.5268672700165,4429.977770720864,637.5702776328754,,1.5307698344167031,2016,1012.8965665868902,37.51905264392074,0.1291250294182846,179.87581650360616,269.28281461434375,364.4727530077849,498.2078853046595,654.5454545454545,364.0954332552693,540.7051214749175,2207.0498570974914,417.31872717788207,139.723414401526,42.792792792792795,182.8193832599119,88.01498127340825,95.43568464730289,332.33896305706475,22.27693750732794,95.7031587807648,27.09667748612016,13.260076216611992,,0.0,,0.1902808131623438
Modoc,132.2314049586777,0.2962647291576497,54.00575372401488,-38.00575372401488,1.179104,-2.8007960149375526,9744.661157024791,-23147.07450361614,172.41379310344828,29.41176470588235,388.8888888888889,117.6470588235294,0.0,262.59642212374854,,,229.77186935828,32.82455276546857,0.0,0.0,0.0,16.412276382734284,0.0,16.412276382734284,41.32231404958678,0.3354925047695655,47.61904761904761,0.0,0.0,50.0,,85.47008547008546,0.0,0.0,243.30900243309003,0.5652173913043478,190.0826446280992,0.7483237197201837,114.94252873563218,588.2352941176471,377.48235680288855,327.33224222585926,658.3278472679394,39.0,322.31404958677683,0.4602252392400919,287.35632183908046,617.6470588235294,818.3306055646482,691.2442396313364,0.5897435897435898,25.0,21.0,2154.3985637342907,432.9918682014996,1721.406695532791,1985.8854423108485,590.8419497784344,279.00869850648286,98.47365829640572,2847.7905073649754,1119.1573403554971,1794.8717948717947,1702.1276595744682,1612.9032258064515,4866.1800486618,,1.4199329150145856,2016,490.99836333878886,32.91639236339697,-0.4923938389302199,82.06138191367143,130.95238095238096,187.5,0.0,100.0,235.04273504273505,319.1489361702127,0.0,486.61800486618006,57.47126436781609,0.0,111.1111111111111,58.8235294117647,0.0,163.66612111292963,0.0,65.64910553093713,16.412276382734284,0.0,,0.0,,0.1765033407572383
Mono,223.52941176470588,0.5008180973039975,37.93792616976252,-18.93792616976252,1.400186,-1.3956115311544792,16472.776470588233,-16418.959190052698,238.80597014925377,166.66666666666666,240.0,250.0,125.0,189.2618786731746,,,119.53381810937344,29.88345452734336,9.961151509114451,0.0,0.0,39.84460603645781,9.961151509114451,29.88345452734336,70.58823529411765,0.5731001375593049,90.9090909090909,74.07407407407408,0.0,0.0,,56.385678037778405,81.59934720522236,0.0,0.0,****,0.0,0.0,0.0,0.0,0.0,0.0,0.0,19.0,223.52941176470588,0.3191727978922991,238.80597014925377,166.66666666666666,297.6190476190476,64.33626420759168,0.0,16.0,3.0,1443.5981138919117,268.40768951759156,1175.19042437432,846.6978782747285,498.05757545572266,119.53381810937344,79.68921207291562,1246.279761904762,386.0175852455501,620.2424584155625,1101.591187270502,11764.70588235294,2173.913043478261,,0.9749513631183434,2016,297.6190476190476,64.33626420759168,-0.1058823529411764,59.76690905468672,250.0,222.2222222222222,250.0,100.0,155.06061460389063,244.79804161566705,2941.176470588235,217.3913043478261,74.62686567164178,55.55555555555555,60.0,83.33333333333333,125.0,93.00595238095238,21.44542140253056,29.88345452734336,9.961151509114451,9.961151509114451,,,,0.1211903540277065
Monterey,549.3053202304303,1.2307196764171164,1317.1155309055198,303.8844690944802,119.457974,22.39446206544862,40480.506269061334,7588.770608420404,645.859342488556,125.9124087591241,1119.8934280639432,183.1831831831832,300.72463768115944,559.8361589920877,,,435.504871368922,42.13449191673948,28.665269090896533,5.871199693316157,1.3814587513685077,154.03265077758857,15.54141095289571,138.49123982469288,147.74652660115214,1.1995420251862554,133.8345864661654,145.80031695721078,167.31517509727627,205.8823529411765,,95.9817095528762,170.4661260337597,479.5895605621236,107.90812394018806,0.63646408839779,306.67570315147407,1.2073311762845125,136.91219309196836,1441.6058394160584,312.5550424971248,216.87970098288037,573.0783739082494,2526.0,855.9810233819044,1.2222367339430975,782.7715355805244,1567.5182481751824,1239.9717858626077,623.1320546673244,0.3582739509105305,1881.0,859.0,2769.7113542750535,413.0311088139751,2356.6802454610784,1019.1711938221164,388.88063851023486,230.01288210285657,95.32065384442704,1584.0787886378766,397.5277834198995,717.1667062096931,1169.175277470678,2866.3841177782733,524.1251734237705,,0.9928766390783916,2016,1023.0920848797272,50.05368075907495,0.1902607155588955,150.57900389916733,425.56390977443607,547.2794506075013,708.171206225681,882.3529411764706,305.20026745465134,639.8656035180255,2029.8906981931743,462.4633883150917,171.03620474406992,45.62043795620438,199.82238010657193,99.0990990990991,115.94202898550725,270.93482402420614,18.135391579374986,77.70705476447854,22.794069397580376,11.05167001094806,,0.0,,0.1234185375267216
Napa,284.1918294849023,0.6367323663956592,502.5659396135599,-182.56593961355992,23.58208,-13.454014353881686,20943.232682060392,-11948.502978580538,353.8812785388128,40.0,640.1098901098901,187.19211822660097,156.6265060240964,336.0744404885682,,,244.70420198073876,39.908839808017476,13.653024144848084,3.1506978795803273,1.0502326265267756,99.7720995200437,16.80372202442841,82.96837749561527,101.24333925399644,0.8219864317569071,85.47008547008546,136.09467455621302,70.96774193548387,145.83333333333334,,96.61649050259898,143.79044106154856,560.9382967873534,73.57578305654825,0.923728813559322,209.59147424511545,0.8251267333512072,20.54794520547945,816.0,247.85489986031908,37.38162485462702,433.44311059173486,556.0,493.7833037300178,0.7050624674390042,374.42922374429224,856.0,681.1762751287589,454.6903218952512,0.4244604316546763,328.0,214.0,2194.434486782082,420.3305006712635,1774.103986110818,1182.5619374691494,382.28467605574633,213.19722318493547,87.16930800172238,1819.2390762585144,531.1802825879103,1130.412938880408,1056.5471538870308,7904.13054563998,504.51965524490225,,0.7932168737970229,2016,643.7946502741319,21.247211303516412,-0.090295040061132,119.72651942405244,242.73504273504273,363.90532544378704,212.9032258064516,458.3333333333333,274.3908330273811,384.4831358819668,1682.8148903620604,231.2381753205802,125.57077625570776,16.0,173.07692307692307,103.44827586206895,84.33734939759036,228.44326300049843,8.498884521406566,66.16465547118686,22.05488515706229,7.35162838568743,,0.0,,0.0986000301068794
Nevada,170.28380634390652,0.3815212111084842,267.35079736103233,-165.3507973610323,7.516788,-12.185361660723917,12548.894824707846,-20342.84083593309,212.9032258064516,22.388059701492537,428.57142857142856,140.35087719298244,28.846153846153847,155.4096262550851,,,109.70091265064828,24.377980589032955,4.570871360443679,1.5236237868145597,0.0,33.519723309920316,7.618118934072799,25.90160437584752,60.10016694490818,0.4879483641990743,61.185468451242826,45.45454545454545,71.42857142857143,55.55555555555555,,56.803053164107574,33.800912624640866,392.156862745098,31.98976327575176,0.7803468208092486,288.8146911519199,1.1370153462221533,81.72043010752688,1037.313432835821,263.5869151189188,116.09079522194726,422.49240121580544,275.0,459.0984974958264,0.6555367850568923,294.6236559139785,1059.7014925373137,418.53786698438887,431.61094224924017,0.6290909090909091,137.0,142.0,2047.649971588603,215.11486321941717,1832.535108369186,912.6506483019213,255.96879618484604,173.6931116968598,158.4568738287142,1420.584731005407,407.2948328267477,928.374900150883,743.620077742099,5490.196078431372,575.8157389635317,,0.7639557716265551,2016,302.44707176244157,9.11854103343465,-0.1844645290042791,54.850456325324146,168.2600382409178,204.54545454545456,142.85714285714286,166.66666666666666,156.2083962012958,152.1041068108839,784.313725490196,95.96928982725528,70.96774193548387,22.388059701492537,83.33333333333333,105.26315789473684,28.846153846153847,100.81569058748052,9.11854103343465,21.330733015403837,18.283485441774715,4.570871360443679,,0.0,,0.094962758069085
Orange,390.5850145807297,0.8751065119058363,7499.658510947289,-936.658510947289,483.653722,-69.0261123057495,28783.77206451229,-4107.96359612864,471.6597666541212,84.42296759522456,901.8285105627552,150.2878289473684,159.8997493734336,305.15773767593765,,,236.2031551719889,33.98907606904014,14.832442224382769,1.8133706794699935,0.1859867363558967,68.3036289267031,13.53053506989149,54.7730938568116,110.754032018092,0.899202972284896,94.46361097420731,125.96727134339719,154.58167330677293,62.73764258555133,,61.901573268855216,135.9259183212533,547.7595504983482,21.718384941919773,0.543625216160981,378.5633517824198,1.4903408783575154,218.5171245765901,1588.6867538374077,295.76540748996484,270.1384843583955,519.3962773347508,12924.0,769.1483663631494,1.098250266702394,690.1768912307114,1673.1097214326323,853.2207244513015,546.9970456955347,0.4921850820179511,9169.0,5886.0,2304.94965849629,228.67499578012124,2076.2746627161687,781.2837827470333,261.9158214731916,226.15987140877047,92.76088475750352,1236.234848329757,326.93435384928495,655.295437369603,1079.057416038711,3543.4960612135415,346.17789331666063,,0.7487515291622919,2016,583.082240092906,27.600768360783864,-0.0850667262105184,86.53032908958097,264.4981107277805,465.93936318660406,551.394422310757,372.6235741444867,173.3244051527946,502.7753252708594,1953.8639636332834,128.99404389746292,128.18968761761386,44.91188175099489,150.3639268595775,100.5345394736842,111.2781954887218,158.47255902939978,14.683237040417003,39.382691423361145,22.736878519508384,10.322263867752271,,0.0,,0.0930728099171345
Placer,301.93439865433135,0.6764846283578188,1061.3692756670032,-343.3692756670032,52.912292,-25.30425540100413,22250.753574432296,-10640.982086208634,380.6053811659193,65.65656565656566,658.1059390048154,254.86725663716814,149.0066225165563,289.42743352843485,,,165.27193279478868,58.04672761573067,18.139602379915832,4.434125026201648,0.4031022751092407,120.52758025766298,18.542704655025073,101.9848756026379,133.72582001682085,1.0857090494973374,131.5336013785181,156.02836879432624,108.87096774193549,168.22429906542055,,121.94407612718396,138.49107676812187,753.9793353811784,72.19347852244013,0.45709642110849447,126.78301093355762,0.4991236023927857,91.74887892376682,423.7037037037037,121.53130492268498,133.26819736199317,200.93249025994763,1019.49,428.717409587889,0.6121562887095238,472.35426008968614,489.3602693602694,686.1097541117083,232.06872325477423,0.2957262945198089,842.6800000000001,290.68,2047.9031726279736,165.38506535634895,1882.518107271625,958.5772102097744,251.132717393057,227.75278543672096,121.7368870829907,1452.5321608858492,474.22877945966655,927.094482696189,887.6019011047811,6925.439821278973,429.1501223278386,,0.5255915296638256,2016,552.841556749715,31.136232994826596,-0.0567497699021202,128.18652348473856,284.8937392303274,336.87943262411346,290.32258064516134,514.018691588785,264.1234137951233,299.0148248402631,2010.611561016476,220.59118437412263,163.11659192825113,45.45454545454545,195.82664526484749,159.2920353982301,79.47019867549669,236.9320957498779,21.555853611803027,49.17847756332736,36.279204759831664,9.674454602621775,,0.0,,0.0653331293883129
Plumas,242.77456647398844,0.543936905194789,77.21483796904607,-35.21483796904607,3.095148,-2.595122269290881,17891.028901734106,-15000.706758906825,302.3255813953488,68.18181818181817,422.5352112676056,212.12121212121212,28.57142857142857,328.3302063789869,,,234.52157598499065,54.72170106316448,7.817385866166354,0.0,0.0,78.17385866166354,0.0,78.17385866166354,115.60693641618496,0.9386033081414434,118.88111888111888,0.0,142.85714285714286,117.6470588235294,,158.24257656148188,0.0,684.931506849315,250.31289111389236,****,0.0,0.0,0.0,0.0,0.0,0.0,0.0,42.0,242.77456647398844,0.3466525368042311,302.3255813953488,68.18181818181817,610.9022556390977,46.81647940074907,0.0,39.0,3.0,2457.16630758182,615.5740227762388,1841.5922848055811,1352.4077548467792,555.0343964978111,257.97373358348966,273.6085053158224,2020.6766917293232,686.641697877653,1331.099320487759,543.4782608695652,4794.520547945205,2127.659574468085,,0.9943860910641266,2016,610.9022556390977,46.81647940074907,-0.0062440995743412,156.3477173233271,272.7272727272727,166.66666666666666,0.0,117.6470588235294,363.0270874057526,90.57971014492752,0.0,250.31289111389236,131.78294573643413,68.18181818181817,112.67605633802818,212.12121212121212,0.0,266.2907268170426,46.81647940074907,62.53908692933083,54.72170106316448,0.0,,0.0,,0.1236061684460261
Riverside,655.1444226476358,1.4678523985697776,6598.0748537364625,3086.9251462635375,713.72639,227.48786172874512,48280.21308259488,15388.477421953949,786.8515665125835,158.98097387939376,1305.4187192118227,314.91416309012874,326.1877172653534,631.2987284724526,,,466.38537968202354,76.52500849010423,36.69810884150654,8.147892726799853,0.9777471272159824,215.95174883110332,26.725088143903516,189.2266606871998,182.30399783535145,1.4801113216915576,155.51804178096646,181.34359115263086,248.7607030193781,157.50915750915752,,125.3518611434743,186.82356071553423,557.4518793803397,61.156425335827,0.5847441860465117,363.5933166475005,1.4314063428115562,191.06317411402156,1535.9561431796194,350.3593872523937,290.639002139426,621.6587311531554,15060.0,1018.7377392951362,1.4546335178100451,977.914740626605,1694.9371170590132,1487.571666864159,686.0042601177797,0.3569057104913679,11424.0,5256.0,3082.9486001557993,315.4536716867304,2767.4949284690692,963.602385442258,357.26880028471993,243.00275268407884,112.50610277165237,1521.167035391028,404.7372927369168,806.0277747068178,1030.2187109457377,2240.9161600452426,388.2721887600179,,0.9743110215712169,2016,1196.9326647247328,64.34552896462432,0.2361215521653505,175.66856718980483,518.6748259126398,630.855886797637,1017.1248310049572,692.3076923076923,418.0663157268112,649.9195384891918,2279.291470582295,268.80382298770473,214.17565485362096,62.237987745888425,255.4278416347382,160.4077253218884,122.82734646581692,325.7969459466146,25.190034665664285,91.25639854015836,38.9795188050105,13.818826064652551,,0.0,,0.1211107570121726
Sacramento,557.8231292517006,1.2498038446863096,5576.87514695509,1393.1248530449102,513.64718,102.66494292029162,41108.21768707484,8216.482026433907,667.938165027103,124.753257007501,1105.050933786078,237.45819397993313,227.94117647058823,686.2451657621751,,,512.6655061870367,69.90445734449705,36.62599736922944,5.2182200552934415,2.658338518734394,244.764057687915,43.71490008585449,201.0491576020605,149.0196078431373,1.2098780681807548,115.50086355785838,176.74616695059626,168.55934090403028,151.3671875,,108.37857548010696,191.5089986155976,730.4904997635797,76.84565921181142,0.7555023923444976,167.26690676270508,0.6585019589750238,51.29492069865489,731.1488353730754,205.7750927464772,101.94554392236977,360.0143072640468,9060.0,725.0900360144058,1.035340332582968,719.2330857257579,855.9020923805764,1429.432137385087,421.4422344214111,0.2306843267108168,7165.0,2168.0,3108.761864686326,513.3150635471305,2595.446801139196,1230.2199922809723,463.9293000102395,294.3863767042904,160.68179491016784,1987.439351378958,492.39537813165794,938.3356292034682,1083.5256114443932,4333.728975479837,507.6771292444832,,1.0204307768525331,2016,1327.486593462717,61.42792715736436,0.269510990559173,183.32690081049788,387.5215889464594,577.5127768313458,692.4961033177466,692.3828125,363.6253139940037,625.7498846331333,3001.090428354997,351.5069185882213,176.16944388676973,42.24240031583103,174.87266553480475,124.74916387959868,109.06862745098039,350.1260852911134,20.799962676702485,81.1285533124867,36.72445435140479,17.525342827211933,,0.0,,0.1268436270625686
San Benito,211.6788321167883,0.4742668497327522,244.5880416591748,-128.58804165917482,8.548504,-9.47616714203123,15599.459854014598,-17292.275806626334,258.6605080831409,34.78260869565217,517.6470588235295,156.25,45.7516339869281,299.13868688431586,,,226.93279694672236,25.787817834854813,18.05147248439837,2.5787817834854816,0.0,87.67858063850638,18.05147248439837,69.627108154108,54.74452554744526,0.4444663475596799,50.72463768115942,59.58549222797927,0.0,0.0,,46.66044527396347,105.92732464422237,0.0,0.0,****,0.0,0.0,0.0,0.0,0.0,0.0,0.0,116.0,211.6788321167883,0.3022516122952429,258.6605080831409,34.78260869565217,576.2799073835863,20.679315514656462,0.0,112.0,4.0,1203.1578584479607,267.1768883372979,935.980970110663,1413.1724173500438,438.39290319253183,165.04203414307082,394.55361287327867,2227.9392847954723,594.5303210463734,919.8773496867084,1777.736839681297,3333.3333333333335,836.5867261572783,,0.9306736142874438,2016,576.2799073835863,20.679315514656462,-0.2634696168518151,77.36345350456445,159.42028985507244,233.16062176165804,111.1111111111111,200.0,146.6471137181709,414.4982268686962,370.3703703703704,167.31734523145568,64.66512702078522,17.391304347826086,117.6470588235294,62.5,13.071895424836601,144.06997684589658,10.339657757328231,51.57563566970963,10.315127133941926,5.157563566970963,,,,0.11568645274672
San Bernardino,340.6940063091483,0.763325607380159,10469.974965768108,-2477.9749657681077,588.962448,-182.61188712731493,25107.10410094637,-7784.631559694561,410.33401794400606,80.71025020177562,720.837366892546,127.8592375366569,121.5213358070501,563.6202587349857,,,420.1058410015402,61.49610430641985,27.715560771127297,3.596675825260794,0.2820922215890819,183.07785181131416,26.093530496990073,156.98432131432406,130.7443089777475,1.061502404020114,108.62913096695226,130.18123093486452,167.35028712059062,100.0,,150.71654039733974,208.80582066011996,664.0138661719112,69.713400464756,0.7152275285415661,265.11211526984397,1.0437022518798045,95.71938168846611,1084.3422114608557,438.5828815156251,250.9828152590749,754.4044360216186,14211.0,605.8061215789922,0.8650174188629046,506.0533996324722,1165.0524616626312,1326.9068883516195,810.5566084087878,0.4376187460417986,9363.0,5774.0,3045.067048180739,487.39881551240194,2557.6682326683376,1654.3298335091708,582.8025298030433,480.96723780938464,228.07156115477275,2622.0689146941863,695.7254158770268,1387.4412789253695,1603.962561735146,3967.8083473703914,697.1340046475601,,1.029593952295487,2016,1075.9240730925449,56.15217238716922,-0.1919022620750753,216.29421090342856,270.8078335373317,313.3859680602907,491.591468416735,368.88888888888886,375.7299669060442,502.6593601418325,1950.5407318799892,257.16498838109993,155.3345584261161,38.94269572235674,190.58567279767664,85.19061583577712,73.5930735930736,407.2979170268669,27.093423176809157,111.073812250701,40.97389518581414,16.784487184550372,,0.0,,0.1279826464208243
San Diego,412.0754716981132,0.923255924364589,9462.165115281943,-726.165115281945,643.790784,-53.51401200558765,30367.489811320756,-2524.245849320174,500.4511820970944,91.10771247542058,824.3191407748369,291.61603888213847,176.1765930862141,393.543649738944,,,290.42764536023026,54.05819364545934,19.055513260024416,1.6667943040683295,0.405436452340945,145.5967348851038,22.34405337345653,123.25268151164728,113.25471698113206,0.9195058299826316,82.21315410465674,132.64753654574986,144.4015444015444,109.717868338558,,64.08727095817487,138.07114608913477,500.97784445575587,53.15675166684385,0.5572172818714316,254.87500000000003,1.0034004337263265,143.92769054923895,947.5573519772778,243.41278386182728,211.67222571198545,398.05514253721753,14139.35,666.9504716981132,0.9523241099544952,644.3788726463334,1038.6650644526983,947.678029532244,436.3281751932008,0.3821498159392051,10711.51,4753.97,2190.7721278891063,332.00126874834706,1858.770859140759,955.0280877364482,352.3242770842812,185.37455570922097,108.16143578562324,1470.6845145936,420.0855406868954,779.5257541949095,1040.8873748025794,3469.3385485037643,484.48582233494824,,0.9400200318180096,2016,736.0058038202585,38.27303265598326,-0.1176114096400144,108.16143578562324,279.7647623619779,443.4217650243638,614.1570141570141,465.8307210031348,218.0838373773805,461.5521169265363,2130.718604048901,225.68837993408565,131.68501473861517,46.31854926807953,151.2594297404424,135.11543134872417,89.96251561849229,193.66711198011132,19.457752813113792,53.292369235482,25.046963055729492,9.73047485618268,,0.0,,0.1168482498293941
San Francisco,119.27374301675978,0.2672330614767508,3195.712369123525,-2341.712369123525,62.934676,-172.57015133018905,8789.759217877096,-24101.976442763837,135.79033579033575,23.696682464454973,387.7962682803833,55.00450856627592,4.678362573099415,130.7103510659628,,,117.70053860623584,9.336453647568772,0.6122264686930343,1.2244529373860686,0.3061132343465171,24.948228599241144,5.969208069757084,18.979020529484064,18.01675977653631,0.1462766063393337,4.971826317533974,452.8301886792453,25.380710659898476,13.215859030837004,,5.103620508388651,24.65407254460846,217.12697585548028,6.59181296829338,0.7083969465648855,182.9608938547486,0.7202865728251537,62.57166257166258,1211.3744075829384,200.50416849696873,113.25464803598058,404.3536037461242,2164.0,302.23463687150837,0.4315542814195052,198.36199836199836,1235.0710900473937,359.0350229622316,412.2634942732392,0.6053604436229205,1211.0,1303.0,6279.492874647751,719.5945752050368,5559.898299442713,1095.8853789605312,303.5112718545717,169.73978844514374,130.86340768313607,1809.9990216221504,333.79738024425745,1026.5082049205707,54.44441020267702,8554.802848705924,498.7805146008658,,0.9447190720580876,2016,245.78037492625103,7.909890527115104,0.1348595910253072,19.74430361535035,38.1173351010938,2471.698113207547,162.77495769881557,111.89427312775332,39.127757230979654,134.57014597265453,1392.5076718198136,55.81068313155062,19.81981981981982,7.582938388625592,42.36006051437216,26.149684400360684,2.3391812865497075,35.87385448260118,2.5311649686768334,12.856755842553715,4.438641898024498,0.3061132343465171,,0.0,,0.1174323593263684
San Joaquin,517.3035328046143,1.159019607229824,2476.230757527558,393.7692424724419,211.50178,29.018430554764137,38122.16654650324,5230.430885862312,628.5323609845032,96.55172413793105,950.868276154172,226.01476014760146,227.17622080679405,596.223639955709,,,466.3839971082114,50.897139996219074,22.228546855491594,0.6232302856679887,0.4154868571119924,141.05778798952144,18.696908570039657,122.36087941948178,152.3071377072819,1.2365692555935193,100.19841269841272,177.4364406779661,205.54649265905383,133.9712918660287,,117.00106575228212,181.6890026629642,692.5169694138339,63.676161237136846,0.7397260273972602,263.1578947368421,1.036008811054259,86.59981768459434,1101.7241379310344,303.30540569175446,157.20473434468377,533.2999499248874,4330.0,780.4614275414564,1.1144039413374254,715.1321786690975,1198.2758620689656,1298.1801483516256,580.0367217492907,0.3371824480369515,3138.0,1390.0,3875.361530330653,812.7242435438837,3062.6372867867685,1152.560541628667,490.48223482070705,225.19387655469987,97.84715484987422,1815.3009850117696,484.0594224670338,1167.693804735647,1023.9666776945564,3369.1500178625406,475.2970606629143,,1.1563053550916995,2016,1140.975414006942,46.73677182440327,0.3106246080684427,175.5431971298168,299.6031746031746,559.8516949152543,717.7814029363785,787.0813397129187,349.8447708632594,573.2694800440393,2418.3132265244994,374.097447268179,184.36645396536008,31.03448275862069,166.8784413384159,126.38376383763838,157.11252653927812,334.68060548644524,15.022533800701051,81.8509108510625,28.460849712171477,15.37301371314372,,0.0,,0.1437333806062755
San Luis Obispo,434.7014925373134,0.9739495696293864,717.6962974232721,-18.696297423272085,51.512106,-1.3778049423106131,32034.89179104478,-856.8438695961486,526.984126984127,100.57471264367815,759.433962264151,251.92802056555269,229.05027932960894,361.52242835494366,,,249.8073431980512,50.68554789525677,21.20517820107681,0.0,0.0,122.0590745232714,27.92877128922312,94.13030323404828,141.16915422885572,1.146140874192246,118.42105263157896,208.76288659793815,184.78260869565216,46.875,,92.763012589266,199.1297293310716,369.00369003690037,24.519820187985285,0.7374810318664643,409.8258706467662,1.6134162093545243,137.30158730158732,1867.816091954023,340.8344496221858,171.02635585345118,705.0273876023646,1358.0,844.5273631840796,1.2058823010182012,664.2857142857142,1968.3908045977012,827.4512130019574,742.9904007809535,0.4852724594992636,837.0,685.0,2797.2479268025972,399.76050222826143,2397.487424574336,831.656745056866,328.93886185085006,201.1905931760702,92.57870482909144,1245.6254819384303,377.46081674711206,783.3321063093573,953.8559874130344,1996.961146082049,523.0894973436862,,1.21373587748378,2016,656.4248571485062,37.96301317858886,0.1120529356288397,117.40427930840087,335.5263157894737,595.360824742268,989.1304347826086,312.5,262.828535669587,567.8884873515747,1975.255046668114,163.46546791990193,167.46031746031744,45.97701149425287,174.52830188679243,131.10539845758353,89.3854748603352,208.59283864207052,17.354520310212052,57.40914098340308,26.377172884266276,8.275191493103145,,0.0,,0.1508722242491327
San Mateo,367.69456681350954,0.8238204175761871,1519.7486895063691,-267.74868950636915,92.264888,-19.731471924482367,27096.883406754772,-5794.852253886158,442.5688073394495,67.6470588235294,797.3199329983249,197.83783783783784,130.89005235602093,238.83922609986223,,,181.6093795903106,34.910206370826515,9.538307751591944,1.3353630852228722,0.5722984650955166,67.34045272623912,14.498227782419756,52.84222494381937,112.77533039647578,0.9156137293164812,94.83793517406964,117.79041429731924,147.3533619456366,88.78504672897196,,37.000435574747904,106.98580409054688,717.7700348432056,35.445777288584594,0.6897081413210445,191.18942731277536,0.7526809388505215,74.12844036697248,738.2352941176471,124.18876692572712,77.32323792972772,190.9028335000247,1903.0,558.8839941262848,0.7980183309849113,516.697247706422,805.8823529411765,538.9659356685972,208.39592182871223,0.3420914345769837,1408.0,548.0,2151.6113325747733,212.7266241560585,1938.8847084187148,649.5587578834113,227.7747891080156,176.45869340445097,72.87267122216245,1043.0981354381588,258.59347964146775,390.1438333387975,908.27258507216,4871.0801393728225,399.2313863030054,,0.5065730320720907,2016,461.6426977388695,17.493088328687524,0.0547750052022648,73.25420353222613,289.31572629051624,364.7441104792851,473.53361945636624,359.8130841121495,112.87474650018032,331.2870761148659,2306.6202090592333,143.64867638005336,133.21100917431193,30.88235294117647,150.7537688442211,121.08108108108108,89.00523560209423,138.95215528956024,7.985975106574739,34.337907905730994,21.365809363565955,6.486049271082522,,0.0,,0.0629690540678319
Santa Barbara,346.6476462196862,0.7766647495918665,1564.3815438237368,-349.3815438237368,89.53821,-25.74732349054646,25545.851640513552,-7345.884020127378,422.1415607985481,69.33333333333333,745.253164556962,169.25734024179621,87.67123287671232,400.09088484297666,,,310.1939205943078,32.27070511490676,21.07474619749013,1.317171637343133,0.0,121.50908354490404,21.733332016161697,99.77575152874232,97.57489300998571,0.7922026152567281,66.17647058823529,122.78761061946902,85.1063829787234,98.0392156862745,,63.3227560877794,169.28989751098098,340.59945504087193,40.743155149934815,0.7420020639834881,276.46219686162624,1.088385633113835,90.74410163339384,1124.0,319.084829146374,160.76860253499933,568.9103645615409,2184.0,623.1098430813124,0.8897250274153676,512.8856624319419,1193.3333333333333,908.6641415278162,604.0032933363926,0.4436813186813186,1413.0,895.0,2521.6737704442703,340.57985560484707,2181.093914839423,1154.1716472219202,416.2262374004301,190.66059450541852,240.3838238151218,1771.6699999356929,506.1480111757481,956.8772031042222,1378.721327476818,4002.0435967302456,415.5801825293351,,1.202358554534729,2016,747.8955389928169,35.09292877485187,-0.2692924826735113,112.61817499283788,206.6176470588235,422.56637168141594,489.36170212765956,539.2156862745097,197.7077162296224,582.6012689116642,1958.4468664850137,224.08735332464144,118.33030852994555,21.333333333333332,149.52531645569618,75.99309153713298,43.83561643835616,209.6422577056391,10.79782423841596,62.23635986446304,14.488888010774463,10.537373098745064,,0.0,,0.1494579774997636
Santa Clara,434.6929919722283,0.973930524096191,4114.256510974951,-107.2565109749512,295.291858,-7.904161319788054,32034.265350401387,-857.4703102395433,530.4347826086957,55.43595263724435,928.1487743026204,169.6225557071396,161.35458167330677,305.509618559004,,,251.14766247401033,28.439003674197284,12.351524383967725,1.5248795535762618,0.6099518214305047,94.08506845565536,31.26003084831337,62.82503760734199,92.42785853764374,0.7504142612650044,68.50533807829181,98.30148619957538,104.12926391382406,103.8394415357766,,33.926757857679455,133.89048741342663,342.76933987352993,24.894720436473484,0.7197958026091889,382.51247559123453,1.5058879211926453,134.23913043478262,1670.075349838536,268.83626529549497,147.567745992296,483.2911770935869,7533.0,817.2054675634628,1.1668699589728824,664.6739130434783,1725.5113024757804,730.6694467553765,499.3333914798709,0.4680738085756007,4892.0,3206.0,2498.1673026061862,280.95315806788363,2217.2141445383027,702.8169862432991,270.5898767821077,167.66050691571002,76.54895358952835,1099.290091602529,289.3828575700562,495.24254327313906,1362.0392996052688,3291.767626026831,239.74243378318164,,0.6799435274218568,2016,583.1017007630805,16.042214386284062,0.0617806350078855,64.95986898234875,325.62277580071174,435.244161358811,598.7432675044884,486.9109947643979,161.26225163520365,592.8196526944377,1970.923704272797,116.73322692060675,109.375,25.29601722282024,132.99520991828683,86.85766257389723,66.73306772908366,120.2348537690266,7.320233749081076,35.98715746439978,14.5625997366533,5.108346504480477,,0.0,,0.0845197000838492
Santa Cruz,267.49760306807286,0.5993289184823284,931.0413410602896,-373.0413410602895,41.121252,-27.49090858809697,19712.96836049856,-13178.767300142368,314.36950146627566,57.74278215223097,714.0549273021002,118.36734693877551,69.23076923076924,288.2201630148449,,,228.3034266174936,29.958368198675632,9.297424613382091,2.0660943585293543,0.0,69.21416101073336,6.714806665220401,62.499354345512955,52.73250239693193,0.4281308953483142,40.968342644320295,62.13364595545135,72.16494845360825,96.77419354838707,,38.09128055959554,87.0622248505158,356.23409669211196,39.34684241589612,0.693717277486911,183.12559923298176,0.7209349904728486,68.6217008797654,921.2598425196852,197.3120112395533,119.78745405588032,365.89561029511407,940.0,450.6232023010546,0.6434350949082781,382.99120234604106,979.002624671916,668.5573290469218,388.82923829081926,0.4063829787234042,653.0,373.0,3832.050070769487,398.5534789266205,3433.496591842866,1077.468207973058,319.72810198241757,253.09655891984588,134.29613330440802,1745.6205911562051,397.1687393801665,929.7735300228549,1401.2090150469808,4936.386768447837,406.5840382975932,,1.0465877489051731,2016,548.7698749910415,22.933627995705155,0.2922589520196756,56.81759485955724,200.18621973929237,334.11488862837047,329.89690721649487,419.35483870967744,186.12784818893277,468.1647940074906,1628.498727735369,170.50298380221653,59.23753665689149,23.62204724409449,84.0064620355412,48.97959183673469,30.76923076923077,103.4062637576403,9.381938725515743,26.859226660881603,12.396566151176124,4.132188717058709,,0.0,,0.1300950433108758
Shasta,567.703109327984,1.271939959948019,889.9791150883112,242.02088491168877,83.421608,17.835487092681994,41836.31293881645,8944.577278175522,693.5695538057743,159.5744680851064,1408.3969465648856,478.72340425531917,431.92488262910797,968.8794549625115,,,631.6546269985279,154.0621041459824,78.74285323016878,14.550309836009449,4.279502892943956,386.0111609435448,57.345338765449,328.66582217809577,163.99197592778336,1.3314375061401604,155.95238095238096,134.02061855670104,165.1376146788991,314.81481481481484,,273.5321139229934,129.92204677193683,1766.4376840039256,339.08447192580036,0.7521865889212828,172.0160481444333,0.6771985377773927,55.7742782152231,621.2765957446809,293.5738984559554,147.5463903209568,493.01838688436015,1475.0,739.7191574724172,1.0562289377539724,749.3438320209974,780.8510638297872,1982.329149959208,619.6498218717815,0.2325423728813559,1142.0,367.0,3868.5131980606934,748.0023343508709,3120.5108637098224,1706.6657537060496,448.49190318052655,321.81861754938546,182.30682323941252,2645.419986460449,793.55699258784,1753.9463793535454,969.4183489906058,10696.76153091266,1077.091851999601,,1.3255225586109805,2016,1834.782759638251,126.63143498742129,-0.373534419192249,279.8794891985347,519.047619047619,742.2680412371134,752.2935779816514,981.4814814814816,910.38169214065,719.5682590445732,8047.105004906771,1057.1457065922011,196.8503937007874,57.4468085106383,333.9694656488549,138.29787234042553,192.4882629107981,520.751965838671,45.587316595471655,149.78260125303845,44.50683008661714,35.091923722140436,,0.0,,0.1647677558355051
Sierra,103.44827586206895,0.231776070440144,25.88705550407325,-19.88705550407325,0.442164,-1.465556668317174,7623.517241379311,-25268.21841926162,150.0,0.0,157.89473684210526,400.0,0.0,286.1230329041488,,,143.0615164520744,95.37434430138292,0.0,0.0,0.0,95.37434430138292,47.68717215069146,47.68717215069146,0.0,0.0,0.0,0.0,****,0.0,,0.0,0.0,0.0,0.0,****,0.0,0.0,0.0,0.0,0.0,0.0,0.0,6.0,103.44827586206895,0.1477115489338226,150.0,0.0,566.57223796034,0.0,0.0,6.0,0.0,1273.8853503184714,445.85987261146494,828.0254777070063,2765.8559847401048,906.056270863138,238.4358607534573,619.933237958989,3777.1482530689327,1734.1040462427743,2614.3790849673205,3243.2432432432433,0.0,5555.555555555556,,0.7869076188588955,2016,566.57223796034,0.0,-0.5862068965517242,0.0,83.33333333333333,166.66666666666666,****,0.0,217.86492374727672,540.5405405405405,25000.0,0.0,0.0,0.0,0.0,0.0,0.0,0.0,0.0,0.0,0.0,0.0,,****,,0.0978157644824311
Siskiyou,361.1111111111111,0.8090701718142065,289.2208959765425,-55.22089597654252,17.244396,-4.069448708095325,26611.72222222222,-6280.013438418711,430.8617234468938,127.51677852348996,960.5263157894736,339.2857142857143,130.43478260869566,819.5860039928549,,,511.3656264228924,133.09516304157472,73.55259010192287,10.507512871703268,10.507512871703268,266.19032608314944,24.517530033974293,241.67279604917516,106.48148148148148,0.8645144821978712,131.14754098360658,53.763440860215056,57.14285714285714,64.51612903225806,,248.77832074633497,162.6545217957059,519.4805194805194,232.37800154918665,0.875,135.80246913580245,0.5346317074329384,22.044088176352705,510.0671140939598,308.2203775699625,76.88006709533128,533.595450396686,322.0,496.9135802469136,0.7095321213703887,452.9058116232465,637.5838926174496,1579.5359239586246,666.9943129958576,0.2732919254658385,226.0,95.0,2337.059406833138,362.84143153339943,1974.2179752997383,2269.6227802879057,532.3806521662989,392.2804805435887,563.9031907814087,3487.559407324574,1046.1279224882398,1896.934695690804,3025.3741054001302,9090.909090909092,3601.8590240123935,,1.4675568167894508,2016,1502.6558568632934,133.3988625991715,-0.0740740740740741,241.67279604917516,414.519906323185,182.7956989247312,285.7142857142857,322.5806451612903,786.3171923589516,553.0253741054,2597.4025974025976,1161.8900077459334,124.24849699398796,46.97986577181208,256.5789473684211,71.42857142857143,49.689440993788814,433.32401453732183,49.14694937864214,136.59766733214246,28.02003432454205,28.02003432454205,,0.0,,0.1824231822330392
Solano,259.8346279128038,0.5821600072117641,1781.2972158061436,-744.2972158061436,76.420678,-54.85023902161795,19148.25306940616,-13743.48259123477,321.11861137897785,43.18181818181818,595.2054794520549,93.42560553633218,50.40322580645161,355.0640279394645,,,297.541601040882,27.7340272546737,8.559884955146202,2.054372389235089,0.0,63.68554406628775,11.983838937204684,51.70170512908307,82.68604359809571,0.6713212586042973,68.06282722513089,80.47493403693932,91.47095179233622,107.9136690647482,,76.19845091061336,87.63486430962404,340.0813437808773,50.41254264060898,0.7687747035573123,253.57053370082687,0.9982649671235926,75.21697203471552,1010.2272727272727,346.5041429843183,159.64850039570996,611.0469591993841,2049.0,513.4051616136308,0.7330800926414996,396.33558341369337,1053.409090909091,841.2247905466255,637.1659518310788,0.4938994631527574,1233.0,927.0,3165.385093825875,465.7891463296645,2699.5959474962106,1366.50003423954,499.89728138053823,296.85681024447035,169.82811751010067,2122.5063450045027,604.8608819971406,1119.5310864559349,1088.970936831066,3717.916312415267,467.1562284696433,,0.7441308795469731,2016,681.5762901509156,26.11899263169471,-0.2748126488618371,112.99048140792986,192.22139117427076,238.78627968337733,313.3498145859086,330.9352517985611,215.19782290140253,260.0313186892123,1165.0083871412485,154.59846409786755,100.93217614914818,18.18181818181818,125.34246575342468,59.976931949250286,56.45161290322581,214.22918429167916,10.997470581766194,62.658357871670205,17.804560706704102,9.587071149763748,,0.0,,0.0924984446883631
Sonoma,303.09597523219816,0.6790871430202405,1441.6411944509755,-462.6411944509757,72.146426,-34.093880183870205,22336.35479876161,-10555.38086187932,369.9009900990099,63.82978723404255,552.2273425499233,176.63043478260872,99.1501416430595,283.75577873425794,,,208.39673637378084,37.67952118023854,10.144486471602685,1.7390548237033172,0.0,69.27235047751547,7.535904236047709,61.73644624146777,95.35603715170278,0.7741879051239732,74.90636704119851,127.37430167597766,121.77121771217712,107.6923076923077,,61.54008457365909,133.11536665109762,587.0841487279843,79.96953541507997,0.5262096774193549,307.12074303405575,1.209083224195088,186.13861386138615,1209.9290780141844,287.52373085228174,273.4243196388472,492.71896534793586,1971.0,610.2167182662539,0.8713152141907501,556.0396039603961,1273.758865248227,816.7824356871096,518.7123457004061,0.5032978183663115,1404.0,898.0,1917.2422825144408,370.66948703549735,1546.5727954789436,936.1911800936192,377.37489674361984,213.3240583742736,102.3143921278785,1468.9285257193387,407.22962552203376,821.5601290583487,1045.0723960765995,4821.206191069205,742.5742574257425,,0.8311979450538945,2016,543.3581160482622,25.99338035247024,0.1196748253867683,89.27148095010361,223.1139646869984,392.1787709497207,424.3542435424354,492.3076923076923,183.30153762297027,409.85520784680057,2045.8993061732788,365.5750190403656,113.26732673267328,31.20567375886525,112.13517665130568,95.10869565217392,59.49008498583569,166.3816072695964,12.707874838985449,42.31700071011405,20.28897294320537,6.08669188296161,,0.0,,0.1033212291800819
Stanislaus,239.6554159017088,0.5369484420548326,3160.452414212805,-1463.4524142128048,125.058718,-107.84766221299844,17661.166219460527,-15230.569441180403,282.4508588631132,71.12970711297072,478.8912579957356,173.63571934798017,65.14864010120178,477.6245426400225,,,316.0709259780467,68.95581198986773,28.98958626512806,10.132282578103013,2.251618350689558,148.60681114551082,21.10892203771461,127.49788910779624,90.382714305889,0.7338099016905848,81.34684147794995,91.34793910137392,99.86504723346829,161.51202749140896,,165.43349028305488,165.3848222449309,747.4747474747476,148.56962225383276,0.6955445544554455,171.16226521677729,0.6738373365614312,65.34443067115282,750.3486750348675,341.12018012946805,208.50049158652487,603.4028330772422,2909.0,410.8176811184861,0.5865976547383238,347.795289534266,821.4783821478381,1109.7424538643222,660.6027298931147,0.416638019938123,1964.0,1178.0,3905.263775944573,617.6056131286147,3287.658162815959,1992.9636926540952,660.0056290458767,397.1291866028708,444.9760765550239,3190.7920758512355,804.1632552349121,2033.6805618678832,1810.493196364223,7484.848484848484,919.8672356567092,,1.1701862849889488,2016,901.2419622777973,57.19989681587241,-0.2191091042629233,180.12946805516464,200.83432657926105,248.7931674712217,294.1970310391363,463.9175257731959,408.43286612006955,450.4383370085516,2202.020202020202,426.7425320056899,105.5427660704799,30.683403068340308,124.09381663113008,90.71580439404678,30.993042378241622,336.7650216411079,24.674465293121433,81.90261750633267,36.02589361103293,13.791162397973542,,0.0,,0.1454588357131855
Sutter,353.06334371754934,0.791039132758678,429.8143870762506,-89.81438707625063,25.05596,-6.618781441197214,26018.65005192108,-6873.085608719852,439.7260273972603,81.5450643776824,620.7792207792207,241.02564102564102,184.6153846153846,536.2606857827828,,,376.95971735907386,74.13015362291411,18.926847733509984,3.154474622251664,1.577237311125832,91.47976404529824,9.463423866754992,82.01634017854327,172.37798546209763,1.3995228350574236,150.65913370998115,227.27272727272725,197.3684210526316,119.56521739130436,,254.12960609911056,325.2032520325203,1216.54501216545,89.87662390718197,0.6985645933014354,217.0301142263759,0.8544114202900233,86.3013698630137,729.6137339055794,329.6425980252989,197.8021978021978,538.7931034482759,549.0,570.0934579439252,0.8140240811960504,526.0273972602739,811.1587982832617,1205.651491365777,599.0111561866125,0.3806921675774135,384.0,189.0,3107.2094183784666,366.6323797496716,2740.577038628795,1518.8795306141762,607.2363647834453,307.5612756695372,102.52042522317907,2291.993720565149,738.4634888438134,1686.7852604828463,1430.8943089430895,6163.828061638281,751.6953999509764,,1.0278605614635872,2016,1007.8492935635792,60.21805273833672,-0.2570215830859651,261.8213936468881,314.5009416195857,420.4545454545455,500.0,260.8695652173913,530.4955527318932,601.6260162601626,3081.9140308191404,196.09445216112425,201.36986301369865,81.5450643776824,220.77922077922076,200.0,169.23076923076923,461.5384615384616,60.21805273833672,134.0651714456957,61.51225513390745,17.349610422384153,,0.0,,0.1277671790072351
Tehama,418.4720638540479,0.9375875019743266,391.4301323633144,-24.43013236331444,27.045698,-1.8003541743820946,30838.88027366021,-2052.855386980722,489.14616497829235,155.91397849462365,822.2222222222222,258.82352941176475,256.8306010928962,903.0956247846844,,,546.2867267089916,108.27304493331366,115.65529799694868,24.607510212116736,14.764506127270044,290.36862050297754,44.29351838181013,246.07510212116736,139.11060433295324,1.1294276751216252,137.82542113323123,109.09090909090908,266.6666666666667,206.8965517241379,,312.7932436659368,194.00732916576848,3174.6031746031745,256.9593147751606,0.5891891891891892,210.94640820980615,0.830460882749309,109.98552821997106,865.5913978494624,455.2389389241597,373.66635527803726,793.1425193359279,552.0,629.4184720638541,0.8987329818824146,599.1316931982634,1021.505376344086,2035.4983037514137,936.0066998374303,0.3351449275362319,414.0,190.0,3583.575150550719,561.6399887672002,3021.935161783519,2158.078645602638,664.402775727152,418.32767360598456,450.31743688173634,3397.413835488471,916.3012956303264,2269.4887568206304,1778.4005173528776,11904.761904761905,1241.9700214132763,,1.538840605696584,2016,1661.8319484733763,142.86418050150257,0.0530248209714341,300.21162458782425,398.1623277182236,418.18181818181813,466.6666666666667,827.5862068965517,903.6249261460396,743.6947618021125,5555.555555555556,1027.8372591006423,149.05933429811864,102.1505376344086,218.51851851851853,117.6470588235294,81.96721311475409,506.4162446531294,93.60066998374305,145.18431025148877,49.21502042423347,36.91126531817511,,0.0,,0.1912840423137519
Trinity,181.2297734627832,0.4060456724862934,137.9155198406661,-81.9155198406661,4.126864,-6.036682319138047,13355.546925566345,-19536.18873507459,240.17467248908295,12.5,560.0,50.0,48.543689320388346,627.2401433691756,,,470.4301075268817,22.40143369175627,56.003584229390675,11.200716845878135,0.0,112.00716845878136,22.40143369175627,89.60573476702508,58.25242718446602,0.4729467154615623,75.31380753138076,0.0,0.0,0.0,,243.63833243096911,0.0,0.0,0.0,0.7551020408163265,158.57605177993528,0.6242875100915954,52.40174672489083,575.0,548.8351254480286,264.2589737943184,1048.5525416001824,105.0,339.80582524271847,0.4852013662389319,292.5764192139738,587.5,1475.4459370182778,1071.3471620697514,0.4666666666666667,67.0,47.0,2707.3134549770066,489.54161103693815,2217.7718439400683,3461.0215053763436,840.0537634408602,448.0286738351254,1153.673835125448,5042.942083241577,1823.5696375655343,3234.9756361667573,4060.15037593985,14634.146341463415,4436.450839328538,,1.3801408500483652,2016,1211.1869632239595,22.794620469569185,-0.3161140624045917,201.61290322580643,196.65271966527197,57777.77777777778,833.3333333333334,108.10810810810813,636.1667569030861,234586.46616541353,12195.121951219511,479.6163069544364,78.60262008733625,0.0,120.0,25.0,38.83495145631068,396.3884606914776,0.0,100.80645161290322,11.200716845878135,44.80286738351254,,****,,0.1715570279223852
Tulare,368.2362330407023,0.8250340218492662,2796.248322983084,-489.2483229830841,170.012058,-36.0546659139154,27136.800957701515,-5754.934702939416,445.1109778044391,64.08227848101265,947.3404255319148,198.02731411229135,59.86137366099559,796.5995179657881,,,614.9734466827344,90.122442214595,32.803187779258714,4.488857275056456,0.6905934269317625,228.2411276009475,22.78958308874816,205.45154451219932,88.10853950518755,0.7153460615664429,75.59145989613387,94.28284854563691,93.45794392523364,67.26457399103138,,139.61419588617713,213.74931071532112,769.4280584765324,93.9261114589856,0.6046814044213265,245.49082202713487,0.9664564876816456,121.5756848630274,1043.512658227848,531.0663453105253,417.08970172598305,917.029353282256,3845.0,613.7270550678372,0.876327547957749,566.6866626674665,1107.5949367088606,1944.131932058283,973.34427186896,0.4,2834.0,1400.0,2812.9037769496085,343.4173011415208,2469.486475808088,2163.283909863746,649.1578213158567,455.10106834803145,547.9858842703535,3430.6999972559893,878.7908283159753,1846.9572631354577,2267.1070508848425,8232.880225698898,1396.3681903569193,,1.568364421143626,2016,1527.0422303322998,56.31491858670412,-0.1380237990620264,190.60378583316643,261.9734564339296,8.776328986960882,445.4828660436137,672.645739910314,483.8537781093467,19.896877327224047,3667.607078738138,939.261114589856,105.17896420715856,20.569620253164555,146.80851063829786,86.49468892261001,34.65658475110271,360.8374722168866,18.076393620423545,95.3018929165832,39.36382533511046,18.99131924062347,,0.0,,0.1949539706626201
Tuolumne,359.4351732991014,0.8053152297706332,347.6899351322941,-67.68993513229412,20.63432,-4.988342079639283,26488.21566110398,-6403.519999536951,466.9117647058824,110.63829787234042,883.3333333333333,306.12244897959187,344.82758620689657,776.3114117777532,,,440.83398025950976,124.76433403571032,110.90163025396474,11.090163025396471,5.5450815126982365,335.4774315182433,24.952866807142065,310.5245647111013,118.10012836970476,0.9588453307046992,106.01265822784808,127.45098039215685,263.1578947368421,269.2307692307692,,230.1535502043901,316.91857630424187,545.8515283842795,361.01083032490976,0.8098591549295775,182.2849807445443,0.7176256154619745,49.63235294117647,446.80851063829783,393.7007874015748,139.5132537591071,628.1782829793599,422.0,541.7201540436457,0.7735104560770738,516.5441176470589,557.4468085106383,1451.971270604041,783.7271911456776,0.3364928909952606,281.0,131.0,2687.815482111934,344.49725507534725,2343.3182270365864,2159.8092491959633,499.05733614284134,407.5634911833204,321.61472773649774,2810.933705368677,1405.922823810948,2171.000652674247,2486.5919063871283,2074.235807860262,1340.8973697782362,,1.0825090587177848,2016,1312.4580168449336,155.5489081663177,0.0609066508237938,255.07374958411887,332.27848101265823,2715.686274509804,736.8421052631578,807.6923076923077,721.3767991480884,6752.803510482691,1528.3842794759826,1083.0324909747292,147.05882352941177,51.06382978723404,227.77777777777777,129.2517006802721,94.82758620689654,413.3726037306878,71.7918037690697,113.67417101031386,52.67827437063325,30.497948319840305,,0.0,,0.1345602057979618
Ventura,295.32308709304243,0.6616719714878854,2700.7340147439177,-913.7340147439176,131.691178,-67.33671448253827,21763.539580234676,-11128.196080406256,356.2591738309918,68.64274570982839,647.5903614457831,159.45330296127563,153.41701534170156,311.6373078861504,,,224.96481654903977,36.62217943821577,19.183046372398735,3.139043951847066,0.1743913306581703,78.99927278815116,12.033001815413751,66.9662709727374,97.50454470335482,0.791631463080459,69.8019801980198,113.20208453966416,100.75566750629723,100.0,,51.039984941394515,167.54294627056257,402.1717273275689,33.42618384401114,0.6246036778693722,260.6180796562552,1.0260099820069,124.13503879219962,1053.8221528861154,275.0151284479346,205.54984583761563,473.34582975667007,3364.0,555.9411667492976,0.7938163316139482,480.39421262319144,1122.464898595944,795.4640148884753,504.1781265876005,0.4687871581450654,2291.0,1439.0,2177.828912794379,256.5594118796839,1921.2695009146953,1055.2419418125887,347.3875306710753,229.67338247681033,125.03858408190813,1655.8567817560622,449.17050610514514,731.2111317845172,1480.0341084872714,3991.554393726121,334.26183844011143,,0.6625484106656531,2016,589.9141690508596,30.832296830930396,0.0096515798052732,102.89088508832047,238.6138613861386,319.62941517081646,375.31486146095716,288.88888888888886,174.4771116436323,473.0624365286473,1498.089684295194,96.56453110492107,112.6022226881946,41.34165366614664,137.04819277108436,98.70918754745634,82.28730822873084,186.45315407905335,18.56945150044672,47.6088332696805,22.67087298556214,10.28908850883205,,0.0,,0.0823574174943928
Yolo,428.57142857142856,0.9602151489663112,734.2104535206981,-29.210453520698135,51.95427,-2.1526351617543287,31583.14285714286,-1308.5928034980716,521.7723453017571,65.47619047619048,865.3846153846155,271.38643067846607,406.25,465.09480017416314,,,296.8690213877637,60.69322215038724,51.45729704054571,4.617962554920769,0.0,175.4825770869892,17.812141283265824,157.6704358037234,120.3647416413374,0.9772315415524926,106.38297872340424,152.98507462686567,101.6260162601626,99.0990990990991,,107.25729684797618,187.19751620856545,662.6027034190299,37.39207288054933,0.7116883116883117,234.04255319148936,0.9213865596184684,84.79755538579067,967.2619047619048,253.98794052064227,150.10344967477587,418.6364046217459,1090.0,662.613981762918,0.9461321300502804,606.5699006875478,1032.7380952380954,1073.7129643402886,446.97486893460257,0.3532110091743119,794.0,347.0,2769.913218300702,294.651997085758,2475.261221214944,1085.2212004063806,343.0486469369714,223.6413294454487,126.66411579211253,1770.1388794980323,432.8056367781742,1008.2185903709762,1223.6325449730618,6520.010601643255,377.32000815827047,,1.4807256928558528,2016,923.6095146655128,28.338464312856647,-0.203546871266626,130.62236941061605,311.17021276595744,552.2388059701493,475.60975609756093,522.5225225225225,313.7275932803303,675.7373755821386,3100.98065200106,197.15820246107825,144.3850267379679,26.785714285714285,153.84615384615387,123.89380530973452,156.25,255.58154944623996,11.59300812798681,52.77671491338022,27.707775329524615,19.791268092517583,,0.0,,0.1840601262007154
Yuba,362.76223776223776,0.8127695244018455,510.5998533906861,-95.59985339068612,30.58301,-7.045135595773223,26733.40034965035,-6158.33531099058,446.42857142857144,60.483870967741936,674.7252747252747,285.7142857142857,120.80536912751678,848.8617071324837,,,627.9531182883675,102.27249483523902,36.81809814068604,6.13634969011434,6.13634969011434,196.36319008365888,22.499948863752586,173.8632412199063,141.60839160839163,1.1497070067295498,129.90527740189444,168.88888888888889,173.55371900826447,118.64406779661016,,330.8177401013129,318.7384667002181,1372.549019607843,109.06824555936429,0.8705234159779615,317.30769230769226,1.2491875471750389,52.455357142857146,1330.6451612903224,742.4983125038352,191.21236777868185,1357.5219054671109,778.0,680.0699300699301,0.9710570999548096,498.88392857142856,1391.1290322580644,1818.551668022783,1419.2274466247068,0.4665809768637532,447.0,345.0,2971.272445454426,417.7120414034074,2553.5604040510184,2339.9946818302687,930.6797030006747,357.95373192333653,304.7720346090123,3645.2400325467856,1020.198280472253,2546.6073951548983,1887.267237040765,7908.496732026143,919.2894982860704,,1.4326370781831714,2016,1627.339300244101,61.70554115759595,-0.2280011965051335,331.36288326617444,343.70771312584577,413.3333333333333,330.57851239669424,474.5762711864407,875.2886040180572,780.0704579768495,2614.3790849673205,436.27298223745714,172.99107142857142,28.225806451612904,213.18681318681317,177.14285714285714,26.845637583892618,630.5939788445891,28.795919206878107,198.4086399803637,63.40894679784818,8.181799586819121,,0.0,,0.178082519052966
