County,"County adult jail incarcerations, average daily population, December",Men imprisoned (total institution population),Women imprisoned,Imprisonments for violent felonies,Imprisonments for property felonies,Imprisonments for drug felonies,Imprisonments for drug possession offenses,Imprisonments for marijuana offenses,Imprisonments for strike offenses,Imprisonments for 3rd strikes,Imprisonments for 2nd strikes,"New felon and parole violator admissions to prison, all","New felon and parole violator admissions to prison, White, not Latino","New felon and parole violator admissions to prison, Latino","New felon and parole violator admissions to prison, Black","New felon and parole violator admissions to prison, Asian/all other","Jailed, unsentenced","Jailed, sentenced",Men jailed,Women jailed,Part I crimes reported to police (number),Violent crimes reported,Property crimes reported,"Adult felony arrests, total (number)",Violent felony arrests,Property felony arrests,Drug felony arrests,Male felony arrests,Female felony arrests,"White, not Latino, felony arrests",Latino felony arrests,African American felony arrests,Asian/other felony arrests,"Total county population, all ages (number), 2011 census adjusted","White, not Latino population",Latino population,Black population,Asian/other population,"Total adult population, age 18-69","Male population, age 18-69","Female population, age 18-69",At Legislative Analyst-estimated cost per prisoner per year,Unnamed: 43,Year,Total adult population in prison (number) as of December 31,"White, not Latino, population imprisoned",Latino population imprisoned,Black population imprisoned,Asian/other population imprisoned,"New felon and parole violator admissions to prison, male","New felon and parole violator admissions to prison, female",New felon and parole violator admissions to prison for violent offenses,New felon and parole violator admissions to prison for property offenses,New felon and parole violator admissions to prison for drug offenses,"Part I crimes reported to police (number), as defined by the California Crime Index (CCI)","Property crimes reported (excluding larceny under $400 and arson, per CCI)","Total county population, all ages (number), using Dept. of Finance table E-2","White, not Latino population age 18-69",Latino population age 18-69,Black population age 18-69,Asian/other population age 18-69,"Total adult population, age 18-69, using Dept. of Finance table P-3",Unnamed: 53,"Imprisonments for 3rd strikes (June 30, 2013)","Imprisonments for 2nd strikes (June 30, 2013)","Part I crimes reported to police (number), as defined by the Criminal Justice Statistics Center","Total county population, all ages (number), July 1, 2013","At Legislative Analyst-estimated cost per prisoner per year, 2013-14","New felon and parole violator admissions to prison, Asian/all other/unknown race","Total county population, all ages (number), July 1, 2014","At Legislative Analyst-estimated cost per prisoner per year, 2014-15",New felon and parole violator admissions to prison who are under age 35 (2014),New felon and parole violator admissions to prison who are age 35 or older (2014),"Total county population, all ages (number), July 1, 2015","Estimated cost per prisoner per year, 2015-16","Total county population, all ages (number), July 1, 2016","Estimated cost per prisoner per year, 2016-17"
Alameda,4182.0,4370.0,172.0,3187.0,650.0,501.0,94.0,39.0,592.0,132.0,460.0,1329.0,195.0,259.0,798.0,77.0,3464.0,718.0,3819.0,363.0,44584.0,11189.0,33395.0,15990.0,3435.0,3719.0,5424.0,12865.0,3125.0,3358.999999999999,3315.9999999999977,8070.0,1245.0000000000011,15990.000000000002,386651.9097561512,215470.85215724664,131347.09391882867,314035.2086501274,1047505.064482354,501772.0017281163,494030.4344289442,47102.0,,2009,,,,,,,,,,,,,,,,,,,,,,,,,,,,,,,,,
Alpine,0.0,3.0,0.0,2.0,0.0,0.0,0.0,0.0,0.0,0.0,0.0,1.0,1.0,0.0,0.0,0.0,0.0,0.0,0.0,0.0,52.0,13.0,39.0,15.0,8.0,3.0,2.0,15.0,0.0,11.000000000000004,0.0,0.0,4.0,14.999999999999996,620.9792922453835,47.60261263193399,0.4318899383808953,156.51992180740524,825.5337166231036,474.0691888511354,466.7550331841885,,,2009,,,,,,,,,,,,,,,,,,,,,,,,,,,,,,,,,
Amador,82.0,202.0,20.0,102.0,41.0,50.0,29.0,2.0,60.0,12.0,48.0,78.0,62.0,5.0,6.0,5.0,40.0,42.0,63.0,19.0,644.0,107.0,537.0,437.0,87.0,50.0,100.0,315.0,122.0,329.00000000000006,55.99999999999999,24.000000000000007,28.0,436.99999999999955,20538.22038942073,3207.3652150910125,989.7661859324364,1265.0822018344734,26000.433992278653,13541.486535319118,13332.562304826062,,,2009,,,,,,,,,,,,,,,,,,,,,,,,,,,,,,,,,
Butte,529.0,1253.0,128.0,670.0,281.0,291.0,157.0,31.0,156.0,41.0,115.0,440.0,283.0,78.0,47.0,32.0,379.0,150.0,453.0,76.0,4511.0,932.0,3579.0,1960.0,546.0,496.0,517.0,1468.0,492.0,1555.000000000001,205.00000000000003,131.00000000000006,69.0,1960.0000000000016,117636.82906973216,18790.515014810862,2257.7321434605224,12249.058814082937,150934.13504208645,73994.59886874088,72852.97644870798,,,2009,,,,,,,,,,,,,,,,,,,,,,,,,,,,,,,,,
Calaveras,74.0,106.0,10.0,53.0,21.0,26.0,21.0,1.0,11.0,0.0,11.0,48.0,41.0,5.0,1.0,1.0,51.0,23.0,64.0,10.0,607.0,84.0,523.0,433.0,190.0,62.0,107.0,323.0,110.0,374.99999999999983,40.0,7.0,11.0,432.9999999999999,25475.85846109828,2654.430139266907,220.382993354754,1499.0787619410112,29849.75035566095,15538.637417538896,15298.9002323412,,,2009,,,,,,,,,,,,,,,,,,,,,,,,,,,,,,,,,
Colusa,39.0,80.0,6.0,52.0,14.0,13.0,5.0,4.0,7.0,3.0,4.0,35.0,16.0,16.0,3.0,0.0,21.0,18.0,34.0,5.0,411.0,59.0,352.0,256.0,51.0,44.0,26.0,196.0,60.0,124.0,111.0,14.000000000000004,7.0,256.0000000000001,5689.730677285078,6810.963377470779,87.30324173205145,542.5851181854578,13130.582414673368,6905.243086256823,6798.705846464063,,,2009,,,,,,,,,,,,,,,,,,,,,,,,,,,,,,,,,
Contra Costa,1450.0,1880.0,62.0,1401.0,309.0,114.0,15.0,2.0,322.0,87.0,235.0,521.0,133.0,117.0,238.0,33.0,1124.0,326.0,1241.0,209.0,24100.0,4257.0,19843.0,10345.0,2466.0,3010.0,2749.0,8044.0,2301.0,3911.000000000001,2281.999999999999,3555.0000000000005,596.9999999999998,10344.999999999998,354471.340677111,151334.41796594742,62572.08230244413,123423.58778126175,691801.4287267643,343552.2257215885,338251.74529014906,,,2009,,,,,,,,,,,,,,,,,,,,,,,,,,,,,,,,,
Del Norte,115.0,148.0,9.0,98.0,27.0,15.0,4.0,0.0,18.0,5.0,13.0,40.0,29.0,6.0,1.0,4.0,66.0,49.0,94.0,21.0,506.0,108.0,398.0,411.0,137.0,97.0,74.0,310.0,101.0,344.00000000000006,23.0,7.0,37.00000000000001,411.00000000000006,12876.58313569312,3585.673539348837,1082.991790181094,2154.6311264169053,19699.87959163996,10185.337730943207,10028.193694932168,,,2009,,,,,,,,,,,,,,,,,,,,,,,,,,,,,,,,,
El Dorado,361.0,419.0,36.0,271.0,83.0,53.0,17.0,1.0,84.0,17.0,67.0,160.0,119.0,24.0,6.0,11.0,200.0,161.0,309.0,52.0,2256.0,520.0,1736.0,1881.0,525.0,336.0,384.0,1407.0,474.0,1546.0,217.99999999999997,63.99999999999999,53.000000000000014,1881.0,98688.87584397508,12611.015102303098,847.5494048189382,7773.01810060245,119920.45845169955,61345.529192484224,60399.06238861445,,,2009,,,,,,,,,,,,,,,,,,,,,,,,,,,,,,,,,
Fresno,2564.0,4895.0,365.0,2819.0,1092.0,829.0,501.0,24.0,977.0,196.0,781.0,2240.0,500.0,1204.0,396.0,140.0,1891.0,673.0,2255.0,309.0,24765.0,4694.0,20071.0,13114.0,3867.0,2705.0,3371.0,10472.0,2642.0,3096.999999999999,7209.000000000003,2089.0000000000005,719.0000000000001,13114.000000000004,212687.8170159207,273663.15219422104,29088.33751213654,66639.53975089651,582078.8464731749,289635.2370213208,285166.6124829051,,,2009,,,,,,,,,,,,,,,,,,,,,,,,,,,,,,,,,
Glenn,86.0,117.0,3.0,60.0,21.0,21.0,11.0,0.0,14.0,2.0,12.0,34.0,17.0,13.0,1.0,3.0,61.0,25.0,69.0,17.0,367.0,54.0,313.0,385.0,98.0,60.0,97.0,305.0,80.0,239.00000000000009,114.99999999999996,13.000000000000002,18.000000000000004,385.0000000000001,10230.311403932468,5994.646281469582,109.65732516158415,991.0900684380158,17325.70507900165,8997.400251236013,8858.584256476157,,,2009,,,,,,,,,,,,,,,,,,,,,,,,,,,,,,,,,
Humboldt,351.0,556.0,28.0,314.0,95.0,121.0,48.0,11.0,39.0,2.0,37.0,239.0,161.0,22.0,10.0,46.0,259.0,92.0,305.0,46.0,2811.0,541.0,2270.0,2032.0,467.0,403.0,724.0,1598.0,434.0,1623.999999999999,95.0,61.0,252.0,2032.0,76410.73782930925,8067.258083907086,1101.4381888009202,9695.342889709034,95274.77699172628,47072.93504398838,46346.67233232346,,,2009,,,,,,,,,,,,,,,,,,,,,,,,,,,,,,,,,
Imperial,508.0,389.0,17.0,203.0,106.0,75.0,25.0,9.0,47.0,11.0,36.0,194.0,32.0,142.0,19.0,1.0,343.0,165.0,467.0,41.0,3724.0,590.0,3134.0,2349.0,556.0,653.0,700.0,1870.0,479.0,478.9999999999997,1666.000000000001,144.0,60.0,2348.9999999999977,17364.30994284199,83917.71833748632,4656.6043930837195,3358.171747764485,109296.80442117652,54525.72218410698,53684.474473253336,,,2009,,,,,,,,,,,,,,,,,,,,,,,,,,,,,,,,,
Inyo,72.0,84.0,11.0,46.0,18.0,12.0,4.0,2.0,9.0,1.0,8.0,50.0,24.0,6.0,0.0,20.0,43.0,29.0,61.0,11.0,234.0,80.0,154.0,201.0,79.0,38.0,39.0,160.0,41.0,112.99999999999996,39.0,2.0,47.0,201.00000000000003,8287.381657417469,1930.5006856645443,67.54453560093502,1587.4356919211532,11872.862570604102,6267.802611551009,6171.100094136455,,,2009,,,,,,,,,,,,,,,,,,,,,,,,,,,,,,,,,
Kern,2285.0,4674.0,378.0,2172.0,1139.0,1259.0,776.0,52.0,1360.0,410.0,950.0,2300.0,792.0,1107.0,369.0,32.0,1715.0,570.0,1953.0,332.0,25039.0,4892.0,20147.0,13653.0,3901.0,3685.0,3235.0,10819.0,2834.0,5120.000000000001,6061.0,2251.000000000001,221.00000000000009,13653.000000000002,224311.8462587354,236676.3684572045,30729.45461180315,34949.505192441866,526667.1745201849,260203.29986710727,256188.7646789136,,,2009,,,,,,,,,,,,,,,,,,,,,,,,,,,,,,,,,
Kings,351.0,1437.0,146.0,691.0,330.0,382.0,178.0,20.0,355.0,112.0,243.0,652.0,183.0,362.0,83.0,24.0,219.0,132.0,306.0,45.0,2075.0,562.0,1513.0,1284.0,321.0,218.0,243.0,1009.0,275.0,374.0,723.0000000000001,126.0,60.99999999999999,1283.999999999999,40142.543952835214,47152.59852098455,9082.646597825214,5988.626982055095,102366.41605370009,50261.34492263331,49485.8899691377,,,2009,,,,,,,,,,,,,,,,,,,,,,,,,,,,,,,,,
Lake,207.0,420.0,31.0,228.0,83.0,86.0,49.0,18.0,87.0,12.0,75.0,149.0,86.0,34.0,10.0,19.0,137.0,70.0,174.0,33.0,1387.0,277.0,1110.0,1019.0,325.0,139.0,261.0,764.0,255.0,768.0,136.00000000000003,55.00000000000001,60.000000000000014,1019.0000000000002,32759.29203586207,6179.093275649902,747.5167789295865,2705.6475169964033,42391.54960743796,21775.57279180407,21439.609323007106,,,2009,,,,,,,,,,,,,,,,,,,,,,,,,,,,,,,,,
Lassen,67.0,146.0,13.0,92.0,23.0,27.0,9.0,1.0,31.0,14.0,17.0,53.0,41.0,7.0,2.0,3.0,32.0,33.0,51.0,14.0,292.0,96.0,196.0,254.0,91.0,40.0,35.0,191.0,63.0,191.00000000000003,31.0,10.0,22.0,254.00000000000003,16959.462003501023,4895.760377900279,2881.9590796223515,1515.886104467616,26253.06756549127,13357.652352260802,13151.56439939012,,,2009,,,,,,,,,,,,,,,,,,,,,,,,,,,,,,,,,
Los Angeles,17854.0,52885.0,3367.0,32670.0,9761.0,9675.0,3336.0,659.0,15542.0,3170.0,12372.0,20557.0,3127.0,9446.0,7214.0,770.0,12107.0,5747.0,15951.0,1903.0,210330.0,54747.0,155583.0,112264.0,30406.0,29187.0,30780.0,89908.0,22356.0,20442.000000000015,55353.00000000003,30744.00000000003,5724.999999999997,112263.9999999998,1987964.32168982,3004014.209057714,574789.8394687423,1085325.1194514446,6652093.489667721,3182742.950084294,3133638.1402121116,,,2009,,,,,,,,,,,,,,,,,,,,,,,,,,,,,,,,,
Madera,331.0,673.0,103.0,396.0,141.0,168.0,84.0,8.0,163.0,38.0,125.0,321.0,85.0,192.0,33.0,11.0,245.0,86.0,285.0,46.0,2829.0,685.0,2144.0,1344.0,386.0,272.0,244.0,1055.0,289.0,463.9999999999999,743.0,90.0,46.99999999999999,1343.9999999999995,39690.74956122497,47086.62408244864,4193.932733934049,4397.8610608909075,95369.16743849857,47515.74959634049,46782.65493979566,,,2009,,,,,,,,,,,,,,,,,,,,,,,,,,,,,,,,,
Marin,267.0,428.0,23.0,241.0,110.0,47.0,16.0,3.0,114.0,48.0,66.0,121.0,61.0,21.0,36.0,3.0,209.0,58.0,239.0,28.0,3609.0,524.0,3085.0,1511.0,425.0,411.0,420.0,1161.0,350.0,813.0000000000001,299.9999999999999,299.00000000000006,99.0,1510.9999999999995,126265.48736039028,25839.56705339994,5387.634779024838,13615.353938414046,171108.0431312291,83904.16324673533,82609.65154775999,,,2009,,,,,,,,,,,,,,,,,,,,,,,,,,,,,,,,,
Mariposa,44.0,73.0,5.0,44.0,12.0,8.0,2.0,4.0,15.0,5.0,10.0,31.0,24.0,4.0,1.0,2.0,23.0,21.0,39.0,5.0,227.0,48.0,179.0,184.0,60.0,35.0,41.0,147.0,37.0,134.0,28.0,7.0,15.0,184.00000000000003,10388.576419081492,1028.7539725416198,104.85649339401336,830.2226146468565,12352.40949966398,6535.994802627022,6435.154493766996,,,2009,,,,,,,,,,,,,,,,,,,,,,,,,,,,,,,,,
Mendocino,252.0,362.0,28.0,220.0,55.0,68.0,14.0,13.0,39.0,2.0,37.0,140.0,71.0,39.0,9.0,21.0,147.0,105.0,220.0,32.0,1297.0,520.0,777.0,1461.0,375.0,216.0,521.0,1138.0,323.0,1006.0000000000002,226.0,48.0,181.00000000000003,1460.9999999999984,42936.727494122686,11195.16090434826,390.94715702605305,4486.114874307983,59008.95042980498,30022.752873440135,29559.54814883279,,,2009,,,,,,,,,,,,,,,,,,,,,,,,,,,,,,,,,
Merced,667.0,1152.0,52.0,647.0,254.0,156.0,64.0,5.0,264.0,42.0,222.0,440.0,119.0,241.0,49.0,31.0,499.0,168.0,597.0,70.0,6048.0,1658.0,4390.0,3735.0,986.0,905.0,1016.0,2873.0,862.0,1072.9999999999998,2069.9999999999995,414.99999999999994,177.0,3734.999999999999,56574.276712353145,79690.31615257342,5776.059720901502,15194.332857849804,157234.98544367787,79349.00583881672,78124.77318592262,,,2009,,,,,,,,,,,,,,,,,,,,,,,,,,,,,,,,,
Modoc,14.0,28.0,3.0,20.0,7.0,3.0,2.0,1.0,5.0,0.0,5.0,10.0,10.0,0.0,0.0,0.0,9.0,5.0,11.0,3.0,86.0,10.0,76.0,119.0,40.0,21.0,10.0,97.0,22.0,91.0,12.0,1.0,15.0,119.0,5050.130005312931,742.0089427662494,56.68580517623975,388.8364891563642,6237.661242411785,3443.624534716825,3390.4947247697246,,,2009,,,,,,,,,,,,,,,,,,,,,,,,,,,,,,,,,
Mono,33.0,36.0,3.0,18.0,12.0,6.0,1.0,0.0,8.0,2.0,6.0,20.0,12.0,7.0,0.0,1.0,15.0,18.0,28.0,5.0,302.0,49.0,253.0,156.0,50.0,37.0,38.0,133.0,23.0,105.0,43.0,1.0,6.999999999999999,156.00000000000006,7858.353597380417,2140.240534391526,42.688877282539785,445.2720363196586,10486.555045374143,5300.538346188771,5218.75922302618,,,2009,,,,,,,,,,,,,,,,,,,,,,,,,,,,,,,,,
Monterey,1007.0,1698.0,104.0,1067.0,272.0,299.0,134.0,9.0,349.0,38.0,311.0,627.0,145.0,378.0,74.0,30.0,658.0,349.0,877.0,130.0,9003.0,2118.0,6885.0,3905.0,1171.0,954.0,907.0,3134.0,771.0,978.0000000000005,2464.000000000002,313.0000000000001,150.00000000000003,3904.9999999999977,98276.43588522395,140772.43450526602,8964.668514401714,24233.49924983055,272247.03815472225,129976.38757226396,127971.05258300884,,,2009,,,,,,,,,,,,,,,,,,,,,,,,,,,,,,,,,
Napa,234.0,389.0,23.0,213.0,79.0,68.0,22.0,4.0,96.0,20.0,76.0,158.0,77.0,56.0,17.0,8.0,160.0,74.0,206.0,28.0,2214.0,580.0,1634.0,1319.0,326.0,314.0,297.0,1059.0,260.0,722.0000000000002,416.0000000000001,114.0,67.0,1319.0000000000005,53940.35838465587,25940.45583555373,1585.337253772911,7457.987269547753,88924.13874353027,43565.01139759688,42892.87053190059,,,2009,,,,,,,,,,,,,,,,,,,,,,,,,,,,,,,,,
Nevada,142.0,130.0,8.0,96.0,22.0,13.0,6.0,1.0,25.0,6.0,19.0,52.0,39.0,9.0,2.0,2.0,78.0,64.0,119.0,23.0,1127.0,289.0,838.0,661.0,185.0,155.0,226.0,490.0,171.0,587.9999999999998,44.0,9.0,20.0,661.0000000000003,57765.07222341674,4955.749561063705,228.69251384961177,2692.685191284166,65642.19948961423,34472.746354433926,33940.88510077484,,,2009,,,,,,,,,,,,,,,,,,,,,,,,,,,,,,,,,
Orange,5251.0,8793.0,605.0,4850.0,1989.0,1829.0,932.0,39.0,1946.0,397.0,1549.0,4311.0,1613.0,2089.0,303.0,306.0,3315.0,1936.0,4573.0,678.0,39662.0,7429.0,32233.0,22013.0,5210.0,6102.0,7057.0,17102.0,4911.0,9210.99999999999,9672.0,1246.0000000000011,1883.999999999999,22013.000000000033,948368.263814504,634018.2185618576,33093.726648376294,405393.2822683791,2020873.491293117,995906.2619225524,980540.9658841378,,,2009,,,,,,,,,,,,,,,,,,,,,,,,,,,,,,,,,
Placer,535.0,946.0,92.0,417.0,287.0,194.0,81.0,8.0,297.0,49.0,248.0,361.0,245.0,53.0,38.0,25.0,345.0,190.0,460.0,75.0,5090.0,816.0,4274.0,3243.0,633.0,953.0,734.0,2394.0,849.0,2426.999999999999,450.99999999999994,229.00000000000003,135.99999999999994,3243.000000000001,174403.84250873514,25518.76933452873,3026.9205011014765,19857.058150736673,222806.590495102,105119.73629392752,103497.90105762907,,,2009,,,,,,,,,,,,,,,,,,,,,,,,,,,,,,,,,
Plumas,43.0,68.0,7.0,40.0,12.0,13.0,3.0,1.0,9.0,0.0,9.0,41.0,28.0,10.0,1.0,2.0,21.0,22.0,35.0,8.0,326.0,121.0,205.0,307.0,100.0,38.0,101.0,233.0,74.0,251.00000000000009,25.000000000000007,13.999999999999998,17.000000000000004,307.0,11834.92999514986,919.9533369262448,128.0825029602166,687.8401476769905,13570.805982713311,7186.2081011593555,7075.336004969488,,,2009,,,,,,,,,,,,,,,,,,,,,,,,,,,,,,,,,
Riverside,3359.0,10298.0,729.0,5944.0,2321.0,1896.0,773.0,84.0,2809.0,469.0,2340.0,3842.0,1222.0,1844.0,681.0,95.0,2646.0,713.0,3017.0,342.0,45088.0,7285.0,37803.0,20806.0,5022.0,5572.0,5625.0,16088.0,4718.0,7543.000000000005,9317.999999999987,3232.000000000002,712.9999999999997,20805.999999999996,577224.5696710204,570632.5316520758,85818.24089914419,119722.89055989332,1353398.2327821336,664173.5587006916,653926.3861097463,,,2009,,,,,,,,,,,,,,,,,,,,,,,,,,,,,,,,,
Sacramento,4176.0,7296.0,423.0,4712.0,1329.0,1101.0,383.0,49.0,2232.0,541.0,1691.0,2455.0,787.0,482.0,968.0,218.0,2423.0,1753.0,3736.0,440.0,40823.0,8988.0,31835.0,17568.0,4603.0,4690.0,4271.0,13505.0,4063.0,6619.000000000001,3252.999999999999,6384.999999999998,1311.0000000000005,17567.99999999999,493233.3456446406,177712.40093844486,91894.77441268912,173789.27652026922,936629.797516044,452672.6677049722,445688.627325149,,,2009,,,,,,,,,,,,,,,,,,,,,,,,,,,,,,,,,
San Benito,120.0,138.0,6.0,71.0,28.0,31.0,18.0,1.0,18.0,5.0,13.0,70.0,9.0,60.0,0.0,1.0,81.0,39.0,104.0,16.0,994.0,246.0,748.0,501.0,170.0,98.0,106.0,374.0,127.0,161.00000000000006,317.99999999999994,10.0,12.0,501.00000000000017,15044.66219921047,18663.039694130908,255.29603075305812,1565.587921768136,35528.58584586257,18130.860851192712,17851.129660556275,,,2009,,,,,,,,,,,,,,,,,,,,,,,,,,,,,,,,,
San Bernardino,5629.0,11764.0,921.0,6400.0,2932.0,2188.0,882.0,172.0,2618.0,600.0,2018.0,6207.0,1826.0,2687.0,1544.0,150.0,4377.0,1252.0,4790.0,839.0,45352.0,10038.0,35314.0,30085.0,7395.0,9284.0,8426.0,23080.0,7005.0,9859.000000000002,12835.000000000002,6236.999999999997,1154.0000000000002,30084.999999999956,495476.5802515548,580345.9715594577,112880.08029397632,116061.2330747277,1304763.8651797164,653279.3550390446,643200.2631910007,,,2009,,,,,,,,,,,,,,,,,,,,,,,,,,,,,,,,,
San Diego,4866.0,11856.0,869.0,6771.0,2665.0,2428.0,727.0,180.0,3703.0,658.0,3045.0,4203.0,1397.0,1525.0,984.0,297.0,3048.0,1818.0,4159.0,707.0,56300.0,12775.0,43525.0,27250.0,8349.0,6748.0,7312.0,21007.0,6243.0,11016.000000000002,9137.999999999996,5185.000000000001,1911.000000000001,27250.00000000003,1104188.854540826,607761.4763175827,108193.76506248506,301373.7954129791,2121517.891333873,991080.8616354492,975790.0140735127,,,2009,,,,,,,,,,,,,,,,,,,,,,,,,,,,,,,,,
San Francisco,1970.0,1533.0,99.0,990.0,241.0,321.0,30.0,15.0,193.0,41.0,152.0,640.0,131.0,89.0,372.0,48.0,1628.0,342.0,1710.0,260.0,17169.0,6030.0,11139.0,15533.0,3156.0,2564.0,6696.0,12692.0,2841.0,7038.178985625842,6826.53563169487,4444.510432550281,1357.0073869691337,19666.23243684013,280627.24655496737,89662.04416067063,34868.787399073044,211733.84526634496,616891.9233810559,286230.68357322324,281814.5860382101,,*Adjusted for San Francisco underreporting of arrests using reported-offense arrest change.,2009,,,,,,,,,,,,,,,,,,,,,,,,,,,,,,,,,
San Joaquin,1309.0,3489.0,252.0,2109.0,829.0,511.0,187.0,13.0,697.0,109.0,588.0,1426.0,402.0,453.0,409.0,162.0,792.0,517.0,1121.0,188.0,22502.0,5531.0,16971.0,9478.0,2705.0,2509.0,1793.0,7395.0,2083.0,3392.0000000000005,3289.9999999999977,2142.0,654.0000000000002,9478.000000000002,172986.6811034733,151554.58620176208,30805.663320740936,75185.27608490497,430532.20671088126,206141.9526992768,202961.50063238575,,,2009,,,,,,,,,,,,,,,,,,,,,,,,,,,,,,,,,
San Luis Obispo,481.0,752.0,49.0,433.0,165.0,133.0,65.0,6.0,182.0,56.0,126.0,322.0,192.0,90.0,33.0,7.0,251.0,230.0,418.0,63.0,3703.0,694.0,3009.0,2049.0,570.0,524.0,495.0,1622.0,427.0,1394.0000000000005,497.0000000000001,124.0,34.000000000000014,2049.000000000002,138628.8770373615,35093.18010589547,4733.235487511065,11516.075255701377,189971.3678864694,89310.64110049643,87932.71579531701,,,2009,,,,,,,,,,,,,,,,,,,,,,,,,,,,,,,,,
San Mateo,1024.0,1558.0,101.0,1008.0,309.0,246.0,99.0,8.0,407.0,89.0,318.0,680.0,181.0,194.0,180.0,125.0,649.0,375.0,913.0,111.0,10749.0,2072.0,8677.0,4759.0,1235.0,1244.0,1396.0,3831.0,928.0,1410.9999999999998,1726.000000000001,832.9999999999998,789.0,4759.000000000005,211816.00124346768,118395.18113355157,13722.905093264651,145853.69980269077,489787.7872729746,239148.2154082888,235458.5276662785,,,2009,,,,,,,,,,,,,,,,,,,,,,,,,,,,,,,,,
Santa Barbara,940.0,1579.0,125.0,903.0,325.0,308.0,120.0,5.0,307.0,87.0,220.0,769.0,212.0,480.0,54.0,23.0,708.0,232.0,816.0,124.0,6637.0,1897.0,4740.0,3592.0,1154.0,836.0,816.0,2919.0,673.0,1348.0000000000002,1910.999999999999,218.99999999999997,114.0,3591.999999999999,146214.92534041207,112149.92460086252,5576.000669745338,22114.774862315797,286055.62547333573,136640.2866158523,134532.13795277095,,,2009,,,,,,,,,,,,,,,,,,,,,,,,,,,,,,,,,
Santa Clara,4034.0,5520.0,322.0,3546.0,1123.0,804.0,324.0,19.0,1659.0,512.0,1147.0,2184.0,467.0,1144.0,320.0,253.0,2828.0,1206.0,3524.0,510.0,28803.0,5013.0,23790.0,14269.0,3663.0,3759.0,4019.0,11232.0,3037.0,3780.0,7049.999999999996,1657.0000000000002,1781.9999999999998,14269.000000000013,454766.348132475,301294.825477563,31953.82606459911,421654.4818533536,1209669.481527991,573506.4115608251,564658.0930689325,,,2009,,,,,,,,,,,,,,,,,,,,,,,,,,,,,,,,,
Santa Cruz,447.0,532.0,30.0,371.0,101.0,50.0,18.0,2.0,103.0,14.0,89.0,167.0,67.0,82.0,15.0,3.0,227.0,220.0,392.0,55.0,6020.0,1215.0,4805.0,2715.0,664.0,631.0,832.0,2174.0,541.0,1391.9999999999995,1102.0,160.99999999999997,59.999999999999986,2715.0,118990.19030138082,53539.32034939742,1820.4234253798625,14111.0183598102,188460.9524359683,91723.58670192814,90308.43337147353,,,2009,,,,,,,,,,,,,,,,,,,,,,,,,,,,,,,,,
Shasta,214.0,1370.0,156.0,720.0,328.0,300.0,129.0,9.0,385.0,75.0,310.0,521.0,393.0,55.0,31.0,42.0,156.0,58.0,186.0,28.0,4002.0,1280.0,2722.0,1684.0,396.0,389.0,415.0,1196.0,488.0,1409.0000000000002,84.0,92.0,99.0,1683.9999999999998,97982.03063119556,8184.13718729272,878.3647604802063,8820.904608695186,115865.43718766369,58850.62813459031,57942.65380215765,,,2009,,,,,,,,,,,,,,,,,,,,,,,,,,,,,,,,,
Sierra,6.0,10.0,0.0,6.0,1.0,1.0,1.0,0.0,2.0,1.0,1.0,1.0,0.0,1.0,0.0,0.0,4.0,2.0,5.0,1.0,46.0,13.0,33.0,40.0,12.0,10.0,6.0,35.0,5.0,35.00000000000001,3.0,0.0,2.0,40.0,1999.7740745231984,158.6012135794663,3.9025931696735543,76.18587998782914,2238.463761260168,1253.6555442537692,1234.3135747289737,,,2009,,,,,,,,,,,,,,,,,,,,,,,,,,,,,,,,,
Siskiyou,85.0,232.0,11.0,141.0,42.0,27.0,7.0,3.0,48.0,8.0,40.0,49.0,38.0,3.0,2.0,6.0,53.0,32.0,77.0,8.0,630.0,183.0,447.0,623.0,171.0,118.0,176.0,485.0,138.0,488.00000000000006,46.00000000000001,38.0,50.99999999999999,623.0000000000001,24014.70024947054,2566.621650119327,379.8685454823389,2385.3542954496625,29346.54474052187,15009.073461115082,14777.50663016942,,,2009,,,,,,,,,,,,,,,,,,,,,,,,,,,,,,,,,
Solano,853.0,1522.0,135.0,936.0,341.0,267.0,113.0,2.0,237.0,36.0,201.0,616.0,194.0,86.0,294.0,42.0,640.0,213.0,746.0,107.0,10524.0,2064.0,8460.0,4625.0,1349.0,1004.0,1313.0,3572.0,1053.0,1787.0,931.0,1617.0000000000002,290.0000000000001,4625.0,125079.44137946331,58241.6776597901,41494.74049662338,54276.2663468908,279092.1258827676,139510.9549052551,137358.51626250273,,,2009,,,,,,,,,,,,,,,,,,,,,,,,,,,,,,,,,
Sonoma,955.0,1185.0,78.0,733.0,261.0,135.0,41.0,5.0,221.0,27.0,194.0,455.0,228.0,170.0,37.0,20.0,529.0,426.0,822.0,133.0,6454.0,1917.0,4537.0,4666.0,1179.0,1035.0,1608.0,3610.0,1056.0,2810.999999999998,1305.0000000000002,335.0,215.0000000000001,4665.999999999998,229147.2354425396,71184.63027402872,4793.509617931182,22676.466159040516,327801.84149354004,159640.76036367903,157177.749901178,,,2009,,,,,,,,,,,,,,,,,,,,,,,,,,,,,,,,,
Stanislaus,1278.0,2329.0,187.0,1138.0,683.0,479.0,277.0,10.0,588.0,111.0,477.0,1053.0,502.0,389.0,106.0,56.0,851.0,427.0,1088.0,190.0,14877.0,2721.0,12156.0,8199.0,1909.0,2106.0,2130.0,6307.0,1892.0,3861.000000000003,3196.999999999999,772.9999999999999,368.0,8199.000000000005,167569.113081534,122569.8730616028,8506.641808818647,28085.789247848035,326731.41719980346,157300.40875124573,154873.50630084777,,,2009,,,,,,,,,,,,,,,,,,,,,,,,,,,,,,,,,
Sutter,233.0,454.0,45.0,223.0,149.0,53.0,25.0,0.0,33.0,7.0,26.0,278.0,162.0,85.0,17.0,14.0,174.0,59.0,185.0,48.0,1354.0,316.0,1038.0,1050.0,391.0,277.0,171.0,743.0,307.0,611.9999999999999,274.0,82.0,82.0,1049.9999999999998,31958.961525788036,15502.398868562565,1176.152465616383,11148.188613330502,59785.701473297486,28234.644702471385,27799.027726275817,,,2009,,,,,,,,,,,,,,,,,,,,,,,,,,,,,,,,,
Tehama,180.0,398.0,32.0,198.0,66.0,107.0,35.0,17.0,77.0,18.0,59.0,145.0,99.0,40.0,2.0,4.0,107.0,73.0,143.0,37.0,1112.0,387.0,725.0,1082.0,218.0,229.0,449.0,831.0,251.0,802.0,226.00000000000003,25.0,29.0,1082.000000000001,30073.350240712607,7586.907725237402,230.36363330277177,2173.8727236386403,40064.49432289143,20525.436471424153,20208.760675960948,,,2009,,,,,,,,,,,,,,,,,,,,,,,,,,,,,,,,,
Trinity,32.0,59.0,3.0,34.0,14.0,8.0,3.0,3.0,13.0,4.0,9.0,23.0,19.0,2.0,1.0,1.0,13.0,19.0,25.0,7.0,145.0,22.0,123.0,234.0,61.0,47.0,63.0,186.0,48.0,187.0,25.0,3.0,19.0,234.00000000000003,8014.427717455921,533.5959309654281,40.84780429958507,800.6227754692809,9389.494228190217,4933.411142593331,4857.296225373284,,,2009,,,,,,,,,,,,,,,,,,,,,,,,,,,,,,,,,
Tulare,1481.0,2766.0,185.0,1604.0,661.0,419.0,179.0,17.0,620.0,109.0,511.0,909.0,259.0,570.0,49.0,31.0,701.0,780.0,1267.0,214.0,11353.0,2230.0,9123.0,6908.0,1905.0,1703.0,1613.0,5425.0,1483.0,1935.9999999999995,4476.000000000001,344.00000000000006,151.99999999999997,6907.999999999999,97603.41657902463,150295.80988672853,3646.7440949199545,14742.048908763594,266288.0194694367,134125.7212813484,132056.3684791325,,,2009,,,,,,,,,,,,,,,,,,,,,,,,,,,,,,,,,
Tuolumne,113.0,246.0,25.0,125.0,55.0,58.0,17.0,6.0,67.0,5.0,62.0,82.0,67.0,10.0,1.0,4.0,63.0,50.0,82.0,31.0,827.0,158.0,669.0,800.0,147.0,192.0,197.0,567.0,233.0,713.0000000000002,56.00000000000001,12.000000000000002,19.000000000000004,800.0000000000002,30604.35559977742,3990.715689789538,1125.890655506178,1758.9137989055453,37479.87574397868,19476.655521207744,19176.16079658992,,,2009,,,,,,,,,,,,,,,,,,,,,,,,,,,,,,,,,
Ventura,1527.0,2154.0,134.0,1302.0,444.0,366.0,154.0,6.0,433.0,75.0,358.0,828.0,269.0,491.0,49.0,19.0,982.0,545.0,1299.0,228.0,9717.0,2021.0,7696.0,7821.0,2027.0,1977.0,1930.0,6138.0,1683.0,3024.0,4199.000000000001,397.00000000000017,200.99999999999991,7820.999999999999,280288.35929482087,201655.96339578996,9589.133452765847,48644.9831112097,540178.4392545864,268803.8722477226,264656.6435061489,,,2009,,,,,,,,,,,,,,,,,,,,,,,,,,,,,,,,,
Yolo,404.0,1072.0,92.0,471.0,246.0,330.0,113.0,6.0,249.0,27.0,222.0,528.0,212.0,189.0,75.0,52.0,317.0,87.0,354.0,50.0,3535.0,556.0,2979.0,2163.0,493.0,478.0,573.0,1670.0,493.0,1052.0000000000002,733.9999999999999,248.99999999999997,128.00000000000003,2162.999999999999,73707.93282487565,37348.94261218224,3321.3462697745076,27185.63157615572,141563.85328298813,67414.3579947916,66374.25853218755,,,2009,,,,,,,,,,,,,,,,,,,,,,,,,,,,,,,,,
Yuba,417.0,487.0,51.0,299.0,107.0,82.0,24.0,3.0,67.0,12.0,55.0,203.0,135.0,42.0,14.0,12.0,365.0,52.0,353.0,64.0,1162.0,279.0,883.0,1145.0,331.0,331.0,200.0,857.0,288.0,768.0,184.0,117.0,76.00000000000001,1145.0,29164.523443234066,9684.872583945094,1424.557949852674,5598.728498694538,45872.68247572637,23303.599534631627,22944.060972318497,,,2009,,,,,,,,,,,,,,,,,,,,,,,,,,,,,,,,,
Alameda,3821.0,4116.0,155.0,3276.0,558.0,359.0,72.0,25.0,615.0,138.0,477.0,1249.0,125.0,232.0,808.0,84.0,3201.0,620.0,3518.0,303.0,40927.0,10468.0,30459.0,14991.0,3076.0,3547.0,5125.0,12029.0,2962.0,3174.000000000001,3171.000000000002,7337.000000000001,1309.0000000000005,1513493.0,379270.4882332224,221663.06207052697,130709.423986949,325188.7056034962,1056831.6798941945,519017.0,535550.0,45828.0,,2010,,,,,,,,,,,,,,,,,,,,,,,,,,,,,,,,,
Alpine,0.0,6.0,0.0,3.0,0.0,3.0,0.0,2.0,0.0,0.0,0.0,4.0,0.0,2.0,0.0,2.0,0.0,0.0,0.0,0.0,50.0,10.0,40.0,15.0,6.0,0.0,3.0,13.0,2.0,6.0,3.0,0.0,6.0,1147.0,626.7409929839861,37.021778034880874,0.0,146.20353753519873,809.9663085540657,436.0,382.0,,,2010,,,,,,,,,,,,,,,,,,,,,,,,,,,,,,,,,
Amador,85.0,186.0,19.0,87.0,35.0,48.0,28.0,2.0,51.0,13.0,38.0,101.0,68.0,13.0,7.0,13.0,44.0,41.0,72.0,13.0,571.0,110.0,461.0,507.0,87.0,49.0,172.0,351.0,156.0,401.99999999999994,55.0,13.000000000000002,37.0,37907.0,20646.533800066405,3409.681123374843,868.9342486004598,1314.34293707068,26239.49210911239,15011.0,11355.0,,,2010,,,,,,,,,,,,,,,,,,,,,,,,,,,,,,,,,
Butte,535.0,1197.0,128.0,664.0,284.0,269.0,149.0,25.0,164.0,42.0,122.0,555.0,386.0,94.0,53.0,22.0,401.0,134.0,472.0,63.0,4235.0,762.0,3473.0,1924.0,527.0,467.0,617.0,1417.0,507.0,1525.9999999999998,209.0000000000001,107.0,81.99999999999999,220024.0,115136.7677275905,19588.829468319047,2245.847216593928,12713.082793782669,149684.52720628612,75279.0,74541.0,,,2010,,,,,,,,,,,,,,,,,,,,,,,,,,,,,,,,,
Calaveras,62.0,102.0,9.0,56.0,16.0,27.0,20.0,2.0,13.0,0.0,13.0,46.0,38.0,2.0,1.0,5.0,37.0,25.0,53.0,9.0,640.0,93.0,547.0,460.0,148.0,69.0,159.0,342.0,118.0,393.00000000000006,41.0,9.999999999999998,16.000000000000004,45258.00000000012,25752.120281825773,2870.089554141762,213.01296982824536,1525.2704291862538,30360.493234982037,15172.0,15205.0,,,2010,,,,,,,,,,,,,,,,,,,,,,,,,,,,,,,,,
Colusa,46.0,86.0,8.0,55.0,18.0,9.0,3.0,0.0,7.0,3.0,4.0,38.0,20.0,16.0,1.0,1.0,30.0,16.0,35.0,11.0,381.0,48.0,333.0,277.0,63.0,53.0,44.0,202.0,75.0,137.0,116.00000000000004,12.000000000000002,12.0,21452.0,5760.388752643541,7060.020800294019,87.86183368077775,509.0517471859712,13417.323133804308,6841.0,6485.0,,,2010,,,,,,,,,,,,,,,,,,,,,,,,,,,,,,,,,
Contra Costa,1577.0,1823.0,59.0,1453.0,290.0,97.0,14.0,5.0,316.0,89.0,227.0,467.0,128.0,119.0,191.0,29.0,1366.0,211.0,1375.0,202.0,24266.0,4326.0,19940.0,10509.0,2330.0,3083.0,3165.0,8239.0,2270.0,4183.999999999996,2162.9999999999995,3547.999999999998,614.0000000000003,1052192.0,349996.1471075568,159776.22549274372,62694.1086641611,129741.45045799088,702207.9317224525,341317.0,358041.0,,,2010,,,,,,,,,,,,,,,,,,,,,,,,,,,,,,,,,
Del Norte,103.0,131.0,7.0,96.0,20.0,11.0,3.0,0.0,18.0,6.0,12.0,32.0,23.0,4.0,0.0,5.0,66.0,37.0,81.0,22.0,609.0,111.0,498.0,525.0,175.0,109.0,139.0,383.0,142.0,452.0,24.0,10.0,38.99999999999999,28576.999999999945,12928.3877812902,3681.8651658659423,1030.433151825601,2234.4355562439487,19875.121655225692,11627.0,8217.0,,,2010,,,,,,,,,,,,,,,,,,,,,,,,,,,,,,,,,
El Dorado,300.0,426.0,38.0,266.0,100.0,61.0,28.0,5.0,82.0,17.0,65.0,181.0,130.0,28.0,7.0,16.0,149.0,151.0,254.0,46.0,2360.0,485.0,1875.0,1682.0,486.0,325.0,383.0,1244.0,438.0,1405.0,173.00000000000003,43.0,61.0,181183.0,99491.8710665854,13461.205020905909,877.5881873158208,8560.540615475795,122391.20489028293,61462.0,61038.0,,,2010,,,,,,,,,,,,,,,,,,,,,,,,,,,,,,,,,
Fresno,1751.0,4507.0,256.0,2843.0,902.0,596.0,361.0,21.0,982.0,196.0,786.0,1758.0,382.0,967.0,294.0,115.0,1530.0,221.0,1567.0,184.0,28584.0,4976.0,23608.0,13345.0,3692.0,3071.0,3331.0,10710.0,2635.0,3402.000000000001,7210.999999999994,2002.999999999999,729.0000000000003,933074.9999999992,210351.83315356713,281553.09793042723,29626.201275211304,68692.26460606093,590223.3969652666,295800.0,292251.0,,,2010,,,,,,,,,,,,,,,,,,,,,,,,,,,,,,,,,
Glenn,78.0,121.0,5.0,68.0,21.0,23.0,5.0,3.0,15.0,2.0,13.0,51.0,29.0,16.0,1.0,5.0,55.0,23.0,63.0,15.0,448.0,73.0,375.0,428.0,103.0,82.0,132.0,325.0,103.0,265.99999999999994,121.99999999999996,14.0,26.000000000000007,28188.0,10295.0091384298,6321.331360340463,118.91717930256496,1001.0569811263084,17736.314659199135,9043.0,8642.0,,,2010,,,,,,,,,,,,,,,,,,,,,,,,,,,,,,,,,
Humboldt,373.0,593.0,35.0,323.0,115.0,128.0,69.0,13.0,42.0,2.0,40.0,313.0,230.0,20.0,8.0,55.0,273.0,100.0,313.0,60.0,3044.0,529.0,2515.0,2079.0,458.0,406.0,652.0,1575.0,504.0,1695.9999999999998,97.99999999999994,58.99999999999999,225.99999999999997,134575.0,76089.5857788391,8550.723815083013,1100.0359313281122,9857.09055777495,95597.43608302515,48629.0,46899.0,,,2010,,,,,,,,,,,,,,,,,,,,,,,,,,,,,,,,,
Imperial,555.0,389.0,21.0,209.0,87.0,89.0,26.0,5.0,48.0,13.0,35.0,197.0,30.0,144.0,17.0,6.0,418.0,137.0,504.0,51.0,3748.0,618.0,3130.0,2469.0,496.0,628.0,919.0,1973.0,496.0,437.0,1844.000000000001,133.0,55.00000000000001,175594.0,16745.467818360787,86903.27463959031,4657.414450000224,3028.9654457621364,111335.12235371346,57722.0,52927.0,,,2010,,,,,,,,,,,,,,,,,,,,,,,,,,,,,,,,,
Inyo,72.0,66.0,5.0,44.0,9.0,9.0,1.0,0.0,6.0,1.0,5.0,21.0,13.0,4.0,1.0,3.0,36.0,36.0,62.0,10.0,218.0,69.0,149.0,210.0,68.0,40.0,60.0,164.0,46.0,125.0,33.99999999999999,4.0,46.99999999999999,18627.0,8430.314938510726,2081.597019316085,82.0323362295426,1598.1039190633055,12192.04821311966,6214.0,5932.0,,,2010,,,,,,,,,,,,,,,,,,,,,,,,,,,,,,,,,
Kern,2313.0,4605.0,346.0,2259.0,1053.0,1204.0,716.0,37.0,1349.0,412.0,937.0,2362.0,810.0,1112.0,402.0,38.0,1890.0,423.0,2045.0,268.0,25109.0,4879.0,20230.0,13611.0,3681.0,3582.0,3549.0,10714.0,2897.0,5074.999999999999,6372.000000000002,1940.0000000000005,224.00000000000003,841744.0000000021,223022.31887781937,247553.25401395716,30804.60717218762,35641.82857003703,537022.0086340012,281529.0,253624.0,,,2010,,,,,,,,,,,,,,,,,,,,,,,,,,,,,,,,,
Kings,336.0,1451.0,153.0,746.0,325.0,337.0,149.0,19.0,386.0,127.0,259.0,678.0,178.0,371.0,96.0,33.0,189.0,147.0,285.0,51.0,2232.0,533.0,1699.0,1400.0,352.0,258.0,316.0,1068.0,332.0,430.00000000000006,757.0000000000003,135.0,77.99999999999999,153020.0,38542.28195559115,48597.27500528643,8702.633199189584,6422.140476844914,102264.33063691208,61149.0,41112.0,,,2010,,,,,,,,,,,,,,,,,,,,,,,,,,,,,,,,,
Lake,200.0,377.0,25.0,232.0,69.0,61.0,33.0,9.0,75.0,12.0,63.0,154.0,98.0,27.0,12.0,17.0,149.0,51.0,177.0,23.0,1439.0,292.0,1147.0,1047.0,299.0,164.0,298.0,775.0,272.0,780.9999999999998,141.99999999999997,67.00000000000003,57.000000000000014,64466.0,33388.65836846543,6582.461289685862,778.6364765162989,2748.391963610171,43498.148098277765,21822.0,21522.0,,,2010,,,,,,,,,,,,,,,,,,,,,,,,,,,,,,,,,
Lassen,67.0,133.0,12.0,85.0,26.0,19.0,6.0,3.0,31.0,14.0,17.0,59.0,40.0,8.0,4.0,7.0,48.0,19.0,59.0,8.0,427.0,118.0,309.0,334.0,100.0,64.0,63.0,239.0,95.0,274.99999999999994,29.999999999999996,6.0,23.000000000000004,34730.0,16943.9761857767,4986.908661643099,2902.7342612606744,1653.7513075434763,26487.37041622395,18038.0,8280.0,,,2010,,,,,,,,,,,,,,,,,,,,,,,,,,,,,,,,,
Los Angeles,15119.0,50720.0,3220.0,33002.0,9196.0,8262.0,2920.0,542.0,15253.0,3190.0,12063.0,19047.0,2967.0,8966.0,6367.0,747.0,10712.0,4407.0,13486.0,1633.0,200091.0,50223.0,149868.0,108997.0,28800.0,27824.0,32126.0,86645.0,22352.0,20965.0,53888.999999999985,28832.999999999993,5310.000000000002,9827070.0,1976709.2538088523,3028267.4684625086,566421.1547705918,1118865.243399838,6690263.120441791,3306288.0,3367697.0,,,2010,,,,,,,,,,,,,,,,,,,,,,,,,,,,,,,,,
Madera,369.0,566.0,81.0,359.0,123.0,131.0,62.0,8.0,156.0,40.0,116.0,204.0,60.0,105.0,31.0,8.0,242.0,127.0,321.0,48.0,2960.0,654.0,2306.0,1287.0,399.0,246.0,271.0,1062.0,225.0,446.0,721.0,71.0,48.99999999999999,151160.0,39201.633039822795,49044.71813330901,4128.642656736856,4425.546775117677,96800.54060498637,45413.0,50983.0,,,2010,,,,,,,,,,,,,,,,,,,,,,,,,,,,,,,,,
Marin,288.0,405.0,15.0,244.0,96.0,43.0,15.0,1.0,110.0,48.0,62.0,118.0,50.0,22.0,38.0,8.0,233.0,55.0,256.0,32.0,3569.0,520.0,3049.0,1613.0,473.0,447.0,419.0,1214.0,399.0,871.0000000000001,374.00000000000017,268.00000000000006,100.00000000000004,252767.0,125621.78497315796,26868.664789676463,5630.479980798141,14420.379241956483,172541.30898558907,85567.0,86473.0,,,2010,,,,,,,,,,,,,,,,,,,,,,,,,,,,,,,,,
Mariposa,35.0,68.0,8.0,44.0,15.0,5.0,3.0,2.0,13.0,5.0,8.0,29.0,21.0,3.0,1.0,4.0,19.0,16.0,28.0,7.0,219.0,37.0,182.0,237.0,64.0,44.0,47.0,192.0,45.0,151.00000000000003,62.999999999999986,8.0,15.0,18119.0,10519.240195268969,1046.8735169041804,98.14984364652504,797.049992994609,12461.313548814283,6414.0,6078.0,,,2010,,,,,,,,,,,,,,,,,,,,,,,,,,,,,,,,,
Mendocino,232.0,339.0,18.0,216.0,48.0,55.0,12.0,9.0,34.0,2.0,32.0,122.0,70.0,28.0,8.0,16.0,133.0,99.0,204.0,28.0,1424.0,488.0,936.0,1433.0,353.0,274.0,496.0,1098.0,335.0,972.0000000000002,240.00000000000017,38.0,183.0,87939.0,43000.33291094932,11652.813874301391,411.92390601275093,4591.831156328684,59656.90184759215,30102.0,29417.0,,,2010,,,,,,,,,,,,,,,,,,,,,,,,,,,,,,,,,
Merced,619.0,1052.0,53.0,636.0,219.0,143.0,73.0,5.0,235.0,41.0,194.0,381.0,101.0,198.0,56.0,26.0,439.0,180.0,571.0,48.0,5978.0,1448.0,4530.0,3618.0,960.0,860.0,1076.0,2872.0,746.0,1098.0000000000002,1961.0,393.99999999999994,165.00000000000009,256386.0,56200.93862167754,82246.7997930491,5803.783008885648,14755.85195102828,159007.37337464056,80259.0,78482.0,,,2010,,,,,,,,,,,,,,,,,,,,,,,,,,,,,,,,,
Modoc,16.0,27.0,0.0,21.0,4.0,1.0,1.0,0.0,4.0,0.0,4.0,6.0,3.0,3.0,0.0,0.0,9.0,7.0,12.0,4.0,114.0,17.0,97.0,178.0,62.0,36.0,33.0,137.0,41.0,129.00000000000003,22.000000000000004,4.0,23.0,9676.00000000001,5103.663579768167,763.3092530469312,52.041214704479735,360.9608447516357,6279.974892271214,3166.0,3125.0,,,2010,,,,,,,,,,,,,,,,,,,,,,,,,,,,,,,,,
Mono,26.0,25.0,3.0,13.0,9.0,3.0,2.0,0.0,6.0,2.0,4.0,7.0,4.0,1.0,0.0,2.0,18.0,8.0,25.0,1.0,244.0,59.0,185.0,144.0,40.0,43.0,34.0,117.0,27.0,90.0,42.00000000000001,1.0,11.0,14114.0,7566.844541794686,2361.7032020497236,29.67744725219217,442.4179821980324,10400.643173294637,5618.0,4762.0,,,2010,,,,,,,,,,,,,,,,,,,,,,,,,,,,,,,,,
Monterey,1024.0,1604.0,111.0,1059.0,236.0,274.0,114.0,8.0,369.0,38.0,331.0,648.0,157.0,405.0,68.0,18.0,749.0,275.0,912.0,112.0,8208.0,2037.0,6171.0,3996.0,1250.0,931.0,984.0,3137.0,859.0,1168.999999999999,2357.0000000000005,328.00000000000006,142.0,415824.9999999993,96071.15926518403,144303.3984612784,8768.661542079826,24810.20754263646,273953.42681117874,143328.0,129684.0,,,2010,,,,,,,,,,,,,,,,,,,,,,,,,,,,,,,,,
Napa,253.0,361.0,19.0,206.0,81.0,56.0,14.0,7.0,89.0,21.0,68.0,168.0,65.0,79.0,18.0,6.0,167.0,86.0,226.0,27.0,2047.0,651.0,1396.0,1405.0,328.0,305.0,326.0,1131.0,274.0,720.9999999999998,475.9999999999999,134.99999999999994,73.0,136681.0,52700.94910353216,27686.35616368083,1782.002185236561,8714.570550972494,90883.87800342204,45752.0,44813.0,,,2010,,,,,,,,,,,,,,,,,,,,,,,,,,,,,,,,,
Nevada,171.0,127.0,9.0,86.0,27.0,17.0,8.0,2.0,23.0,6.0,17.0,40.0,22.0,11.0,1.0,6.0,86.0,85.0,141.0,30.0,1169.0,311.0,858.0,770.0,210.0,172.0,268.0,591.0,179.0,673.0000000000001,66.0,13.0,18.0,98484.00000000016,58166.68489005462,5383.996652839671,235.19430551289983,2949.653364714948,66735.52921312214,33198.0,33529.0,,,2010,,,,,,,,,,,,,,,,,,,,,,,,,,,,,,,,,
Orange,6015.0,8321.0,480.0,4957.0,1756.0,1502.0,743.0,33.0,1813.0,395.0,1418.0,3547.0,1336.0,1704.0,243.0,264.0,3341.0,2674.0,5272.0,743.0,39450.0,6907.0,32543.0,23142.0,5090.0,6290.0,8152.0,17800.0,5342.0,9997.999999999996,9845.999999999984,1253.000000000001,2044.9999999999995,3017089.0,932628.607299705,638497.2574257954,33997.07197253531,433713.46132321074,2038836.3980212463,1010132.0,1021185.0,,,2010,,,,,,,,,,,,,,,,,,,,,,,,,,,,,,,,,
Placer,487.0,944.0,75.0,405.0,294.0,201.0,89.0,5.0,312.0,51.0,261.0,393.0,283.0,56.0,27.0,27.0,320.0,167.0,420.0,67.0,4989.0,785.0,4204.0,3338.0,633.0,904.0,886.0,2465.0,873.0,2515.0,423.00000000000006,242.00000000000009,158.00000000000003,350609.0,174699.26689325785,27716.694000603115,3148.132334802771,22267.984554862924,227832.07778352665,110739.0,115505.0,,,2010,,,,,,,,,,,,,,,,,,,,,,,,,,,,,,,,,
Plumas,42.0,59.0,2.0,37.0,11.0,11.0,1.0,1.0,9.0,0.0,9.0,25.0,19.0,4.0,2.0,0.0,26.0,17.0,35.0,8.0,351.0,109.0,242.0,293.0,91.0,45.0,84.0,226.0,67.0,252.0,19.0,11.0,11.0,19993.0,11894.943888313086,990.951767449502,127.28579564782116,704.3940332414295,13717.57548465184,6880.0,6839.0,,,2010,,,,,,,,,,,,,,,,,,,,,,,,,,,,,,,,,
Riverside,3154.0,10089.0,664.0,6215.0,2158.0,1694.0,754.0,70.0,2933.0,503.0,2430.0,3598.0,1158.0,1635.0,713.0,92.0,2459.0,695.0,2776.0,378.0,43062.0,6605.0,36457.0,18420.0,4579.0,4850.0,5205.0,14228.0,4192.0,6805.999999999999,8398.999999999996,2608.9999999999995,606.0,2191800.0,582546.7814959765,596181.3950018723,89512.5544438712,125439.2760083524,1393680.0069500722,693673.0,695769.0,,,2010,,,,,,,,,,,,,,,,,,,,,,,,,,,,,,,,,
Sacramento,4168.0,7226.0,375.0,4919.0,1272.0,948.0,329.0,23.0,2250.0,557.0,1693.0,2154.0,637.0,405.0,898.0,214.0,2447.0,1721.0,3731.0,437.0,40426.0,8551.0,31875.0,16470.0,4498.0,4458.0,4105.0,12734.0,3736.0,6471.000000000003,3092.999999999999,5742.000000000002,1164.0,1420447.0,485608.1345799812,186537.70814650084,93571.15278526489,180747.35845329484,946464.3539650418,463552.0,481036.0,,,2010,,,,,,,,,,,,,,,,,,,,,,,,,,,,,,,,,
San Benito,125.0,141.0,13.0,75.0,30.0,38.0,21.0,3.0,17.0,6.0,11.0,80.0,19.0,60.0,0.0,1.0,86.0,39.0,106.0,19.0,1096.0,213.0,883.0,500.0,164.0,109.0,99.0,387.0,113.0,156.00000000000003,326.0,7.999999999999999,10.0,55350.0,14543.296492596855,19222.812920158707,266.891975385453,1765.8107325120436,35798.812120653056,17864.0,17789.0,,,2010,,,,,,,,,,,,,,,,,,,,,,,,,,,,,,,,,
San Bernardino,5275.0,11280.0,844.0,6403.0,2732.0,2012.0,808.0,136.0,2770.0,620.0,2150.0,5832.0,1696.0,2534.0,1459.0,143.0,4344.0,931.0,4390.0,885.0,43268.0,9017.0,34251.0,29544.0,7382.0,8929.0,8786.0,22522.0,7022.0,9887.000000000007,12907.000000000002,5847.000000000001,903.0,2038771.0,481352.649499131,608260.4695167728,114099.41218048152,119520.43527588132,1323232.9664722665,655783.0,663580.0,,,2010,,,,,,,,,,,,,,,,,,,,,,,,,,,,,,,,,
San Diego,4680.0,11170.0,730.0,6769.0,2494.0,1993.0,605.0,141.0,3807.0,678.0,3129.0,4014.0,1358.0,1410.0,939.0,307.0,3006.0,1674.0,3982.0,698.0,54126.0,11639.0,42487.0,29142.0,8142.0,6842.0,9035.0,22324.0,6818.0,12332.999999999998,9381.999999999996,5303.000000000001,2123.999999999998,3104581.0,1080884.4811069765,630963.0928066437,105353.05928815906,313110.54618170904,2130311.179383488,1078064.0,1044897.0,,,2010,,,,,,,,,,,,,,,,,,,,,,,,,,,,,,,,,
San Francisco,1698.0,1444.0,82.0,1010.0,246.0,234.0,30.0,6.0,204.0,43.0,161.0,570.0,105.0,83.0,334.0,48.0,1408.0,290.0,1515.0,183.0,15295.0,5808.0,9487.0,13838.0,3053.0,2120.0,5965.0,11307.0,2531.0,2802.503936463612,2530.8685172768937,1473.336448404333,469.4282001479198,807176.9999999987,277705.5316423259,90931.98982954584,34065.295169579345,214973.5486629875,617676.3653044386,320285.0,297364.0,,*Adjusted for San Francisco underreporting of arrests using reported-offense arrest change.,2010,,,,,,,,,,,,,,,,,,,,,,,,,,,,,,,,,
San Joaquin,1164.0,3302.0,166.0,2147.0,727.0,361.0,105.0,5.0,672.0,109.0,563.0,1157.0,321.0,409.0,318.0,109.0,777.0,387.0,1009.0,155.0,22217.0,5524.0,16693.0,8277.0,2281.0,2174.0,1493.0,6481.0,1796.0,3188.000000000001,2879.0,1676.0000000000005,534.0,686761.0,170194.90907589783,157288.50365129893,31993.894461820484,77519.19425095496,436996.5014399722,217865.0,217925.0,,,2010,,,,,,,,,,,,,,,,,,,,,,,,,,,,,,,,,
San Luis Obispo,458.0,722.0,33.0,429.0,169.0,105.0,47.0,5.0,188.0,57.0,131.0,334.0,194.0,100.0,32.0,8.0,256.0,202.0,392.0,66.0,3775.0,717.0,3058.0,2208.0,628.0,541.0,563.0,1716.0,492.0,1452.0000000000002,570.0000000000003,129.0,57.00000000000003,269753.00000000064,137298.9161397112,36305.2171311592,4756.597844355541,11768.052162976235,190128.78327820217,99561.0,90577.0,,,2010,,,,,,,,,,,,,,,,,,,,,,,,,,,,,,,,,
San Mateo,1009.0,1429.0,89.0,982.0,269.0,193.0,86.0,9.0,398.0,90.0,308.0,576.0,158.0,174.0,158.0,86.0,728.0,281.0,885.0,124.0,10415.0,1795.0,8620.0,4882.0,1163.0,1284.0,1571.0,3856.0,1026.0,1449.0000000000014,1699.999999999999,864.9999999999999,867.9999999999997,719581.9999999992,207977.65248853277,121190.14435976151,13822.57803319419,149187.61628087162,492177.9911623601,243661.0,247241.0,,,2010,,,,,,,,,,,,,,,,,,,,,,,,,,,,,,,,,
Santa Barbara,883.0,1496.0,102.0,902.0,277.0,283.0,116.0,12.0,311.0,88.0,223.0,680.0,197.0,413.0,58.0,12.0,631.0,252.0,757.0,126.0,6297.0,1841.0,4456.0,3540.0,1067.0,752.0,988.0,2795.0,745.0,1432.0000000000002,1756.0000000000002,224.99999999999991,127.00000000000004,424290.9999999987,142183.7973925119,115791.231507592,5633.76663198632,22815.293382393254,286424.08891448344,145919.0,140545.0,,,2010,,,,,,,,,,,,,,,,,,,,,,,,,,,,,,,,,
Santa Clara,3554.0,5161.0,241.0,3502.0,976.0,680.0,262.0,20.0,1624.0,518.0,1106.0,1820.0,421.0,931.0,256.0,212.0,2729.0,825.0,3104.0,450.0,27808.0,4677.0,23131.0,13472.0,3513.0,3370.0,3739.0,10556.0,2916.0,3662.999999999998,6493.0,1526.9999999999995,1788.9999999999995,1787553.0,443684.42150668835,305679.8217264491,32674.18401773469,436784.70153154817,1218823.1287824204,616122.0,599608.0,,,2010,,,,,,,,,,,,,,,,,,,,,,,,,,,,,,,,,
Santa Cruz,410.0,536.0,30.0,375.0,96.0,66.0,17.0,5.0,98.0,13.0,85.0,163.0,73.0,69.0,15.0,6.0,252.0,158.0,368.0,42.0,5693.0,1313.0,4380.0,2843.0,683.0,620.0,900.0,2260.0,583.0,1513.9999999999998,1105.0,148.00000000000003,76.00000000000001,263174.0,117369.55158939325,54629.05896846325,1837.489294525183,14412.008326895884,188248.10817927757,94548.0,92957.0,,,2010,,,,,,,,,,,,,,,,,,,,,,,,,,,,,,,,,
Shasta,230.0,1358.0,148.0,720.0,344.0,299.0,129.0,19.0,397.0,77.0,320.0,542.0,445.0,43.0,19.0,35.0,189.0,41.0,202.0,28.0,4296.0,1457.0,2839.0,2023.0,407.0,461.0,493.0,1456.0,567.0,1686.9999999999998,107.0,117.00000000000004,112.0,177480.0,98080.01330296443,8971.75494730172,897.9343137591505,9458.057434437971,117407.75999846328,57711.0,59469.0,,,2010,,,,,,,,,,,,,,,,,,,,,,,,,,,,,,,,,
Sierra,8.0,9.0,0.0,5.0,1.0,0.0,0.0,0.0,2.0,1.0,1.0,2.0,2.0,0.0,0.0,0.0,5.0,3.0,7.0,1.0,45.0,19.0,26.0,42.0,13.0,11.0,7.0,35.0,7.0,37.00000000000001,4.0,1.0,0.0,3230.999999999993,2025.159925227758,160.2439629352969,3.0501509171441263,56.592287106028834,2245.046326186228,1146.0,1096.0,,,2010,,,,,,,,,,,,,,,,,,,,,,,,,,,,,,,,,
Siskiyou,79.0,237.0,16.0,143.0,54.0,34.0,7.0,3.0,49.0,8.0,41.0,80.0,60.0,7.0,7.0,6.0,54.0,25.0,73.0,6.0,608.0,138.0,470.0,589.0,170.0,90.0,166.0,473.0,116.0,455.0000000000001,40.00000000000001,38.0,55.99999999999999,44950.99999999988,24254.240195083697,2712.747410303382,375.64570640907226,2497.1051132173343,29839.73842501348,14880.0,14843.0,,,2010,,,,,,,,,,,,,,,,,,,,,,,,,,,,,,,,,
Solano,770.0,1501.0,104.0,969.0,310.0,236.0,90.0,7.0,241.0,36.0,205.0,656.0,213.0,102.0,287.0,54.0,618.0,152.0,673.0,97.0,10089.0,1881.0,8208.0,4213.0,1244.0,1143.0,1061.0,3218.0,995.0,1737.9999999999998,580.0000000000002,1596.000000000001,299.0,413219.9999999991,122313.868916335,61203.61440161561,41014.62013103773,55851.42537379975,280383.5288227881,140873.0,139120.0,,,2010,,,,,,,,,,,,,,,,,,,,,,,,,,,,,,,,,
Sonoma,909.0,1147.0,75.0,752.0,236.0,148.0,44.0,7.0,212.0,27.0,185.0,438.0,210.0,163.0,36.0,29.0,503.0,406.0,801.0,108.0,6066.0,1876.0,4190.0,4962.0,1266.0,1038.0,1840.0,3794.0,1168.0,3134.000000000002,1202.999999999999,350.99999999999983,274.00000000000006,484257.9999999994,228879.7915474628,74477.66191421919,5019.2652178455755,23244.62275685405,331621.3414363816,164559.0,166891.0,,,2010,,,,,,,,,,,,,,,,,,,,,,,,,,,,,,,,,
Stanislaus,1065.0,2281.0,166.0,1152.0,689.0,435.0,247.0,11.0,594.0,111.0,483.0,1023.0,498.0,328.0,129.0,68.0,777.0,288.0,927.0,138.0,14738.0,2672.0,12066.0,7817.0,1829.0,2165.0,1887.0,5979.0,1838.0,3853.999999999999,2914.000000000001,695.9999999999999,353.0,515311.0000000005,165632.19027188004,127807.59339074545,8324.934907292123,28419.427739335573,330184.1463092532,162970.0,166423.0,,,2010,,,,,,,,,,,,,,,,,,,,,,,,,,,,,,,,,
Sutter,186.0,372.0,46.0,202.0,110.0,66.0,31.0,3.0,29.0,7.0,22.0,225.0,121.0,73.0,20.0,11.0,151.0,35.0,154.0,32.0,1633.0,359.0,1274.0,1111.0,361.0,300.0,212.0,806.0,305.0,669.0,278.0,77.0,86.99999999999999,94799.99999999988,31778.967733603535,16073.600887362794,1186.909190727618,11283.997874206085,60323.475685900026,30033.0,30214.0,,,2010,,,,,,,,,,,,,,,,,,,,,,,,,,,,,,,,,
Tehama,172.0,445.0,45.0,213.0,95.0,126.0,37.0,28.0,87.0,20.0,67.0,210.0,135.0,62.0,4.0,9.0,128.0,44.0,146.0,26.0,1242.0,369.0,873.0,1129.0,231.0,255.0,485.0,854.0,275.0,818.0,236.99999999999991,23.0,51.00000000000002,63635.00000000008,30179.22498899812,7955.305462799504,222.3753936172239,2175.650234655979,40532.55608007082,20193.0,20263.0,,,2010,,,,,,,,,,,,,,,,,,,,,,,,,,,,,,,,,
Trinity,51.0,51.0,2.0,34.0,10.0,6.0,3.0,4.0,10.0,4.0,6.0,15.0,14.0,1.0,0.0,0.0,20.0,31.0,44.0,7.0,131.0,34.0,97.0,278.0,54.0,41.0,123.0,224.0,54.0,239.00000000000009,24.0,1.0,14.000000000000002,13883.0,7977.4439685433235,626.6440344489562,31.80541904495716,857.1812717455905,9493.074693782826,4961.0,4539.0,,,2010,,,,,,,,,,,,,,,,,,,,,,,,,,,,,,,,,
Tulare,1221.0,2790.0,171.0,1684.0,585.0,411.0,171.0,12.0,659.0,107.0,552.0,942.0,249.0,623.0,44.0,26.0,724.0,497.0,1056.0,165.0,11182.0,2075.0,9107.0,6693.0,1835.0,1555.0,1770.0,5247.0,1446.0,2074.9999999999995,4095.0,347.0,176.00000000000003,443638.0,97030.4572485048,155212.1787059172,3685.217181680273,14418.306942927184,270346.16007902945,135582.0,133797.0,,,2010,,,,,,,,,,,,,,,,,,,,,,,,,,,,,,,,,
Tuolumne,113.0,231.0,18.0,128.0,40.0,56.0,20.0,2.0,69.0,6.0,63.0,60.0,46.0,9.0,2.0,3.0,65.0,48.0,93.0,20.0,842.0,121.0,721.0,804.0,147.0,141.0,303.0,562.0,242.0,693.0000000000001,68.0,16.0,27.000000000000004,54961.0000000001,30764.104895717624,4101.297148783483,1089.364084291151,1839.8419355111837,37794.60806430344,20685.0,17191.0,,,2010,,,,,,,,,,,,,,,,,,,,,,,,,,,,,,,,,
Ventura,1488.0,2094.0,122.0,1286.0,400.0,366.0,121.0,2.0,434.0,75.0,359.0,742.0,232.0,434.0,57.0,19.0,1020.0,468.0,1273.0,215.0,9559.0,1748.0,7811.0,7824.0,1958.0,1919.0,2189.0,6012.0,1812.0,3079.0000000000005,4157.000000000002,341.00000000000006,246.99999999999991,825378.0,278038.59459077206,208394.26968516968,9583.432469717556,50721.05473068764,546737.351476347,272820.0,272108.0,,,2010,,,,,,,,,,,,,,,,,,,,,,,,,,,,,,,,,
Yolo,407.0,1035.0,68.0,472.0,278.0,266.0,95.0,7.0,258.0,27.0,231.0,444.0,185.0,159.0,56.0,44.0,367.0,40.0,354.0,53.0,3586.0,512.0,3074.0,2368.0,536.0,577.0,665.0,1808.0,560.0,1120.0000000000005,786.0,294.0000000000001,168.00000000000003,200995.0,73297.77073643496,38555.45688961125,3626.41989849175,26761.73255207468,142241.38007661264,68870.0,72740.0,,,2010,,,,,,,,,,,,,,,,,,,,,,,,,,,,,,,,,
Yuba,402.0,482.0,24.0,309.0,80.0,76.0,27.0,5.0,59.0,13.0,46.0,185.0,119.0,41.0,16.0,9.0,362.0,40.0,352.0,50.0,1360.0,250.0,1110.0,1123.0,376.0,268.0,226.0,853.0,270.0,762.0000000000002,190.00000000000003,93.0,78.00000000000001,72336.00000000015,29277.319404921294,10223.617718106114,1439.1251462514103,5592.330771266752,46532.393040545576,23301.0,22958.0,,,2010,,,,,,,,,,,,,,,,,,,,,,,,,,,,,,,,,
Alameda,3329.0,3775.0,143.0,3271.0,344.0,181.0,31.0,9.0,621.0,484.0,137.0,999.0,104.0,203.0,617.0,75.0,2458.0,871.0,3071.0,258.0,43811.0,10785.0,33026.0,12655.0,2960.0,3036.0,3791.0,10090.0,2565.0,3082.999999999999,2649.0,5762.999999999995,1160.0,1525655.0,377868.60272295703,227944.23509679615,132056.50989346363,329565.30194220087,1067434.6496554178,526173.5262173739,551908.7469898205,51889.0,,2011,,,,,,,,,,,,,,,,,,,,,,,,,,,,,,,,,
Alpine,0.0,3.0,0.0,2.0,0.0,1.0,0.0,0.0,0.0,0.0,0.0,0.0,0.0,0.0,0.0,0.0,0.0,0.0,0.0,0.0,58.0,7.0,51.0,22.0,8.0,8.0,4.0,20.0,2.0,21.0,0.0,0.0,1.0,1109.0,607.396291972115,33.092286548072074,0.0,140.85545637438076,781.3440348945678,410.86568313411254,354.2703351599689,,,2011,,,,,,,,,,,,,,,,,,,,,,,,,,,,,,,,,
Amador,99.0,139.0,16.0,75.0,25.0,34.0,19.0,2.0,54.0,41.0,13.0,55.0,41.0,8.0,4.0,2.0,62.0,37.0,83.0,16.0,623.0,98.0,525.0,450.0,90.0,50.0,138.0,310.0,140.0,349.9999999999999,56.00000000000001,9.0,35.0,37366.0,20181.86677847891,3417.2119854487555,877.3579770840399,1320.4320352713148,25796.868776283023,14993.74093012582,11564.03761289461,,,2011,,,,,,,,,,,,,,,,,,,,,,,,,,,,,,,,,
Butte,588.0,1030.0,108.0,582.0,214.0,246.0,124.0,21.0,164.0,122.0,42.0,408.0,283.0,61.0,42.0,22.0,431.0,157.0,527.0,61.0,3718.0,576.0,3142.0,2079.0,536.0,462.0,719.0,1572.0,507.0,1643.9999999999995,196.99999999999991,149.0,88.99999999999999,220570.0,114349.68110584868,20382.709415848447,2271.925037903272,13187.39853100013,150191.71409060052,75020.47588215585,73814.40666454066,,,2011,,,,,,,,,,,,,,,,,,,,,,,,,,,,,,,,,
Calaveras,71.0,102.0,6.0,65.0,16.0,15.0,9.0,1.0,14.0,13.0,1.0,46.0,41.0,3.0,0.0,2.0,33.0,38.0,57.0,14.0,817.0,120.0,697.0,421.0,143.0,68.0,118.0,308.0,113.0,355.0,41.0,13.0,12.0,45002.0,25466.58644609083,2964.2603771100617,227.12327522862512,1548.0959580974486,30206.06605652697,15392.8605440141,15326.716331741583,,,2011,,,,,,,,,,,,,,,,,,,,,,,,,,,,,,,,,
Colusa,58.0,72.0,5.0,51.0,15.0,5.0,2.0,1.0,317.0,231.0,86.0,17.0,5.0,9.0,2.0,1.0,38.0,20.0,50.0,8.0,372.0,45.0,327.0,263.0,46.0,46.0,50.0,208.0,55.0,130.0,105.00000000000004,13.999999999999998,14.000000000000009,21564.0,5745.932895687923,7182.276680240424,102.27285927149656,514.9022386335164,13545.38467383336,6964.019875200165,6638.567750767994,,,2011,,,,,,,,,,,,,,,,,,,,,,,,,,,,,,,,,
Contra Costa,1351.0,1787.0,65.0,1468.0,208.0,92.0,9.0,3.0,7.0,4.0,3.0,532.0,149.0,138.0,217.0,28.0,957.0,394.0,1188.0,163.0,24061.0,3928.0,20133.0,9880.0,2217.0,2742.0,2927.0,7713.0,2167.0,3920.000000000001,1960.0,3439.000000000002,561.0000000000002,1061132.0,351859.9975679625,164343.93560731696,63694.75561162902,132073.20764089643,711971.896427805,343373.7768394772,365987.4169060178,,,2011,,,,,,,,,,,,,,,,,,,,,,,,,,,,,,,,,
Del Norte,102.0,111.0,5.0,75.0,16.0,10.0,1.0,1.0,15.0,9.0,6.0,28.0,18.0,2.0,2.0,6.0,57.0,45.0,84.0,18.0,683.0,160.0,523.0,520.0,168.0,85.0,172.0,382.0,138.0,424.99999999999994,24.000000000000004,13.0,58.0,28520.0,12847.295616858226,3717.259636127201,1062.9973538536844,2282.540527397072,19910.09313423618,11538.6039924987,8312.010284482956,,,2011,,,,,,,,,,,,,,,,,,,,,,,,,,,,,,,,,
El Dorado,324.0,373.0,27.0,240.0,75.0,52.0,28.0,2.0,83.0,65.0,18.0,140.0,113.0,17.0,4.0,6.0,140.0,184.0,283.0,41.0,2483.0,390.0,2093.0,1658.0,458.0,340.0,400.0,1246.0,412.0,1388.9999999999995,143.00000000000003,60.999999999999986,65.0,181653.0,99255.44702527724,13795.320424202968,882.6493009409489,8704.28525298198,122637.70200340312,62476.64871770489,61564.880381578034,,,2011,,,,,,,,,,,,,,,,,,,,,,,,,,,,,,,,,
Fresno,2353.0,4055.0,226.0,2698.0,765.0,401.0,220.0,24.0,998.0,795.0,203.0,1631.0,379.0,870.0,272.0,110.0,1669.0,684.0,2043.0,310.0,31947.0,5803.0,26144.0,16064.0,3556.0,3123.0,3593.0,13053.0,3011.0,4165.000000000001,8901.999999999998,2125.000000000001,871.9999999999998,941965.0,209377.38020037548,287651.81430119753,30075.58996894605,69764.1595128791,596868.9439833981,301274.7787602097,299934.33117116126,,,2011,,,,,,,,,,,,,,,,,,,,,,,,,,,,,,,,,
Glenn,89.0,104.0,2.0,65.0,13.0,18.0,3.0,5.0,23.0,21.0,2.0,45.0,21.0,20.0,4.0,0.0,67.0,22.0,80.0,9.0,450.0,65.0,385.0,452.0,131.0,94.0,113.0,336.0,116.0,270.0,145.0,12.0,25.000000000000004,28201.0,10223.30449809404,6490.7220625054,120.91425230816846,1027.378150808741,17862.318963716352,9093.70362978114,8796.760746060205,,,2011,,,,,,,,,,,,,,,,,,,,,,,,,,,,,,,,,
Humboldt,370.0,485.0,30.0,318.0,68.0,89.0,31.0,7.0,45.0,41.0,4.0,216.0,147.0,23.0,10.0,36.0,261.0,109.0,319.0,51.0,2809.0,440.0,2369.0,1891.0,444.0,336.0,579.0,1426.0,465.0,1498.9999999999998,132.99999999999991,65.99999999999999,193.0,134484.0,76078.29231413988,8816.437196304043,1121.448129619344,10106.087626196342,96122.2652662596,49590.73309646721,46654.72404904861,,,2011,,,,,,,,,,,,,,,,,,,,,,,,,,,,,,,,,
Imperial,465.0,357.0,19.0,208.0,69.0,74.0,18.0,6.0,56.0,41.0,15.0,179.0,20.0,148.0,7.0,4.0,361.0,104.0,408.0,57.0,3616.0,452.0,3164.0,2443.0,535.0,589.0,783.0,1922.0,521.0,471.0000000000001,1786.000000000001,124.0,62.0,178169.0,16665.70699311593,88599.4910464846,4756.111721148754,2907.315943290436,112928.62570403972,59132.38444165441,55672.15577751464,,,2011,,,,,,,,,,,,,,,,,,,,,,,,,,,,,,,,,
Inyo,51.0,52.0,4.0,38.0,8.0,5.0,1.0,0.0,4.0,3.0,1.0,21.0,10.0,3.0,0.0,8.0,26.0,25.0,43.0,8.0,227.0,68.0,159.0,201.0,70.0,54.0,46.0,156.0,45.0,110.0,31.999999999999993,3.0,56.0,18470.0,8423.821837863734,2190.7869772213426,84.52211795325388,1669.588942099812,12368.719875138144,6538.6560911276065,6047.095114269764,,,2011,,,,,,,,,,,,,,,,,,,,,,,,,,,,,,,,,
Kern,2456.0,4119.0,268.0,2156.0,871.0,925.0,487.0,27.0,1362.0,955.0,407.0,1997.0,715.0,954.0,301.0,27.0,1787.0,669.0,2192.0,264.0,24718.0,4447.0,20271.0,13030.0,3658.0,3331.0,3381.0,10374.0,2656.0,4961.999999999998,5982.0,1873.9999999999995,211.99999999999997,848553.0,224545.17523235187,253674.85247570983,30820.343403641007,35426.68348024564,544467.0545919484,289947.430623504,260375.1640761542,,,2011,,,,,,,,,,,,,,,,,,,,,,,,,,,,,,,,,
Kings,433.0,1282.0,103.0,730.0,237.0,267.0,111.0,14.0,390.0,258.0,132.0,462.0,131.0,239.0,63.0,29.0,252.0,181.0,376.0,57.0,2446.0,542.0,1904.0,1650.0,385.0,307.0,371.0,1249.0,401.0,540.0,866.9999999999997,158.0,85.00000000000001,152739.0,38289.37342998716,48174.35340999478,8954.033434055578,6442.692297646936,101860.45257168444,59928.20265286025,42639.70407171609,,,2011,,,,,,,,,,,,,,,,,,,,,,,,,,,,,,,,,
Lake,264.0,333.0,16.0,197.0,55.0,45.0,27.0,5.0,73.0,61.0,12.0,107.0,71.0,24.0,7.0,5.0,163.0,101.0,223.0,41.0,1378.0,331.0,1047.0,1064.0,352.0,127.0,324.0,790.0,274.0,770.0,139.99999999999997,79.0,75.0,63703.0,33271.04060980487,6703.928488945333,794.829923275902,2770.3677587309285,43540.166780757034,22817.010515143535,22137.62363308529,,,2011,,,,,,,,,,,,,,,,,,,,,,,,,,,,,,,,,
Lassen,74.0,113.0,7.0,70.0,18.0,15.0,5.0,2.0,34.0,20.0,14.0,50.0,38.0,6.0,2.0,4.0,45.0,29.0,61.0,13.0,391.0,120.0,271.0,315.0,106.0,60.0,56.0,229.0,86.0,254.99999999999997,27.0,6.0,27.0,34283.0,16801.28291249031,4875.346202283272,2921.5397141411713,1634.9989957188263,26233.16782463358,18169.91518838091,7888.13696692025,,,2011,,,,,,,,,,,,,,,,,,,,,,,,,,,,,,,,,
Los Angeles,15484.0,47804.0,2765.0,32754.0,7752.0,6606.0,2239.0,390.0,15061.0,11850.0,3211.0,16095.0,2516.0,7662.0,5306.0,611.0,9543.0,5941.0,13671.0,1813.0,194722.0,46116.0,148606.0,104171.0,27339.0,25010.0,31941.0,83329.0,20842.0,20637.000000000007,51045.999999999985,27431.00000000003,5057.000000000003,9857567.0,1967714.972340622,3093139.9732110524,564281.5200245851,1120571.2118304567,6745707.677406716,3343225.2666093237,3438934.3322408064,,,2011,,,,,,,,,,,,,,,,,,,,,,,,,,,,,,,,,
Madera,342.0,499.0,65.0,346.0,87.0,103.0,47.0,3.0,175.0,135.0,40.0,191.0,53.0,102.0,23.0,13.0,267.0,75.0,290.0,52.0,3643.0,799.0,2844.0,1405.0,419.0,293.0,313.0,1105.0,300.0,505.9999999999998,774.9999999999998,82.0,42.00000000000001,152281.0,38671.32187369693,50280.87025238448,4118.469456122882,4441.227955942333,97511.88953814664,46486.57014824571,51580.65553909169,,,2011,,,,,,,,,,,,,,,,,,,,,,,,,,,,,,,,,
Marin,281.0,355.0,7.0,212.0,78.0,36.0,12.0,0.0,117.0,69.0,48.0,81.0,33.0,19.0,27.0,2.0,207.0,74.0,242.0,39.0,3366.0,541.0,2825.0,1494.0,482.0,346.0,395.0,1127.0,367.0,836.0000000000002,316.0000000000001,269.0,72.99999999999999,254114.0,125690.36632329902,27680.006201580414,5683.323010795062,14813.518596335838,173867.21413201033,84631.8679070466,88004.25524961157,,,2011,,,,,,,,,,,,,,,,,,,,,,,,,,,,,,,,,
Mariposa,39.0,56.0,4.0,36.0,11.0,4.0,2.0,1.0,15.0,9.0,6.0,14.0,10.0,2.0,0.0,2.0,17.0,22.0,29.0,10.0,283.0,55.0,228.0,222.0,68.0,41.0,57.0,173.0,49.0,163.0,39.0,3.0,16.999999999999996,17963.0,10334.357529584158,1043.3444694209609,98.6419898374731,801.3231593297842,12277.667148172375,6347.59418652078,6148.433812227493,,,2011,,,,,,,,,,,,,,,,,,,,,,,,,,,,,,,,,
Mendocino,206.0,295.0,15.0,219.0,20.0,45.0,8.0,4.0,31.0,29.0,2.0,102.0,59.0,21.0,7.0,15.0,125.0,81.0,176.0,30.0,1366.0,483.0,883.0,1277.0,369.0,223.0,398.0,981.0,296.0,877.0,201.00000000000003,57.00000000000001,142.0,87669.0,42859.980623394906,11975.000096351072,423.8831738578454,4612.62562902677,59871.48952263059,30550.092421963094,29703.341510557544,,,2011,,,,,,,,,,,,,,,,,,,,,,,,,,,,,,,,,
Merced,584.0,843.0,34.0,581.0,141.0,74.0,34.0,1.0,216.0,175.0,41.0,268.0,68.0,151.0,32.0,17.0,450.0,134.0,525.0,59.0,6637.0,1409.0,5228.0,3207.0,828.0,799.0,831.0,2528.0,679.0,1076.0,1638.0,338.00000000000006,155.0,258678.0,56951.19425492093,84348.8851359701,5841.357772358742,14872.341552663303,162013.77871591307,81880.64436779855,79747.4204353328,,,2011,,,,,,,,,,,,,,,,,,,,,,,,,,,,,,,,,
Modoc,23.0,21.0,0.0,16.0,1.0,4.0,4.0,1.0,4.0,4.0,0.0,6.0,5.0,0.0,0.0,1.0,16.0,7.0,17.0,6.0,135.0,42.0,93.0,89.0,30.0,13.0,19.0,63.0,26.0,77.0,7.000000000000002,0.0,5.0,9522.0,5037.198095248592,780.12829982636,53.13807030669187,345.5243087602048,6215.988774141848,3152.365545886543,3145.7273174909324,,,2011,,,,,,,,,,,,,,,,,,,,,,,,,,,,,,,,,
Mono,24.0,18.0,2.0,11.0,6.0,1.0,0.0,0.0,7.0,5.0,2.0,5.0,4.0,1.0,0.0,0.0,12.0,12.0,21.0,3.0,257.0,49.0,208.0,122.0,39.0,28.0,45.0,103.0,19.0,80.00000000000001,28.999999999999996,4.0,9.000000000000002,14164.0,7580.467655190523,2414.196678179637,29.37878842535669,428.3677379885448,10452.41085978406,5446.711978988343,5105.257746003192,,,2011,,,,,,,,,,,,,,,,,,,,,,,,,,,,,,,,,
Monterey,1045.0,1568.0,92.0,1077.0,218.0,214.0,72.0,4.0,414.0,372.0,42.0,674.0,149.0,416.0,86.0,23.0,808.0,237.0,906.0,139.0,8120.0,1951.0,6169.0,3772.0,1179.0,836.0,995.0,2978.0,794.0,1055.0,2248.0000000000005,308.0000000000001,161.00000000000009,419710.0,94672.92610582258,148544.42348292403,8703.575742077148,25058.37991232949,276979.30524315324,144906.2792265317,132218.34316164022,,,2011,,,,,,,,,,,,,,,,,,,,,,,,,,,,,,,,,
Napa,253.0,341.0,11.0,209.0,55.0,40.0,10.0,5.0,89.0,67.0,22.0,129.0,74.0,41.0,9.0,5.0,182.0,71.0,229.0,24.0,1937.0,452.0,1485.0,1441.0,308.0,347.0,349.0,1129.0,312.0,791.0000000000003,423.0000000000001,169.0,57.99999999999999,137732.0,52586.714298817205,28520.619883141673,1804.261431423313,8916.689795849306,91828.2854092315,45749.462505387506,46012.376892664026,,,2011,,,,,,,,,,,,,,,,,,,,,,,,,,,,,,,,,
Nevada,178.0,109.0,8.0,76.0,22.0,4.0,1.0,1.0,25.0,19.0,6.0,38.0,31.0,4.0,0.0,3.0,102.0,76.0,156.0,22.0,1157.0,268.0,889.0,707.0,210.0,134.0,251.0,542.0,165.0,622.9999999999999,52.99999999999999,10.0,21.000000000000007,98155.0,57863.47063902763,5725.439817296465,245.60187278788095,3156.8866423616273,66991.39897147361,33308.892043033426,33742.10080723223,,,2011,,,,,,,,,,,,,,,,,,,,,,,,,,,,,,,,,
Orange,6334.0,7613.0,375.0,4951.0,1395.0,1055.0,468.0,15.0,1722.0,1330.0,392.0,3300.0,1214.0,1623.0,232.0,231.0,3414.0,2920.0,5526.0,808.0,39941.0,6509.0,33432.0,21768.0,4993.0,5516.0,7706.0,16836.0,4932.0,9468.999999999998,9074.999999999987,1241.9999999999989,1981.9999999999995,3043964.0,934758.77894508,658635.9898901342,35324.936383470056,440133.4569958476,2068853.162214532,1014564.2653273476,1050559.4083153878,,,2011,,,,,,,,,,,,,,,,,,,,,,,,,,,,,,,,,
Placer,544.0,756.0,45.0,371.0,206.0,126.0,40.0,5.0,296.0,243.0,53.0,242.0,171.0,31.0,25.0,15.0,349.0,195.0,469.0,75.0,5064.0,694.0,4370.0,3251.0,628.0,945.0,798.0,2332.0,919.0,2429.0,344.00000000000006,294.00000000000006,184.00000000000009,355687.0,175565.19884445853,30397.15413802488,3188.737480943652,23788.02853736456,232939.1190007916,113768.40521189055,118779.65654504782,,,2011,,,,,,,,,,,,,,,,,,,,,,,,,,,,,,,,,
Plumas,42.0,52.0,3.0,33.0,9.0,8.0,3.0,1.0,9.0,9.0,0.0,29.0,27.0,1.0,0.0,1.0,20.0,22.0,31.0,11.0,315.0,104.0,211.0,251.0,76.0,41.0,70.0,190.0,61.0,226.99999999999991,13.0,5.0,6.0,19774.0,11826.067018484771,1064.130249815366,129.13087430845687,741.5244863513835,13760.852628959978,7049.53180147885,6947.639820711799,,,2011,,,,,,,,,,,,,,,,,,,,,,,,,,,,,,,,,
Riverside,3751.0,9546.0,605.0,6270.0,1813.0,1343.0,548.0,55.0,3074.0,2548.0,526.0,3289.0,1042.0,1564.0,604.0,79.0,2543.0,1208.0,3266.0,485.0,46321.0,6621.0,39700.0,18412.0,4636.0,4746.0,5586.0,14309.0,4103.0,7005.999999999995,8090.0,2675.0,641.0000000000001,2226552.0,585714.841211572,613710.0097588631,92242.9906870261,128597.90135327354,1420265.743010735,723927.211511958,728030.9416965074,,,2011,,,,,,,,,,,,,,,,,,,,,,,,,,,,,,,,,
Sacramento,3893.0,6838.0,336.0,4923.0,1062.0,699.0,225.0,18.0,2339.0,1768.0,571.0,2184.0,713.0,392.0,871.0,208.0,2193.0,1700.0,3510.0,383.0,36130.0,7481.0,28649.0,15573.0,4242.0,3734.0,4287.0,12225.0,3348.0,6257.999999999998,2929.0,5278.000000000001,1107.9999999999995,1430537.0,487270.9616859715,190757.8618234992,95458.1492769956,183481.60705565847,956968.5798421248,472420.7661052093,493837.20918011374,,,2011,,,,,,,,,,,,,,,,,,,,,,,,,,,,,,,,,
San Benito,129.0,136.0,7.0,77.0,23.0,34.0,18.0,0.0,24.0,17.0,7.0,55.0,13.0,38.0,3.0,1.0,89.0,40.0,110.0,19.0,832.0,196.0,636.0,499.0,184.0,83.0,122.0,373.0,126.0,186.0,297.0,11.0,5.000000000000001,55684.0,14132.63458331594,20011.37439418769,291.76031762729355,2070.065004381475,36505.8342995124,17860.521487255766,18007.34904628804,,,2011,,,,,,,,,,,,,,,,,,,,,,,,,,,,,,,,,
San Bernardino,5249.0,9890.0,668.0,6026.0,2131.0,1505.0,540.0,76.0,2782.0,2153.0,629.0,4959.0,1477.0,2192.0,1198.0,92.0,4061.0,1188.0,4489.0,760.0,45363.0,8551.0,36812.0,27979.0,7108.0,8430.0,8319.0,21339.0,6640.0,9861.0,11776.000000000016,5496.000000000002,845.9999999999999,2059630.0,482993.2834934023,618980.5203079014,117760.7867765864,120926.65433758964,1340661.2449154798,666266.3670116902,679891.2277768216,,,2011,,,,,,,,,,,,,,,,,,,,,,,,,,,,,,,,,
San Diego,4993.0,10246.0,578.0,6593.0,1974.0,1533.0,369.0,76.0,3719.0,3039.0,680.0,3381.0,1113.0,1235.0,794.0,239.0,2745.0,2248.0,4235.0,758.0,52252.0,11009.0,41243.0,27107.0,7672.0,5976.0,8565.0,20686.0,6421.0,11655.999999999998,8648.999999999998,5016.999999999995,1785.0000000000016,3131254.0,1078758.5081079644,648316.9514827866,106215.37518509658,317280.22040918213,2150571.0551850297,1092589.7825342123,1077873.552275731,,,2011,,,,,,,,,,,,,,,,,,,,,,,,,,,,,,,,,
San Francisco,1492.0,1211.0,58.0,963.0,152.0,108.0,3.0,1.0,206.0,163.0,43.0,421.0,80.0,50.0,229.0,62.0,1265.0,227.0,1360.0,132.0,15746.0,5465.0,10281.0,8115.0,2032.0,1234.0,1700.0,6623.0,1492.0,2693.60818476548,2264.220482048278,1345.3501836827947,411.94079831785865,814088.0,276895.0275123547,92794.64181528008,33926.08886376183,217009.6042982875,620625.3624896841,324163.8255570627,303895.57967857004,,*Adjusted for San Francisco underreporting of arrests using reported-offense arrest change.,2011,,,,,,,,,,,,,,,,,,,,,,,,,,,,,,,,,
San Joaquin,1163.0,2878.0,143.0,2077.0,498.0,224.0,41.0,4.0,676.0,562.0,114.0,971.0,275.0,354.0,248.0,94.0,777.0,386.0,1027.0,136.0,23551.0,5694.0,17857.0,6928.0,2068.0,1846.0,1195.0,5415.0,1513.0,2779.0,2336.000000000002,1388.0000000000002,425.00000000000006,693589.0,171137.80337200203,160809.1736285487,33082.70155103627,78346.52582031948,443376.20437190647,221379.65699537663,223704.6047075285,,,2011,,,,,,,,,,,,,,,,,,,,,,,,,,,,,,,,,
San Luis Obispo,596.0,661.0,30.0,442.0,124.0,73.0,25.0,3.0,207.0,147.0,60.0,281.0,165.0,73.0,31.0,12.0,317.0,279.0,507.0,89.0,3870.0,680.0,3190.0,2293.0,600.0,481.0,709.0,1767.0,526.0,1602.0000000000005,504.0000000000001,125.99999999999996,61.00000000000001,270739.0,136950.60868562668,36984.94079306763,4770.414198435795,11857.259302792314,190563.2229799224,99121.49425334434,91327.85516186433,,,2011,,,,,,,,,,,,,,,,,,,,,,,,,,,,,,,,,
San Mateo,913.0,1395.0,89.0,978.0,240.0,181.0,71.0,11.0,428.0,337.0,91.0,612.0,163.0,198.0,149.0,102.0,595.0,318.0,800.0,113.0,9828.0,1576.0,8252.0,4595.0,1117.0,1103.0,1548.0,3664.0,931.0,1382.0,1513.0000000000002,795.9999999999998,904.0000000000002,725245.0,206396.29969523873,126227.62515898552,14146.830958596183,151963.31155088748,498734.06736370793,245845.41678505507,261883.2853654826,,,2011,,,,,,,,,,,,,,,,,,,,,,,,,,,,,,,,,
Santa Barbara,888.0,1296.0,96.0,837.0,209.0,216.0,80.0,6.0,320.0,231.0,89.0,502.0,153.0,291.0,40.0,18.0,669.0,219.0,788.0,100.0,6430.0,1657.0,4773.0,3362.0,1058.0,681.0,879.0,2654.0,708.0,1370.0,1692.0000000000005,186.99999999999997,113.00000000000004,425840.0,140821.9988879562,118641.5562139942,5756.419168707721,22969.49216692109,288189.4664375792,146912.59025472155,142183.25658176895,,,2011,,,,,,,,,,,,,,,,,,,,,,,,,,,,,,,,,
Santa Clara,3415.0,4748.0,188.0,3435.0,760.0,474.0,154.0,16.0,1627.0,1090.0,537.0,1764.0,349.0,924.0,273.0,218.0,2448.0,967.0,2982.0,433.0,27530.0,4564.0,22966.0,11469.0,3241.0,2526.0,3296.0,9105.0,2364.0,3261.0000000000005,5520.000000000003,1249.9999999999995,1438.0,1805861.0,442426.3592881545,315199.4488641847,33629.430464854304,442994.0996282216,1234249.3382454151,620149.5118090499,614946.5678568453,,,2011,,,,,,,,,,,,,,,,,,,,,,,,,,,,,,,,,
Santa Cruz,381.0,490.0,25.0,359.0,64.0,47.0,14.0,3.0,101.0,89.0,12.0,134.0,50.0,66.0,15.0,3.0,231.0,150.0,348.0,33.0,5934.0,1169.0,4765.0,2601.0,578.0,586.0,870.0,2089.0,512.0,1420.0000000000002,992.0,139.00000000000006,49.99999999999998,264824.0,117121.51926988232,56150.657045660686,1871.536671627245,14895.614690787595,190039.32767795783,94745.22984816636,93758.30400052208,,,2011,,,,,,,,,,,,,,,,,,,,,,,,,,,,,,,,,
Shasta,234.0,1217.0,122.0,661.0,282.0,264.0,101.0,15.0,403.0,325.0,78.0,399.0,315.0,39.0,19.0,26.0,169.0,65.0,204.0,30.0,4222.0,1302.0,2920.0,1777.0,380.0,418.0,377.0,1268.0,509.0,1481.0000000000002,96.0,106.0,94.0,177675.0,97493.55200411244,9548.372419509124,917.4338940379008,9964.75670751583,117924.11502517528,58463.09134202146,60100.983401054014,,,2011,,,,,,,,,,,,,,,,,,,,,,,,,,,,,,,,,
Sierra,6.0,13.0,0.0,6.0,3.0,1.0,1.0,0.0,2.0,1.0,1.0,5.0,5.0,0.0,0.0,0.0,4.0,2.0,5.0,1.0,47.0,5.0,42.0,36.0,13.0,7.0,6.0,33.0,3.0,32.0,3.0,0.0,1.0,3179.0,1991.176388866536,151.31239227914708,3.737423140700256,47.91596791725988,2194.142172203643,1146.426235998627,1097.060812660484,,,2011,,,,,,,,,,,,,,,,,,,,,,,,,,,,,,,,,
Siskiyou,96.0,212.0,10.0,131.0,47.0,26.0,2.0,2.0,50.0,42.0,8.0,52.0,37.0,6.0,6.0,3.0,80.0,16.0,88.0,8.0,631.0,155.0,476.0,577.0,156.0,95.0,153.0,463.0,114.0,436.99999999999994,59.0,35.000000000000014,46.0,44750.0,24120.60581164343,2825.0439712043553,377.8001674053926,2557.6129963867097,29881.06294663989,15309.949344944092,15006.85924001109,,,2011,,,,,,,,,,,,,,,,,,,,,,,,,,,,,,,,,
Solano,774.0,1273.0,78.0,901.0,208.0,151.0,46.0,9.0,230.0,193.0,37.0,452.0,120.0,90.0,206.0,36.0,562.0,212.0,679.0,95.0,9825.0,1802.0,8023.0,4284.0,1215.0,1059.0,998.0,3307.0,977.0,1756.9999999999995,597.9999999999999,1670.9999999999998,258.0,413635.0,122905.12347548074,62080.99566147579,41133.53277283571,56374.04014136415,282493.69205115637,139434.21645157182,141783.6861886413,,,2011,,,,,,,,,,,,,,,,,,,,,,,,,,,,,,,,,
Sonoma,960.0,1098.0,71.0,730.0,226.0,104.0,32.0,2.0,219.0,192.0,27.0,394.0,181.0,140.0,45.0,28.0,459.0,501.0,857.0,103.0,5690.0,1702.0,3988.0,4615.0,1126.0,862.0,1871.0,3559.0,1056.0,3008.0,1057.0,325.99999999999994,223.9999999999999,486479.0,229398.7121213399,76356.90805972232,5227.090831611151,23620.795323231898,334603.50633590523,164890.96814583123,169933.30796365306,,,2011,,,,,,,,,,,,,,,,,,,,,,,,,,,,,,,,,
Stanislaus,1110.0,2020.0,129.0,1084.0,542.0,357.0,182.0,7.0,593.0,480.0,113.0,752.0,351.0,275.0,84.0,42.0,847.0,263.0,989.0,121.0,14057.0,2484.0,11573.0,7201.0,1633.0,1704.0,2110.0,5633.0,1568.0,3572.9999999999995,2740.0,607.9999999999999,279.9999999999999,518461.0,167807.19216923072,129995.4850859644,7714.003446282,28180.670081016782,333697.3507824939,165192.86230687442,169054.3949569298,,,2011,,,,,,,,,,,,,,,,,,,,,,,,,,,,,,,,,
Sutter,162.0,317.0,27.0,198.0,63.0,55.0,22.0,3.0,27.0,20.0,7.0,191.0,108.0,51.0,15.0,17.0,137.0,25.0,141.0,21.0,1842.0,343.0,1499.0,1112.0,362.0,318.0,211.0,825.0,287.0,660.0000000000001,283.0,88.00000000000003,81.00000000000001,95351.0,31968.285169764877,16329.68066292934,1203.9502459481105,11208.049194599953,60709.96527324228,30304.73284174544,30670.45187727651,,,2011,,,,,,,,,,,,,,,,,,,,,,,,,,,,,,,,,
Tehama,182.0,399.0,31.0,204.0,72.0,112.0,27.0,24.0,105.0,84.0,21.0,185.0,111.0,60.0,10.0,4.0,114.0,68.0,156.0,26.0,1108.0,348.0,760.0,1037.0,187.0,235.0,458.0,759.0,278.0,752.9999999999999,210.99999999999997,30.999999999999996,42.0,63798.0,30064.424810412416,8207.711608021486,225.80722635248748,2209.7052412193443,40707.648886005736,20441.18238876193,20646.519149434556,,,2011,,,,,,,,,,,,,,,,,,,,,,,,,,,,,,,,,
Trinity,53.0,39.0,1.0,31.0,3.0,4.0,2.0,3.0,10.0,6.0,4.0,15.0,11.0,3.0,0.0,1.0,13.0,40.0,43.0,10.0,150.0,34.0,116.0,325.0,71.0,38.0,146.0,250.0,75.0,281.0,32.0,4.000000000000001,7.999999999999999,13555.0,7837.093981449324,648.4506451287804,31.555111294923144,867.9209111982,9385.020649071228,5186.605597341469,4661.379805786484,,,2011,,,,,,,,,,,,,,,,,,,,,,,,,,,,,,,,,
Tulare,1494.0,2512.0,141.0,1648.0,480.0,299.0,97.0,10.0,671.0,563.0,108.0,664.0,181.0,424.0,37.0,22.0,793.0,701.0,1296.0,198.0,11015.0,1905.0,9110.0,6662.0,1714.0,1531.0,1911.0,5084.0,1578.0,2082.999999999999,4024.0000000000023,353.99999999999994,201.0,448965.0,97635.54851924404,158819.30646842203,3750.961023475742,14756.862468253295,274962.6784793951,138398.24075779645,136956.85123974885,,,2011,,,,,,,,,,,,,,,,,,,,,,,,,,,,,,,,,
Tuolumne,120.0,236.0,17.0,129.0,36.0,56.0,17.0,2.0,71.0,65.0,6.0,83.0,69.0,7.0,1.0,6.0,69.0,51.0,93.0,27.0,865.0,106.0,759.0,862.0,131.0,153.0,350.0,617.0,245.0,727.0000000000001,96.0,13.000000000000004,26.000000000000004,54393.0,30558.785654905947,4236.527664498504,1082.7594972477343,1898.5761504155453,37776.64896706773,20553.487647134967,17399.778799931963,,,2011,,,,,,,,,,,,,,,,,,,,,,,,,,,,,,,,,
Ventura,1408.0,1886.0,106.0,1232.0,312.0,282.0,82.0,3.0,456.0,379.0,77.0,630.0,209.0,369.0,35.0,17.0,900.0,508.0,1216.0,192.0,8896.0,1705.0,7191.0,7580.0,1933.0,1597.0,2352.0,5836.0,1744.0,3139.999999999998,3915.999999999997,343.99999999999994,180.0,830215.0,278810.78817238746,213253.00585014277,9644.66049378315,51423.816941691155,553132.2714580045,274931.3757625175,278325.7176830845,,,2011,,,,,,,,,,,,,,,,,,,,,,,,,,,,,,,,,
Yolo,399.0,878.0,65.0,444.0,214.0,206.0,71.0,7.0,276.0,248.0,28.0,385.0,163.0,142.0,53.0,27.0,280.0,119.0,347.0,52.0,3410.0,569.0,2841.0,1944.0,457.0,449.0,533.0,1502.0,442.0,908.9999999999995,641.0,272.0,121.99999999999996,201645.0,73600.60311200553,39224.24542066459,3837.965176385859,27046.441449489794,143709.25515854577,68843.90307827012,72730.2331739724,,,2011,,,,,,,,,,,,,,,,,,,,,,,,,,,,,,,,,
Yuba,414.0,419.0,25.0,286.0,73.0,47.0,13.0,4.0,62.0,49.0,13.0,204.0,138.0,34.0,21.0,11.0,344.0,70.0,359.0,55.0,1611.0,341.0,1270.0,1331.0,447.0,300.0,250.0,1024.0,307.0,939.0,201.99999999999997,122.0,67.99999999999999,72554.0,29389.81630745219,10349.232977807176,1455.1358101112144,5694.445190075174,46888.63028544575,23739.01061142679,23517.65842373249,,,2011,,,,,,,,,,,,,,,,,,,,,,,,,,,,,,,,,
Alameda,3283.0,3472.0,126.0,3233.0,237.0,50.0,11.0,3.0,625.0,134.0,491.0,683.0,70.0,152.0,412.0,49.0,2275.0,1008.0,3010.0,273.0,,11898.999999999996,,11852.999999999993,3004.0,3045.0,3552.0,9416.999999999993,2436.0,2969.0000000000005,2519.999999999999,5251.0,1112.9999999999998,,,,,,,530094.8651197713,547267.1348802287,56398.0,,2012,3598.0,375.0,573.0,2399.0,251.0,666.0,17.0,471.0,103.0,22.0,51195.00000000003,39296.00000000003,1539357.0,375244.0,234771.0,133487.0,333860.0,1077362.0,,,,,,,,,,,,,,,
Alpine,0.0,2.0,0.0,2.0,0.0,0.0,0.0,0.0,0.0,0.0,0.0,0.0,0.0,0.0,0.0,0.0,0.0,0.0,0.0,0.0,,7.999999999999998,,22.0,5.0,8.0,7.0,20.0,2.0,15.0,2.0,0.0,5.0,,,,,,,413.7981691514884,365.2018308485116,,,2012,2.0,1.0,0.0,0.0,1.0,0.0,0.0,0.0,0.0,0.0,40.0,32.0,1106.0,601.0,35.0,0.0,143.0,779.0,,,,,,,,,,,,,,,
Amador,84.0,123.0,3.0,76.0,17.0,17.0,14.0,1.0,54.0,13.0,41.0,46.0,34.0,5.0,2.0,5.0,46.0,38.0,71.0,13.0,,130.0,,460.0,93.0,58.0,116.0,315.0,145.0,346.00000000000006,61.999999999999986,25.0,27.000000000000007,,,,,,,14318.866858951773,11090.133141048227,,,2012,126.0,84.0,15.0,10.0,17.0,42.0,4.0,25.0,7.0,6.0,597.9999999999999,467.9999999999999,36471.0,19696.0,3495.0,882.0,1336.0,25409.0,,,,,,,,,,,,,,,
Butte,593.0,880.0,51.0,583.0,136.0,122.0,59.0,8.0,151.0,42.0,109.0,315.0,216.0,41.0,40.0,18.0,447.0,146.0,530.0,63.0,,684.0000000000003,,2611.0000000000005,630.0,585.0,1000.0,1932.0,679.0000000000006,2066.000000000001,276.99999999999994,149.0,119.0,,,,,,,75777.85315404626,75108.14684595374,,,2012,931.0,623.0,144.0,115.0,49.0,289.0,26.0,148.0,53.0,55.0,4182.999999999999,3498.999999999999,221056.0,113539.0,21323.0,2314.0,13710.0,150886.0,,,,,,,,,,,,,,,
Calaveras,69.0,88.0,5.0,56.0,12.0,9.0,4.0,0.0,17.0,1.0,16.0,37.0,31.0,5.0,0.0,1.0,37.0,32.0,59.0,10.0,,101.0,,532.0,149.0,100.0,150.0,382.0,150.0,457.99999999999994,45.999999999999986,9.0,19.0,,,,,,,15129.587752451987,15098.412247548013,,,2012,93.0,69.0,17.0,1.0,6.0,35.0,2.0,9.0,5.0,7.0,789.9999999999998,688.9999999999998,45683.0,25417.0,3001.0,237.0,1573.0,30228.0,,,,,,,,,,,,,,,
Colusa,61.0,57.0,5.0,46.0,11.0,2.0,0.0,0.0,8.0,3.0,5.0,14.0,7.0,6.0,1.0,0.0,41.0,20.0,50.0,11.0,,45.999999999999986,,327.0,56.0,48.0,80.0,239.0,88.0,174.00000000000006,111.0,25.000000000000004,17.0,,,,,,,7051.924725184333,6653.075274815667,,,2012,62.0,29.0,28.0,3.0,2.0,12.0,2.0,9.0,2.0,1.0,407.99999999999994,361.99999999999994,21472.0,5721.0,7348.0,114.0,522.0,13705.0,,,,,,,,,,,,,,,
Contra Costa,1451.0,1719.0,51.0,1498.0,151.0,57.0,6.0,1.0,319.0,83.0,236.0,382.0,110.0,85.0,164.0,23.0,1140.0,311.0,1280.0,171.0,,4382.999999999998,,10360.0,2204.0,2945.0,3200.0,8187.0,2173.0,4047.0,2041.0000000000005,3644.999999999998,626.9999999999998,,,,,,,352073.2843003132,368256.7156996868,,,2012,1770.0,447.0,358.0,845.0,120.0,370.0,12.0,241.0,79.0,16.0,26772.999999999985,22389.999999999985,1069607.0,353197.0,168905.0,64490.0,133738.0,720330.0,,,,,,,,,,,,,,,
Del Norte,92.0,122.0,7.0,78.0,20.0,14.0,3.0,2.0,18.0,7.0,11.0,49.0,35.0,2.0,1.0,11.0,48.0,44.0,75.0,17.0,,155.0,,440.0,138.0,70.0,136.0,319.0,121.0,358.0000000000001,23.0,9.0,50.0,,,,,,,11620.674154994442,8248.325845005558,,,2012,129.0,92.0,10.0,8.0,19.0,45.0,4.0,18.0,13.0,8.0,644.9999999999998,489.9999999999997,28462.0,12699.0,3738.0,1105.0,2327.0,19869.0,,,,,,,,,,,,,,,
El Dorado,374.0,365.0,23.0,263.0,60.0,38.0,18.0,0.0,100.0,17.0,83.0,132.0,99.0,17.0,4.0,12.0,181.0,193.0,321.0,53.0,,444.0000000000001,,1749.0,442.0,311.0,529.0,1308.0,441.0,1457.0000000000002,177.0,62.000000000000014,53.00000000000001,,,,,,,61629.52461615053,61262.47538384947,,,2012,388.0,297.0,50.0,19.0,22.0,125.0,7.0,67.0,20.0,22.0,2350.0000000000005,1906.0,182845.0,98843.0,14267.0,879.0,8903.0,122892.0,,,,,,,,,,,,,,,
Fresno,2791.0,3649.0,179.0,2712.0,524.0,243.0,146.0,10.0,1078.0,207.0,871.0,1300.0,256.0,762.0,217.0,65.0,1900.0,891.0,2517.0,274.0,,5103.999999999997,,19237.0,3661.0,3357.0,4677.0,16031.0,3206.0,4838.000000000001,10749.000000000007,2538.999999999999,1111.000000000001,,,,,,,305076.7851470614,298928.2148529386,,,2012,3828.0,772.0,1947.0,828.0,281.0,1211.0,89.0,695.0,239.0,117.0,31473.99999999999,26369.999999999993,948790.0,208472.0,293892.0,30644.0,70997.0,604005.0,,,,,,,,,,,,,,,
Glenn,89.0,99.0,3.0,63.0,13.0,14.0,4.0,2.0,26.0,2.0,24.0,30.0,14.0,12.0,1.0,3.0,66.0,23.0,77.0,12.0,,78.0,,402.0,108.0,96.0,73.0,317.0,85.0,236.0,127.0,9.000000000000004,29.999999999999993,,,,,,,9128.133433549823,8767.866566450177,,,2012,102.0,52.0,37.0,4.0,9.0,29.0,1.0,15.0,4.0,5.0,543.0000000000005,465.0000000000004,28136.0,10108.0,6621.0,126.0,1041.0,17896.0,,,,,,,,,,,,,,,
Humboldt,369.0,381.0,20.0,304.0,40.0,36.0,12.0,4.0,49.0,6.0,43.0,131.0,82.0,7.0,8.0,34.0,247.0,122.0,319.0,50.0,,389.00000000000017,,2369.0,462.0,430.0,840.0,1777.0,592.0,1915.0000000000005,165.99999999999997,85.99999999999999,202.00000000000009,,,,,,,49127.92270925124,46962.07729074876,,,2012,401.0,260.0,33.0,21.0,87.0,119.0,12.0,76.0,23.0,14.0,2967.999999999999,2578.999999999999,134644.0,75699.0,8958.0,1143.0,10290.0,96090.0,,,,,,,,,,,,,,,
Imperial,496.0,310.0,12.0,210.0,44.0,49.0,19.0,1.0,61.0,14.0,47.0,103.0,18.0,66.0,10.0,9.0,323.0,173.0,445.0,51.0,,499.99999999999994,,2638.0,559.0,705.0,886.0,2087.0,551.0,505.0,1902.999999999999,152.00000000000003,77.99999999999999,,,,,,,59633.84502801027,54529.15497198973,,,2012,322.0,47.0,227.0,31.0,17.0,100.0,3.0,46.0,20.0,22.0,3775.0000000000023,3275.0000000000027,178204.0,16574.0,90027.0,4857.0,2705.0,114163.0,,,,,,,,,,,,,,,
Inyo,73.0,42.0,3.0,36.0,4.0,4.0,0.0,0.0,5.0,1.0,4.0,6.0,3.0,1.0,0.0,2.0,37.0,36.0,64.0,9.0,,83.0,,223.0,72.0,42.0,67.0,174.0,49.0,122.0,38.0,0.0,62.99999999999999,,,,,,,6385.090538398707,6009.909461601293,,,2012,45.0,26.0,5.0,2.0,12.0,6.0,0.0,2.0,3.0,1.0,254.00000000000009,171.00000000000009,18904.0,8386.0,2231.0,85.0,1693.0,12395.0,,,,,,,,,,,,,,,
Kern,2593.0,3544.0,151.0,2178.0,617.0,531.0,266.0,14.0,1386.0,402.0,984.0,1251.0,380.0,609.0,242.0,20.0,2029.0,564.0,2299.0,294.0,,4975.9999999999945,,13935.0,3665.0,3801.0,3720.0,11217.0,2718.0,5422.000000000001,6210.0,2065.999999999998,237.00000000000009,,,,,,,289122.7395227038,261156.2604772962,,,2012,3695.0,1066.0,1682.0,863.0,84.0,1186.0,65.0,514.0,280.0,184.0,28719.00000000003,23743.000000000033,856282.0,225853.0,259245.0,30549.0,34632.0,550279.0,,,,,,,,,,,,,,,
Kings,491.0,1175.0,59.0,769.0,158.0,177.0,80.0,3.0,437.0,137.0,300.0,392.0,93.0,222.0,56.0,21.0,266.0,225.0,411.0,80.0,,766.9999999999998,,2271.0,535.0,375.0,585.0,1702.0,569.0,728.0000000000001,1170.0000000000002,253.0,120.0,,,,,,,60903.7349963884,40618.2650036116,,,2012,1234.0,293.0,653.0,222.0,66.0,364.0,28.0,202.0,58.0,62.0,2617.0000000000005,1850.000000000001,150718.0,38012.0,47770.0,9194.0,6546.0,101522.0,,,,,,,,,,,,,,,
Lake,293.0,291.0,10.0,197.0,41.0,32.0,11.0,1.0,67.0,13.0,54.0,93.0,56.0,13.0,9.0,15.0,163.0,130.0,255.0,38.0,,376.0,,1152.0,327.0,165.0,394.0,897.0,255.0,872.0000000000001,152.0,66.0,62.00000000000001,,,,,,,22028.73372949409,21602.26627050591,,,2012,301.0,189.0,38.0,35.0,39.0,89.0,4.0,52.0,11.0,14.0,1612.0,1236.0,64394.0,33093.0,6905.0,803.0,2830.0,43631.0,,,,,,,,,,,,,,,
Lassen,122.0,103.0,8.0,70.0,17.0,11.0,4.0,0.0,34.0,15.0,19.0,26.0,18.0,6.0,1.0,1.0,53.0,69.0,100.0,22.0,,132.00000000000006,,338.0,106.0,77.0,67.0,248.0,90.0,277.0,29.0,13.999999999999998,18.0,,,,,,,17510.93230985423,8114.06769014577,,,2012,111.0,68.0,22.0,10.0,11.0,24.0,2.0,9.0,6.0,6.0,431.9999999999996,299.99999999999955,33378.0,16540.0,4550.0,2941.0,1594.0,25625.0,,,,,,,,,,,,,,,
Los Angeles,18154.0,44195.0,2114.0,32817.0,6049.0,4374.0,1762.0,198.0,15377.0,3241.0,12136.0,10610.0,1429.0,5094.0,3672.0,415.0,9849.0,8305.0,15723.0,2431.0,,44555.99999999994,,104203.00000000016,26940.0,25610.0,32796.0,82997.00000000016,21206.0,21190.00000000003,50818.00000000001,27217.000000000025,4977.999999999999,,,,,,,3376509.767693989,3423619.232306011,,,2012,46309.0,5150.0,21080.0,17654.0,2425.0,9845.0,765.0,4654.0,2544.0,1749.0,195132.00000000023,150576.00000000032,9945031.0,1954470.0,3157192.0,562391.0,1126076.0,6800129.0,,,,,,,,,,,,,,,
Madera,447.0,467.0,56.0,354.0,64.0,70.0,34.0,1.0,188.0,44.0,144.0,184.0,55.0,109.0,11.0,9.0,343.0,104.0,390.0,57.0,,934.0,,1704.0,401.0,376.0,439.0,1395.0,309.0,522.0,999.0000000000005,130.00000000000003,52.99999999999999,,,,,,,46508.404534270776,51184.595465729224,,,2012,523.0,143.0,275.0,78.0,27.0,168.0,16.0,96.0,39.0,19.0,3835.0,2901.0,151329.0,38006.0,51227.0,4108.0,4352.0,97693.0,,,,,,,,,,,,,,,
Marin,253.0,327.0,10.0,222.0,61.0,22.0,11.0,0.0,119.0,47.0,72.0,82.0,36.0,21.0,21.0,4.0,188.0,65.0,218.0,35.0,,489.9999999999998,,1661.0,455.0,427.0,496.0,1283.0,378.0,923.0,351.0,316.00000000000017,71.00000000000001,,,,,,,86204.13290029528,87687.86709970472,,,2012,337.0,154.0,70.0,92.0,21.0,75.0,7.0,43.0,16.0,3.0,3686.000000000001,3196.000000000001,253991.0,125051.0,28152.0,5743.0,14946.0,173892.0,,,,,,,,,,,,,,,
Mariposa,39.0,49.0,1.0,35.0,7.0,1.0,1.0,0.0,17.0,6.0,11.0,11.0,7.0,2.0,0.0,2.0,17.0,22.0,34.0,5.0,,71.00000000000001,,188.0,62.0,24.0,51.0,131.0,57.0,145.0,25.0,3.0,14.999999999999998,,,,,,,6181.978100425474,5946.021899574526,,,2012,50.0,40.0,3.0,1.0,6.0,11.0,0.0,4.0,3.0,1.0,254.00000000000009,183.00000000000009,18361.0,10140.0,1064.0,100.0,824.0,12128.0,,,,,,,,,,,,,,,
Mendocino,255.0,301.0,16.0,228.0,20.0,30.0,4.0,1.0,43.0,4.0,39.0,105.0,68.0,15.0,3.0,19.0,157.0,98.0,222.0,33.0,,357.99999999999983,,1458.0,372.0,277.0,514.0,1124.0,334.0,1047.9999999999998,194.99999999999991,48.99999999999999,165.99999999999997,,,,,,,30577.57153662098,29638.42846337902,,,2012,317.0,188.0,55.0,18.0,56.0,96.0,9.0,58.0,14.0,10.0,1405.0000000000002,1047.0000000000005,88568.0,42687.0,12359.0,437.0,4733.0,60216.0,,,,,,,,,,,,,,,
Merced,802.0,811.0,27.0,584.0,113.0,58.0,21.0,1.0,242.0,41.0,201.0,283.0,68.0,153.0,37.0,25.0,589.0,213.0,742.0,60.0,,1832.999999999999,,3385.0,819.0,801.0,963.0,2704.0,681.0,1057.0,1765.0000000000005,388.99999999999994,174.0,,,,,,,83537.523859978,81132.476140022,,,2012,838.0,196.0,448.0,124.0,70.0,268.0,15.0,138.0,58.0,30.0,7528.0,5695.000000000001,261062.0,58348.0,86013.0,5885.0,14424.0,164670.0,,,,,,,,,,,,,,,
Modoc,29.0,16.0,1.0,13.0,1.0,2.0,1.0,0.0,4.0,0.0,4.0,3.0,2.0,0.0,0.0,1.0,18.0,11.0,25.0,4.0,,69.00000000000001,,227.0,71.0,31.0,42.0,149.0,78.0,182.99999999999997,22.0,1.0000000000000002,21.0,,,,,,,3112.099226493437,3091.900773506563,,,2012,17.0,9.0,3.0,1.0,4.0,2.0,1.0,2.0,0.0,1.0,166.0,97.0,9431.0,4993.0,806.0,56.0,349.0,6204.0,,,,,,,,,,,,,,,
Mono,26.0,18.0,1.0,12.0,4.0,0.0,0.0,0.0,7.0,2.0,5.0,3.0,2.0,1.0,0.0,0.0,12.0,14.0,25.0,1.0,,43.999999999999986,,93.0,32.0,20.0,24.0,75.0,18.0,70.00000000000001,13.0,3.0,6.999999999999999,,,,,,,5604.5021176589225,4817.4978823410775,,,2012,19.0,7.0,9.0,0.0,3.0,3.0,0.0,2.0,0.0,0.0,203.99999999999991,159.99999999999994,14377.0,7546.0,2444.0,29.0,403.0,10422.0,,,,,,,,,,,,,,,
Monterey,1069.0,1516.0,59.0,1098.0,170.0,166.0,50.0,5.0,459.0,43.0,416.0,457.0,85.0,282.0,63.0,27.0,765.0,304.0,908.0,161.0,,1866.0000000000005,,3941.999999999999,1135.0,926.0,1077.0,3065.0,876.9999999999994,1080.0000000000002,2406.999999999999,297.00000000000006,158.00000000000009,,,,,,,146110.21764669876,133310.78235330124,,,2012,1575.0,293.0,996.0,221.0,65.0,431.0,26.0,202.0,90.0,76.0,8431.000000000002,6565.000000000002,421486.0,92983.0,152450.0,8625.0,25363.0,279421.0,,,,,,,,,,,,,,,
Napa,255.0,291.0,10.0,203.0,42.0,28.0,8.0,2.0,89.0,21.0,68.0,86.0,33.0,32.0,11.0,10.0,178.0,77.0,218.0,37.0,,485.0,,1563.0,300.0,389.0,366.0,1191.0,372.0,838.0000000000003,403.00000000000006,241.00000000000003,81.0,,,,,,,46769.02784907831,45873.97215092169,,,2012,301.0,148.0,103.0,33.0,17.0,83.0,3.0,40.0,20.0,9.0,2067.000000000001,1582.000000000001,138032.0,52346.0,29386.0,1831.0,9080.0,92643.0,,,,,,,,,,,,,,,
Nevada,179.0,93.0,3.0,71.0,13.0,3.0,0.0,1.0,26.0,6.0,20.0,24.0,22.0,1.0,0.0,1.0,138.0,41.0,155.0,24.0,,243.00000000000009,,723.0,156.0,183.0,278.0,545.0,178.0,653.0,53.0,12.0,5.000000000000001,,,,,,,33132.21512155726,33640.78487844274,,,2012,96.0,80.0,7.0,2.0,7.0,23.0,1.0,11.0,6.0,1.0,1406.0,1163.0,97926.0,57192.0,6005.0,253.0,3323.0,66773.0,,,,,,,,,,,,,,,
Orange,6835.0,6851.0,286.0,5008.0,1016.0,630.0,282.0,11.0,1696.0,394.0,1302.0,1910.0,606.0,1001.0,181.0,122.0,3558.0,3277.0,5911.0,924.0,,6788.999999999999,,22930.0,5019.0,5982.0,8600.0,17565.0,5365.0,10238.000000000002,9487.999999999996,1269.999999999998,1934.0,,,,,,,1040423.4578070572,1051452.542192943,,,2012,7137.0,1868.0,3879.0,726.0,664.0,1779.0,131.0,876.0,442.0,351.0,44627.99999999997,37838.99999999997,3074546.0,933978.0,676839.0,36131.0,444928.0,2091876.0,,,,,,,,,,,,,,,
Placer,606.0,628.0,30.0,369.0,141.0,68.0,21.0,4.0,279.0,55.0,224.0,161.0,118.0,24.0,14.0,5.0,393.0,213.0,522.0,84.0,,679.9999999999998,,3579.0,614.0,968.0,1061.0,2575.0,1004.0,2651.999999999999,471.0,274.0,181.99999999999997,,,,,,,115618.08722755768,120929.91277244232,,,2012,658.0,451.0,92.0,70.0,45.0,151.0,10.0,70.0,40.0,18.0,4763.999999999999,4083.999999999999,360440.0,175646.0,32784.0,3217.0,24901.0,236548.0,,,,,,,,,,,,,,,
Plumas,45.0,38.0,2.0,32.0,4.0,2.0,0.0,0.0,10.0,0.0,10.0,12.0,12.0,0.0,0.0,0.0,35.0,10.0,35.0,10.0,,108.0,,264.0,93.0,53.0,63.0,195.0,69.0,237.0,14.0,6.999999999999999,6.0,,,,,,,6753.312353001153,6718.687646998847,,,2012,40.0,36.0,1.0,2.0,1.0,9.0,3.0,7.0,3.0,1.0,379.9999999999999,271.9999999999999,19558.0,11618.0,1004.0,130.0,720.0,13472.0,,,,,,,,,,,,,,,
Riverside,3907.0,9029.0,479.0,6406.0,1410.0,995.0,443.0,31.0,3281.0,540.0,2741.0,2433.0,759.0,1099.0,511.0,64.0,2657.0,1250.0,3446.0,461.0,,6988.999999999994,,20034.0,4736.0,5242.0,6263.0,15562.0,4472.0,7594.999999999998,8930.999999999996,2856.000000000002,651.9999999999998,,,,,,,722077.7432540356,722078.2567459644,,,2012,9508.0,2642.0,4302.0,2231.0,333.0,2283.0,150.0,1250.0,550.0,276.0,49905.00000000004,42916.00000000005,2249773.0,589550.0,630211.0,94508.0,129887.0,1444156.0,,,,,,,,,,,,,,,
Sacramento,3826.0,6354.0,276.0,4879.0,796.0,453.0,136.0,12.0,2327.0,572.0,1755.0,1366.0,424.0,295.0,555.0,92.0,2239.0,1587.0,3375.0,451.0,,8016.999999999996,,15388.0,4469.0,3906.0,4160.0,12162.0,3226.0,6189.000000000001,2828.0,5230.0,1141.000000000001,,,,,,,475537.8441309786,490272.1558690214,,,2012,6630.0,1828.0,1255.0,2962.0,585.0,1296.0,70.0,681.0,255.0,127.0,39435.999999999985,31418.999999999993,1435682.0,488445.0,194404.0,96945.0,186016.0,965810.0,,,,,,,,,,,,,,,
San Benito,132.0,118.0,6.0,84.0,13.0,17.0,10.0,0.0,21.0,7.0,14.0,41.0,13.0,27.0,0.0,1.0,86.0,46.0,112.0,20.0,,216.99999999999997,,459.0,138.0,90.0,117.0,354.0,105.0,151.00000000000003,290.99999999999994,5.000000000000001,12.000000000000002,,,,,,,18357.205180039935,18802.794819960065,,,2012,124.0,24.0,95.0,3.0,2.0,37.0,4.0,28.0,4.0,4.0,884.9999999999998,667.9999999999998,56822.0,13670.0,20817.0,317.0,2356.0,37160.0,,,,,,,,,,,,,,,
San Bernardino,5624.0,8597.0,418.0,5856.0,1431.0,918.0,344.0,36.0,2865.0,632.0,2233.0,3044.0,785.0,1388.0,822.0,49.0,4155.0,1469.0,4958.0,666.0,,9032.0,,28903.0,7254.0,8949.0,8370.0,22186.0,6717.0,9785.000000000002,12840.000000000002,5429.000000000003,849.0000000000008,,,,,,,674723.4110488341,680773.5889511659,,,2012,9015.0,2291.0,3791.0,2701.0,232.0,2846.0,198.0,1480.0,676.0,307.0,51648.000000000015,42616.000000000015,2064118.0,484301.0,629283.0,121142.0,120771.0,1355497.0,,,,,,,,,,,,,,,
San Diego,5317.0,9003.0,448.0,6351.0,1538.0,946.0,253.0,39.0,3591.0,680.0,2911.0,2250.0,737.0,836.0,547.0,130.0,2905.0,2412.0,4523.0,794.0,,11839.000000000004,,27834.0,7879.0,5991.0,8120.999999999992,21354.0,6480.0,12350.000000000004,8647.000000000002,5010.000000000002,1827.0,,,,,,,1102092.227611631,1068650.772388369,,,2012,9451.0,2751.0,3216.0,2746.0,738.0,2076.0,174.0,1028.0,591.0,296.0,56034.99999999997,44195.99999999996,3153877.0,1075054.0,666084.0,107486.0,322119.0,2170743.0,,,,,,,,,,,,,,,
San Francisco,1494.0,1020.0,37.0,902.0,98.0,33.0,0.0,0.0,203.0,43.0,160.0,199.0,35.0,25.0,115.0,24.0,1265.0,229.0,1372.0,122.0,,5874.000000000003,,7619.0,1692.0,1180.0,1431.0,6311.0,1308.0,3494.0,1491.0,1558.0,1076.0,,,,,,,322851.85055569076,300766.14944430924,,,2012,1057.0,189.0,119.0,580.0,169.0,196.0,3.0,133.0,31.0,16.0,18861.000000000007,12987.000000000004,822291.0,275986.0,94834.0,33742.0,219056.0,623618.0,*Adjusted for San Francisco underreporting of arrests using reported-offense arrest change.,,,,,,,,,,,,,,
San Joaquin,1439.0,2777.0,119.0,2113.0,399.0,153.0,25.0,2.0,677.0,109.0,568.0,911.0,227.0,353.0,268.0,63.0,917.0,522.0,1303.0,136.0,,6249.000000000001,,8121.0,2383.0,2131.0,1514.0,6574.0,1547.0,3180.000000000001,2817.0000000000005,1677.9999999999995,446.0,,,,,,,225363.757581919,224315.242418081,,,2012,2896.0,675.0,1032.0,859.0,330.0,861.0,50.0,428.0,234.0,67.0,24537.0,18288.0,698073.0,172219.0,164347.0,33987.0,79126.0,449679.0,,,,,,,,,,,,,,,
San Luis Obispo,672.0,588.0,19.0,436.0,82.0,45.0,19.0,3.0,215.0,60.0,155.0,173.0,93.0,61.0,16.0,3.0,353.0,319.0,565.0,107.0,,905.9999999999995,,2480.0,653.0,492.0,874.0000000000006,1883.0,597.0,1718.0000000000002,592.0,92.0,78.00000000000001,,,,,,,99791.17477360187,91546.82522639813,,,2012,607.0,307.0,187.0,96.0,17.0,165.0,8.0,108.0,26.0,18.0,4083.999999999998,3177.999999999999,270869.0,136574.0,37938.0,4801.0,12025.0,191338.0,,,,,,,,,,,,,,,
San Mateo,983.0,1207.0,47.0,921.0,162.0,90.0,31.0,3.0,383.0,89.0,294.0,315.0,68.0,126.0,73.0,48.0,612.0,371.0,852.0,131.0,,1764.0000000000005,,4757.999999999999,1173.0,1175.0,1511.0,3759.0,998.9999999999994,1554.0000000000002,1525.9999999999998,861.0,816.9999999999997,,,,,,,250578.18677459093,254232.81322540907,,,2012,1254.0,267.0,389.0,372.0,226.0,299.0,16.0,147.0,77.0,34.0,10426.000000000007,8662.000000000007,735882.0,204008.0,131620.0,14441.0,154742.0,504811.0,,,,,,,,,,,,,,,
Santa Barbara,965.0,1149.0,57.0,836.0,146.0,122.0,47.0,1.0,331.0,92.0,239.0,319.0,97.0,195.0,24.0,3.0,678.0,287.0,832.0,133.0,,1643.0000000000002,,3559.0,1039.0,842.0,982.0,2741.0,818.0,1536.0000000000002,1664.999999999999,219.00000000000009,139.0,,,,,,,148040.24193996046,142120.75806003954,,,2012,1206.0,330.0,694.0,141.0,41.0,306.0,13.0,180.0,45.0,43.0,7044.000000000006,5401.000000000006,426105.0,139538.0,121483.0,5893.0,23247.0,290161.0,,,,,,,,,,,,,,,
Santa Clara,3635.0,4323.0,117.0,3342.0,568.0,320.0,124.0,9.0,1574.0,531.0,1043.0,983.0,194.0,533.0,147.0,109.0,2555.0,1080.0,3160.0,475.0,,4941.999999999998,,11760.999999999987,3246.0,2772.0,3306.0,9429.999999999987,2331.0,3326.999999999999,5534.999999999998,1388.0000000000005,1511.0000000000005,,,,,,,632627.5793525893,616038.4206474107,,,2012,4440.0,918.0,2160.0,792.0,570.0,933.0,50.0,540.0,242.0,90.0,35589.99999999996,30647.999999999964,1826878.0,440372.0,325383.0,34809.0,448102.0,1248666.0,,,,,,,,,,,,,,,
Santa Cruz,404.0,489.0,16.0,370.0,57.0,34.0,8.0,1.0,121.0,14.0,107.0,117.0,43.0,62.0,9.0,3.0,257.0,147.0,355.0,49.0,,1041.0000000000002,,2812.0,548.0,598.0,1110.0,2217.0,595.0,1598.0000000000005,993.0000000000002,156.00000000000006,65.0,,,,,,,96281.50124559796,95095.49875440204,,,2012,505.0,203.0,249.0,33.0,20.0,113.0,4.0,65.0,21.0,11.0,5803.999999999999,4762.999999999999,268796.0,116470.0,57702.0,1899.0,15306.0,191377.0,,,,,,,,,,,,,,,
Shasta,328.0,1073.0,77.0,646.0,222.0,181.0,68.0,6.0,421.0,75.0,346.0,277.0,222.0,16.0,20.0,19.0,236.0,92.0,282.0,46.0,,1297.999999999999,,2675.0,391.0,694.0,643.0,1976.0,699.0,2262.0000000000005,137.0,141.0,134.99999999999997,,,,,,,58104.90178214367,59924.09821785633,,,2012,1150.0,914.0,82.0,72.0,82.0,260.0,17.0,138.0,63.0,39.0,5100.999999999999,3802.999999999999,178519.0,96558.0,10188.0,928.0,10355.0,118029.0,,,,,,,,,,,,,,,
Sierra,2.0,11.0,0.0,6.0,2.0,0.0,0.0,0.0,2.0,1.0,1.0,5.0,4.0,1.0,0.0,0.0,0.0,2.0,1.0,1.0,,17.0,,51.0,13.0,10.0,8.0,35.0,16.0,39.99999999999999,9.0,0.0,2.0,,,,,,,1096.8368774841863,1065.1631225158137,,,2012,11.0,9.0,1.0,1.0,0.0,5.0,0.0,2.0,1.0,0.0,46.0,29.0,3114.0,1962.0,149.0,4.0,47.0,2162.0,,,,,,,,,,,,,,,
Siskiyou,79.0,168.0,10.0,114.0,33.0,20.0,4.0,1.0,54.0,9.0,45.0,35.0,27.0,1.0,3.0,4.0,58.0,21.0,68.0,11.0,,104.00000000000004,,612.0,183.0,108.0,153.0,469.0,143.0,445.9999999999999,53.0,47.000000000000014,66.0,,,,,,,14919.269277683032,14778.730722316968,,,2012,178.0,128.0,14.0,15.0,21.0,32.0,3.0,23.0,5.0,5.0,578.0000000000002,474.0000000000002,45378.0,23873.0,2886.0,382.0,2557.0,29698.0,,,,,,,,,,,,,,,
Solano,902.0,1056.0,43.0,847.0,116.0,78.0,23.0,4.0,216.0,37.0,179.0,243.0,70.0,45.0,111.0,17.0,630.0,272.0,783.0,119.0,,1845.999999999999,,4884.0,1308.0,1337.0,1091.0,3718.0,1166.0,2013.0,658.0,1895.0,317.99999999999994,,,,,,,143514.01955098097,141028.98044901903,,,2012,1099.0,287.0,178.0,541.0,93.0,234.0,9.0,132.0,49.0,24.0,10722.0,8876.0,419347.0,123087.0,63201.0,41288.0,56967.0,284543.0,,,,,,,,,,,,,,,
Sonoma,1008.0,977.0,49.0,723.0,161.0,54.0,23.0,1.0,231.0,27.0,204.0,240.0,105.0,90.0,19.0,26.0,453.0,555.0,875.0,133.0,,1792.0000000000005,,4579.0,1186.0,919.9999999999992,1789.0,3500.0,1079.0,2998.000000000002,1049.0000000000002,309.00000000000017,223.00000000000003,,,,,,,167554.4046567802,169050.5953432198,,,2012,1026.0,465.0,357.0,113.0,91.0,230.0,10.0,130.0,51.0,11.0,6243.000000000007,4451.000000000007,488487.0,229421.0,78024.0,5439.0,23721.0,336605.0,,,,,,,,,,,,,,,
Stanislaus,1141.0,1763.0,81.0,1052.0,382.0,266.0,144.0,3.0,610.0,114.0,496.0,579.0,249.0,227.0,65.0,38.0,888.0,253.0,1002.0,139.0,,2875.0,,8799.0,1766.0,2205.0,2616.0,6930.0,1869.0,4545.000000000001,3216.9999999999995,660.0000000000002,377.0000000000001,,,,,,,168050.19841340088,170237.80158659912,,,2012,1844.0,767.0,706.0,239.0,132.0,558.0,21.0,231.0,165.0,102.0,15695.999999999987,12820.999999999987,523197.0,168346.0,133387.0,8071.0,28484.0,338288.0,,,,,,,,,,,,,,,
Sutter,227.0,255.0,10.0,182.0,37.0,23.0,5.0,0.0,27.0,7.0,20.0,90.0,60.0,20.0,5.0,5.0,189.0,38.0,193.0,34.0,,318.0,,1095.0,337.0,339.0,234.0,785.0,310.0,657.9999999999999,273.0,78.99999999999999,84.99999999999999,,,,,,,30621.36364481837,30625.63635518163,,,2012,265.0,139.0,85.0,22.0,19.0,85.0,5.0,45.0,24.0,4.0,1982.0,1664.0,96687.0,32152.0,16627.0,1223.0,11245.0,61247.0,,,,,,,,,,,,,,,
Tehama,192.0,344.0,25.0,208.0,54.0,64.0,13.0,4.0,121.0,26.0,95.0,120.0,90.0,23.0,2.0,5.0,111.0,81.0,164.0,28.0,,354.00000000000006,,1190.0,202.0,279.0,482.0,864.0,326.0,892.0000000000003,230.99999999999997,23.000000000000007,43.99999999999999,,,,,,,20480.384975958965,20449.615024041035,,,2012,369.0,259.0,80.0,16.0,14.0,109.0,11.0,63.0,22.0,12.0,1170.9999999999998,816.9999999999998,63336.0,29920.0,8515.0,229.0,2266.0,40930.0,,,,,,,,,,,,,,,
Trinity,61.0,46.0,2.0,29.0,4.0,5.0,4.0,0.0,11.0,4.0,7.0,16.0,15.0,1.0,0.0,0.0,31.0,30.0,52.0,9.0,,20.999999999999996,,407.0,92.0,40.0,182.0,311.0,96.0,348.00000000000006,24.0,11.0,24.0,,,,,,,4835.4409433437195,4471.5590566562805,,,2012,48.0,38.0,1.0,5.0,4.0,14.0,2.0,5.0,2.0,2.0,151.0,130.0,13432.0,7674.0,706.0,31.0,896.0,9307.0,,,,,,,,,,,,,,,
Tulare,1663.0,2205.0,104.0,1585.0,332.0,211.0,65.0,5.0,688.0,108.0,580.0,444.0,123.0,276.0,25.0,20.0,958.0,705.0,1449.0,214.0,,2100.000000000001,,6620.0,1622.0,1644.0,1918.0,5078.0,1542.0,2093.0000000000005,3954.000000000001,363.0,210.00000000000003,,,,,,,140706.28636846432,138018.71363153568,,,2012,2309.0,560.0,48.0,152.0,100.0,410.0,34.0,199.0,110.0,77.0,11244.999999999996,9144.999999999996,452473.0,98164.0,161787.0,3807.0,14967.0,278725.0,,,,,,,,,,,,,,,
Tuolumne,137.0,202.0,12.0,124.0,31.0,30.0,12.0,0.0,77.0,6.0,71.0,46.0,41.0,2.0,1.0,2.0,95.0,42.0,109.0,28.0,,104.99999999999991,,855.0,141.0,155.0,295.0,575.0,280.0,748.9999999999999,72.0,14.000000000000004,20.000000000000004,,,,,,,20213.833878938414,17067.166121061586,,,2012,214.0,180.0,17.0,4.0,13.0,45.0,1.0,20.0,11.0,3.0,889.9999999999999,785.0,54101.0,29999.0,4324.0,1060.0,1898.0,37281.0,,,,,,,,,,,,,,,
Ventura,1663.0,1657.0,73.0,1213.0,212.0,175.0,60.0,2.0,476.0,76.0,400.0,420.0,115.0,260.0,32.0,13.0,969.0,694.0,1429.0,234.0,,1663.9999999999995,,7731.0,1783.0,1730.0,2440.0,5974.0,1757.0,3188.9999999999995,3931.999999999999,404.0,206.00000000000017,,,,,,,279142.2106264129,278349.7893735871,,,2012,1730.0,503.0,999.0,171.0,57.0,392.0,28.0,198.0,89.0,65.0,10157.000000000004,8493.000000000004,833366.0,278510.0,217652.0,9682.0,51648.0,557492.0,,,,,,,,,,,,,,,
Yolo,434.0,740.0,29.0,440.0,140.0,120.0,31.0,7.0,288.0,30.0,258.0,246.0,89.0,106.0,33.0,18.0,274.0,160.0,382.0,52.0,,556.0000000000002,,2072.0,437.0,421.0,603.0,1616.0,456.0,1079.0,651.0,215.0,127.0,,,,,,,70912.2950287974,74544.7049712026,,,2012,769.0,273.0,304.0,125.0,67.0,232.0,14.0,117.0,55.0,27.0,3747.9999999999977,3191.9999999999973,205025.0,74066.0,40042.0,4063.0,27286.0,145457.0,,,,,,,,,,,,,,,
Yuba,409.0,373.0,12.0,285.0,44.0,24.0,5.0,1.0,79.0,15.0,64.0,148.0,97.0,23.0,21.0,7.0,323.0,86.0,362.0,47.0,,285.0,,1302.0,376.0,354.0,288.0,983.0,319.0,869.9999999999998,211.0,148.00000000000003,73.0,,,,,,,23822.234838932323,23475.765161067677,,,2012,385.0,247.0,70.0,44.0,24.0,143.0,5.0,82.0,33.0,10.0,1513.0,1228.0,73156.0,29543.0,10495.0,1477.0,5783.0,47298.0,,,,,,,,,,,,,,,
Alameda,3351.0,3524.0,127.0,3321.0,209.0,33.0,5.0,3.0,630.0,,,687.0,64.0,154.0,411.0,58.0,2605.0,746.0,3045.0,306.0,,11739.0,60133.0,12501.000000000004,2817.0000000000005,3201.000000000002,4218.0,9916.0,2585.0000000000027,3323.0000000000005,2667.999999999998,5358.000000000004,1152.0,,,,,,,537699.0,555530.0,,,2013,3651.0,342.0,594.0,2427.0,288.0,661.0,26.0,484.0,90.0,22.0,,,,379430.0,237915.0,132186.0,343698.0,1093229.0,,133.0,497.0,71872.0,1574688.0,59919.0,,,,,,,,,
Alpine,0.0,1.0,0.0,1.0,0.0,0.0,0.0,0.0,0.0,,,0.0,0.0,0.0,0.0,0.0,0.0,0.0,0.0,0.0,,6.0,33.0,12.0,2.0,0.0,3.000000000000001,12.0,0.0,8.0,2.0,1.0,1.0,,,,,,,442.0,393.0,,,2013,1.0,0.0,0.0,0.0,1.0,0.0,0.0,0.0,0.0,0.0,,,,603.0,55.0,0.0,177.0,835.0,,0.0,0.0,39.0,1164.0,,,,,,,,,,
Amador,92.0,152.0,4.0,84.0,17.0,29.0,18.0,2.0,53.0,,,61.0,43.0,11.0,5.0,2.0,42.0,50.0,72.0,20.0,,100.0,798.0,507.0000000000001,80.99999999999997,66.00000000000003,175.00000000000006,340.00000000000006,167.00000000000003,371.0000000000001,65.0,23.0,47.99999999999999,,,,,,,14630.0,10835.0,,,2013,156.0,102.0,28.0,9.0,17.0,56.0,5.0,24.0,12.0,12.0,,,,19648.0,3460.0,889.0,1468.0,25465.0,,11.0,42.0,898.0,37582.0,,,,,,,,,,
Butte,589.0,920.0,53.0,609.0,133.0,129.0,65.0,8.0,144.0,,,341.0,232.0,45.0,38.0,26.0,369.0,220.0,512.0,77.0,,634.0,6223.0,2778.0000000000005,568.9999999999999,569.0000000000003,1114.0000000000002,2076.0,702.0000000000003,2194.999999999999,301.0,160.0,122.0,,,,,,,76540.0,75513.0,,,2013,973.0,638.0,150.0,118.0,67.0,307.0,34.0,143.0,57.0,68.0,,,,115581.0,20797.0,2207.0,13468.0,152053.0,,42.0,102.0,6857.0,222113.0,,,,,,,,,,
Calaveras,72.0,96.0,6.0,57.0,25.0,11.0,5.0,1.0,14.0,,,43.0,36.0,4.0,1.0,2.0,39.0,33.0,63.0,9.0,,130.0,1080.0,557.9999999999999,132.99999999999994,105.0,155.00000000000003,410.9999999999999,147.00000000000003,479.99999999999983,51.99999999999999,7.999999999999999,18.0,,,,,,,14997.0,14948.0,,,2013,102.0,77.0,17.0,1.0,7.0,38.0,5.0,13.0,13.0,8.0,,,,24942.0,3067.0,257.0,1679.0,29945.0,,1.0,13.0,1210.0,45116.0,,,,,,,,,,
Colusa,69.0,63.0,3.0,48.0,10.0,2.0,1.0,0.0,8.0,,,23.0,10.0,10.0,3.0,0.0,45.0,24.0,55.0,14.0,,43.0,535.0,339.0,58.0,52.00000000000001,46.000000000000014,249.0,90.00000000000001,160.00000000000006,117.0,36.0,26.000000000000007,,,,,,,7157.0,6735.0,,,2013,66.0,30.0,29.0,5.0,2.0,23.0,0.0,8.0,7.0,1.0,,,,5505.0,7635.0,122.0,630.0,13892.0,,2.0,6.0,578.0,21972.0,,,,,,,,,,
Contra Costa,1535.0,1724.0,53.0,1523.0,144.0,51.0,9.0,0.0,312.0,,,358.0,99.0,94.0,140.0,25.0,1201.0,334.0,1378.0,157.0,,3961.0,31351.0,10920.999999999987,2109.0000000000023,3037.9999999999964,3538.0,8576.999999999993,2343.999999999997,4518.000000000002,2171.999999999999,3584.000000000001,646.9999999999999,,,,,,,356140.0,372518.0,,,2013,1777.0,443.0,365.0,838.0,131.0,338.0,20.0,220.0,71.0,24.0,,,,346593.0,175201.0,66047.0,140817.0,728658.0,,78.0,234.0,35312.0,1089243.0,,,,,,,,,,
Del Norte,81.0,121.0,6.0,80.0,15.0,9.0,2.0,1.0,17.0,,,34.0,20.0,4.0,0.0,10.0,38.0,43.0,61.0,20.0,,175.0,589.0,588.0000000000001,204.0,82.00000000000004,175.00000000000003,403.0000000000001,185.0,449.0,32.0,11.0,96.0,,,,,,,11672.0,8163.0,,,2013,127.0,81.0,14.0,10.0,22.0,32.0,2.0,18.0,5.0,5.0,,,,12603.0,3698.0,1034.0,2500.0,19835.0,,6.0,11.0,764.0,27507.0,,,,,,,,,,
El Dorado,347.0,370.0,29.0,260.0,71.0,39.0,16.0,1.0,103.0,,,123.0,99.0,15.0,3.0,6.0,196.0,151.0,291.0,56.0,,390.0,3272.0,1925.9999999999995,431.00000000000034,320.0000000000001,620.9999999999995,1413.9999999999998,511.9999999999999,1589.000000000001,184.99999999999997,71.99999999999997,80.0,,,,,,,62932.0,62353.0,,,2013,399.0,305.0,50.0,17.0,27.0,112.0,11.0,50.0,34.0,14.0,,,,101271.0,14295.0,913.0,8806.0,125285.0,,16.0,87.0,3662.0,182228.0,,,,,,,,,,
Fresno,2918.0,3927.0,184.0,2886.0,551.0,266.0,185.0,11.0,1186.0,,,1556.0,307.0,888.0,281.0,80.0,2003.0,915.0,2690.0,228.0,,4868.0,36698.0,21412.000000000025,3643.999999999998,3462.9999999999995,5495.000000000001,16732.000000000025,4679.999999999998,5467.000000000002,11741.999999999998,2982.999999999998,1220.0000000000002,,,,,,,309208.0,304543.0,,,2013,4111.0,820.0,2124.0,878.0,289.0,1453.0,103.0,753.0,328.0,181.0,,,,207966.0,300883.0,30839.0,74063.0,613751.0,,193.0,993.0,41566.0,959455.0,,,,,,,,,,
Glenn,105.0,105.0,4.0,70.0,17.0,11.0,3.0,0.0,31.0,,,35.0,24.0,8.0,1.0,2.0,69.0,36.0,91.0,14.0,,151.0,714.0,429.00000000000006,99.99999999999996,69.0,118.99999999999996,334.00000000000006,95.0,237.0,136.99999999999994,17.0,37.99999999999999,,,,,,,9259.0,8858.0,,,2013,109.0,60.0,33.0,2.0,14.0,33.0,2.0,20.0,4.0,6.0,,,,10091.0,6778.0,143.0,1105.0,18117.0,,2.0,29.0,865.0,28684.0,,,,,,,,,,
Humboldt,361.0,379.0,20.0,303.0,44.0,34.0,12.0,4.0,51.0,,,114.0,75.0,3.0,4.0,32.0,238.0,123.0,310.0,51.0,,474.0,4984.0,2361.000000000001,449.0000000000005,487.00000000000006,798.0000000000005,1761.000000000001,600.0000000000001,1945.0,106.00000000000009,82.00000000000001,228.00000000000009,,,,,,,49445.0,47248.0,,,2013,399.0,266.0,29.0,17.0,87.0,108.0,6.0,55.0,25.0,16.0,,,,75983.0,9092.0,1116.0,10502.0,96693.0,,6.0,45.0,5458.0,134646.0,,,,,,,,,,
Imperial,488.0,339.0,9.0,210.0,54.0,57.0,28.0,2.0,66.0,,,132.0,15.0,105.0,7.0,5.0,269.0,219.0,428.0,60.0,,517.0,5698.0,2758.999999999998,528.0000000000002,629.0000000000002,990.9999999999992,2200.999999999998,558.0000000000001,484.0,2024.000000000001,182.0,69.00000000000003,,,,,,,60204.0,54797.0,,,2013,348.0,51.0,254.0,30.0,13.0,128.0,4.0,53.0,29.0,34.0,,,,16179.0,90600.0,4547.0,3675.0,115001.0,,11.0,55.0,6215.0,180047.0,,,,,,,,,,
Inyo,74.0,39.0,2.0,29.0,6.0,2.0,0.0,0.0,7.0,,,11.0,3.0,0.0,0.0,8.0,31.0,43.0,65.0,9.0,,75.0,308.0,211.99999999999997,73.99999999999996,34.0,73.99999999999997,162.99999999999997,49.0,107.0,59.99999999999999,3.0,42.0,,,,,,,6523.0,6110.0,,,2013,41.0,20.0,4.0,0.0,17.0,11.0,0.0,6.0,3.0,0.0,,,,8440.0,2362.0,90.0,1741.0,12633.0,,1.0,6.0,383.0,18585.0,,,,,,,,,,
Kern,2535.0,3872.0,174.0,2293.0,682.0,575.0,323.0,15.0,1434.0,,,1485.0,448.0,705.0,301.0,31.0,1692.0,843.0,2237.0,298.0,,4969.0,33382.0,15421.99999999999,3765.9999999999977,3577.0,4863.000000000001,12230.999999999993,3190.999999999998,6156.999999999999,6808.0,2214.000000000002,243.00000000000003,,,,,,,298662.0,264725.0,,,2013,4046.0,1149.0,1855.0,926.0,116.0,1382.0,103.0,481.0,407.0,284.0,,,,222031.0,271234.0,32533.0,37589.0,563387.0,,363.0,1071.0,38351.0,867825.0,,,,,,,,,,
Kings,603.0,1385.0,98.0,884.0,154.0,262.0,172.0,8.0,468.0,,,480.0,102.0,272.0,82.0,24.0,286.0,317.0,496.0,107.0,,725.0,3723.0,2200.9999999999995,509.99999999999983,369.9999999999999,639.9999999999998,1660.9999999999995,539.9999999999999,713.9999999999999,1142.0000000000002,225.00000000000003,120.0,,,,,,,62161.0,41468.0,,,2013,1483.0,352.0,790.0,268.0,73.0,406.0,74.0,225.0,78.0,86.0,,,,38036.0,51042.0,8282.0,6269.0,103629.0,,129.0,339.0,4448.0,150128.0,,,,,,,,,,
Lake,317.0,296.0,15.0,206.0,30.0,43.0,25.0,2.0,59.0,,,125.0,86.0,20.0,13.0,6.0,160.0,157.0,266.0,51.0,,356.0,1833.0,1295.0,309.9999999999999,161.00000000000006,519.0,953.0,342.0,977.0000000000002,171.0,53.0,94.0,,,,,,,21732.0,21466.0,,,2013,311.0,203.0,39.0,32.0,37.0,118.0,7.0,64.0,14.0,29.0,,,,32349.0,7100.0,787.0,2962.0,43198.0,,10.0,49.0,2189.0,64548.0,,,,,,,,,,
Lassen,125.0,150.0,4.0,90.0,13.0,24.0,16.0,1.0,35.0,,,31.0,24.0,1.0,4.0,2.0,41.0,84.0,101.0,24.0,,127.0,576.0,379.0,109.0,70.00000000000001,92.00000000000004,292.0,87.0,292.00000000000006,42.0,12.999999999999998,32.0,,,,,,,18206.0,8526.0,,,2013,154.0,82.0,38.0,23.0,11.0,31.0,0.0,17.0,5.0,3.0,,,,16916.0,5233.0,2867.0,1716.0,26732.0,,16.0,19.0,703.0,32299.0,,,,,,,,,,
Los Angeles,18486.0,43905.0,2051.0,32891.0,5937.0,4017.0,1926.0,167.0,15636.0,,,11127.0,1303.0,5054.0,3728.0,1042.0,10038.0,8448.0,15920.0,2566.0,,40384.0,228419.0,102730.00000000004,24843.000000000025,24602.999999999953,35113.000000000044,81729.00000000006,21000.99999999997,21006.000000000007,51850.999999999905,25005.0,4868.000000000005,,,,,,,3412633.0,3458857.0,,,2013,45956.0,4701.0,20854.0,17230.0,3171.0,10369.0,758.0,4737.0,2657.0,1967.0,,,,1942787.0,3217805.0,580375.0,1130523.0,6871490.0,,3088.0,12548.0,268803.0,10056433.0,,,,,,,,,,
Madera,450.0,499.0,92.0,381.0,86.0,74.0,39.0,1.0,190.0,,,200.0,44.0,100.0,15.0,41.0,399.0,51.0,391.0,59.0,,1017.0,3934.0,1717.0,386.0000000000001,351.0,461.00000000000006,1384.0,332.99999999999994,587.0000000000001,955.0,125.99999999999996,48.99999999999998,,,,,,,46666.0,52073.0,,,2013,591.0,148.0,303.0,83.0,57.0,186.0,14.0,84.0,44.0,29.0,,,,37701.0,52045.0,4184.0,4809.0,98739.0,,40.0,150.0,4951.0,152026.0,,,,,,,,,,
Marin,292.0,283.0,14.0,206.0,53.0,13.0,7.0,1.0,111.0,,,54.0,23.0,10.0,19.0,2.0,225.0,67.0,250.0,42.0,,491.0,5012.0,1651.0000000000002,406.00000000000045,399.0000000000003,583.9999999999998,1291.0000000000002,360.00000000000006,909.0,359.0,310.00000000000006,73.0,,,,,,,85921.0,86944.0,,,2013,297.0,136.0,53.0,83.0,25.0,46.0,8.0,31.0,14.0,3.0,,,,122589.0,29165.0,5404.0,15707.0,172865.0,,39.0,72.0,5503.0,258248.0,,,,,,,,,,
Mariposa,50.0,60.0,2.0,42.0,9.0,1.0,0.0,0.0,20.0,,,19.0,15.0,2.0,0.0,2.0,30.0,20.0,42.0,8.0,,84.0,306.0,249.0,79.00000000000004,39.0,80.00000000000001,192.0,57.000000000000014,194.0,30.000000000000004,7.0,18.0,,,,,,,6239.0,5919.0,,,2013,62.0,50.0,3.0,2.0,7.0,18.0,1.0,10.0,4.0,1.0,,,,10034.0,1113.0,126.0,885.0,12158.0,,6.0,14.0,390.0,18154.0,,,,,,,,,,
Mendocino,237.0,313.0,15.0,234.0,22.0,29.0,7.0,3.0,47.0,,,115.0,67.0,18.0,9.0,21.0,152.0,85.0,198.0,39.0,,472.0,1851.0,1536.0000000000005,428.0,277.0000000000001,532.0000000000001,1185.0000000000005,351.00000000000006,1052.0000000000002,247.0,61.000000000000014,175.99999999999997,,,,,,,30459.0,29435.0,,,2013,328.0,191.0,55.0,19.0,63.0,109.0,6.0,58.0,13.0,18.0,,,,41759.0,12736.0,446.0,4953.0,59894.0,,4.0,43.0,2323.0,88098.0,,,,,,,,,,
Merced,706.0,906.0,27.0,637.0,133.0,70.0,30.0,4.0,271.0,,,356.0,84.0,172.0,36.0,64.0,627.0,79.0,631.0,75.0,,1555.0,8096.0,3229.000000000001,735.0,760.9999999999998,1032.0000000000005,2580.0000000000005,649.0000000000002,1078.0000000000005,1645.0000000000002,368.0,138.0,,,,,,,84604.0,82238.0,,,2013,933.0,222.0,478.0,129.0,104.0,344.0,12.0,167.0,70.0,45.0,,,,55033.0,89408.0,6056.0,16345.0,166842.0,,34.0,237.0,9651.0,264652.0,,,,,,,,,,
Modoc,29.0,23.0,2.0,21.0,2.0,2.0,1.0,0.0,7.0,,,12.0,8.0,1.0,1.0,2.0,15.0,14.0,25.0,4.0,,69.0,168.0,221.0,58.000000000000014,40.00000000000003,61.00000000000001,171.99999999999997,49.000000000000014,160.00000000000003,30.000000000000004,2.0000000000000004,28.999999999999996,,,,,,,3131.0,3083.0,,,2013,25.0,13.0,5.0,1.0,6.0,10.0,2.0,10.0,1.0,1.0,,,,4804.0,901.0,69.0,440.0,6214.0,,2.0,5.0,237.0,9603.0,,,,,,,,,,
Mono,36.0,21.0,2.0,16.0,3.0,0.0,0.0,0.0,5.0,,,7.0,4.0,1.0,0.0,2.0,18.0,18.0,29.0,7.0,,29.0,221.0,157.99999999999997,30.000000000000018,16.999999999999993,82.00000000000001,122.99999999999996,35.00000000000001,108.0,27.999999999999993,3.0,19.0,,,,,,,5551.0,4808.0,,,2013,23.0,10.0,9.0,0.0,4.0,6.0,1.0,6.0,0.0,0.0,,,,7325.0,2478.0,37.0,519.0,10359.0,,0.0,5.0,250.0,13903.0,,,,,,,,,,
Monterey,942.0,1575.0,70.0,1156.0,179.0,151.0,49.0,4.0,484.0,,,465.0,78.0,256.0,35.0,96.0,714.0,228.0,816.0,126.0,,1794.0,10940.0,3682.999999999999,985.9999999999998,841.0000000000005,1018.9999999999987,2813.999999999999,868.9999999999999,1000.0,2285.9999999999977,261.0,135.99999999999997,,,,,,,148179.0,133822.0,,,2013,1645.0,281.0,1018.0,193.0,153.0,424.0,41.0,219.0,92.0,60.0,,,,93096.0,155504.0,8670.0,24731.0,282001.0,,42.0,442.0,12734.0,425860.0,,,,,,,,,,
Napa,238.0,302.0,8.0,217.0,41.0,24.0,8.0,2.0,93.0,,,96.0,41.0,31.0,18.0,6.0,175.0,63.0,206.0,32.0,,417.0,2574.0,1686.0,326.0000000000001,360.99999999999994,414.9999999999999,1279.0,407.0,882.0,462.0000000000003,251.00000000000009,90.99999999999996,,,,,,,47793.0,46102.0,,,2013,310.0,146.0,105.0,37.0,22.0,95.0,1.0,51.0,18.0,9.0,,,,52030.0,30659.0,2028.0,9178.0,93895.0,,21.0,72.0,2991.0,139395.0,,,,,,,,,,
Nevada,222.0,101.0,4.0,76.0,13.0,4.0,3.0,0.0,23.0,,,36.0,33.0,2.0,0.0,1.0,198.0,24.0,177.0,45.0,,433.0,1788.0,801.9999999999999,164.0,141.00000000000003,313.99999999999994,622.9999999999999,179.00000000000003,718.9999999999999,42.0,18.000000000000004,23.000000000000004,,,,,,,33036.0,33332.0,,,2013,105.0,90.0,8.0,1.0,6.0,34.0,2.0,18.0,7.0,3.0,,,,57466.0,5586.0,279.0,3037.0,66368.0,,6.0,17.0,2221.0,97632.0,,,,,,,,,,
Orange,7242.0,6511.0,264.0,4926.0,890.0,526.0,235.0,11.0,1616.0,,,1750.0,570.0,906.0,149.0,125.0,3987.0,3255.0,6231.0,1011.0,,6042.0,61650.0,23797.999999999993,4709.000000000004,5698.999999999997,9771.000000000013,18157.99999999999,5640.000000000005,10605.000000000004,9816.999999999998,1459.0000000000002,1917.0,,,,,,,1051347.0,1060015.0,,,2013,6775.0,1703.0,3755.0,664.0,653.0,1640.0,110.0,734.0,455.0,362.0,,,,927744.0,690119.0,34337.0,459162.0,2111362.0,,328.0,1288.0,67692.0,3113370.0,,,,,,,,,,
Placer,641.0,640.0,35.0,383.0,144.0,80.0,32.0,6.0,286.0,,,219.0,157.0,24.0,21.0,17.0,416.0,225.0,553.0,88.0,,660.0,7209.0,4010.0,640.0000000000001,1049.0000000000002,1397.000000000001,2875.0,1135.0000000000002,2947.9999999999995,545.0000000000001,319.00000000000017,198.00000000000009,,,,,,,116996.0,121440.0,,,2013,675.0,481.0,81.0,61.0,52.0,204.0,15.0,88.0,64.0,36.0,,,,182265.0,32119.0,3320.0,20732.0,238436.0,,49.0,237.0,7869.0,364372.0,,,,,,,,,,
Plumas,44.0,40.0,1.0,32.0,5.0,3.0,2.0,1.0,9.0,,,11.0,7.0,2.0,0.0,2.0,19.0,25.0,39.0,5.0,,92.0,390.0,235.0,66.0,42.00000000000002,63.99999999999997,182.0,53.0,199.00000000000003,21.0,2.0,13.000000000000004,,,,,,,6572.0,6632.0,,,2013,41.0,34.0,3.0,2.0,2.0,10.0,1.0,6.0,3.0,1.0,,,,11217.0,1016.0,149.0,822.0,13204.0,,0.0,9.0,482.0,19769.0,,,,,,,,,,
Riverside,3923.0,9397.0,535.0,6685.0,1503.0,1029.0,573.0,28.0,3389.0,,,2842.0,825.0,1321.0,614.0,82.0,2724.0,1199.0,3464.0,459.0,,6203.0,65134.0,21473.999999999975,4440.999999999997,5234.0000000000055,7566.000000000012,16493.999999999978,4980.0,8379.999999999995,9293.999999999998,3119.9999999999977,679.9999999999999,,,,,,,733236.0,732076.0,,,2013,9932.0,2658.0,4570.0,2328.0,376.0,2604.0,238.0,1279.0,724.0,445.0,,,,582262.0,655594.0,94078.0,133378.0,1465312.0,,448.0,2941.0,71337.0,2276342.0,,,,,,,,,,
Sacramento,4225.0,6468.0,284.0,4980.0,741.0,448.0,177.0,19.0,2316.0,,,1641.0,447.0,293.0,610.0,291.0,2444.0,1781.0,3738.0,487.0,,7515.0,44326.0,17053.000000000015,4485.999999999999,3732.999999999996,5537.999999999994,13492.000000000016,3560.999999999999,6784.999999999994,3196.999999999999,5794.000000000003,1277.0000000000002,,,,,,,479085.0,493878.0,,,2013,6752.0,1806.0,1235.0,2926.0,785.0,1543.0,98.0,756.0,347.0,200.0,,,,484922.0,199710.0,98113.0,190218.0,972963.0,,515.0,1801.0,51841.0,1455343.0,,,,,,,,,,
San Benito,118.0,112.0,5.0,85.0,11.0,11.0,4.0,0.0,23.0,,,28.0,6.0,22.0,0.0,0.0,86.0,32.0,98.0,20.0,,245.0,792.0,503.0000000000001,155.00000000000003,84.00000000000003,147.99999999999994,391.00000000000006,112.00000000000004,141.99999999999997,347.00000000000006,4.000000000000001,10.0,,,,,,,18808.0,18920.0,,,2013,117.0,24.0,89.0,1.0,3.0,28.0,0.0,19.0,3.0,2.0,,,,15147.0,20513.0,296.0,1772.0,37728.0,,7.0,16.0,1037.0,56750.0,,,,,,,,,,
San Bernardino,5689.0,8313.0,473.0,5916.0,1360.0,733.0,284.0,36.0,2793.0,,,3270.0,818.0,1332.0,772.0,348.0,4284.0,1405.0,4992.0,697.0,,8434.0,57598.0,30051.000000000004,7438.000000000005,9155.000000000004,9117.000000000004,22948.0,7103.000000000005,10121.000000000004,13352.000000000004,5682.999999999999,895.0000000000001,,,,,,,685030.0,689453.0,,,2013,8786.0,2137.0,3621.0,2504.0,524.0,2998.0,272.0,1511.0,788.0,351.0,,,,475571.0,655928.0,119035.0,123949.0,1374483.0,,466.0,2327.0,66032.0,2091054.0,,,,,,,,,,
San Diego,6016.0,8676.0,456.0,6363.0,1414.0,747.0,182.0,30.0,3599.0,,,2351.0,708.0,890.0,589.0,164.0,3020.0,2996.0,5129.0,887.0,,11173.0,70276.0,30378.000000000036,7838.000000000002,6194.000000000004,9571.0,23203.000000000033,7175.000000000002,13321.00000000001,9460.999999999984,5452.000000000004,2143.9999999999995,,,,,,,1119130.0,1071883.0,,,2013,9132.0,2536.0,3225.0,2582.0,789.0,2152.0,199.0,1052.0,632.0,317.0,,,,1086286.0,671512.0,111642.0,321573.0,2191013.0,,633.0,2966.0,81449.0,3209225.0,,,,,,,,,,
San Francisco,1207.0,961.0,26.0,863.0,79.0,19.0,2.0,0.0,204.0,,,973.0,211.0,394.0,289.0,79.0,1026.0,181.0,1097.0,110.0,,7164.0,49438.0,8603.999999999998,1891.000000000001,1483.9999999999998,1375.9999999999998,7146.999999999998,1457.0,2628.0,1100.0,4075.000000000002,801.0,,,,,,,328044.0,305084.0,,,2013,987.0,151.0,133.0,547.0,156.0,924.0,49.0,417.0,231.0,88.0,,,,280028.0,94806.0,33944.0,224350.0,633128.0,*Adjusted for San Francisco underreporting of arrests using reported-offense arrest change.,40.0,164.0,56602.0,842357.0,,,,,,,,,,
San Joaquin,1371.0,2882.0,135.0,2193.0,402.0,146.0,15.0,7.0,721.0,,,239.0,156.0,63.0,12.0,8.0,842.0,529.0,1211.0,160.0,,4980.0,28603.0,8244.0,2269.999999999999,2074.9999999999995,1721.000000000001,6502.000000000001,1741.9999999999998,3253.0000000000005,2748.999999999999,1687.0000000000002,555.0000000000002,,,,,,,228840.0,227228.0,,,2013,3017.0,635.0,1110.0,909.0,363.0,224.0,15.0,123.0,55.0,28.0,,,,169485.0,170315.0,33337.0,82931.0,456068.0,,95.0,626.0,33583.0,705640.0,,,,,,,,,,
San Luis Obispo,690.0,666.0,28.0,470.0,93.0,62.0,32.0,3.0,220.0,,,358.0,76.0,139.0,89.0,54.0,366.0,324.0,583.0,107.0,,1069.0,6208.0,2421.999999999999,558.0000000000001,506.00000000000006,957.0000000000006,1854.0,567.9999999999993,1700.9999999999989,543.0,92.0,86.00000000000003,,,,,,,100422.0,90820.0,,,2013,694.0,365.0,210.0,96.0,23.0,339.0,19.0,157.0,105.0,49.0,,,,135555.0,38853.0,4831.0,12003.0,191242.0,,60.0,160.0,7277.0,272775.0,,,,,,,,,,
San Mateo,1028.0,1214.0,46.0,929.0,178.0,77.0,22.0,2.0,384.0,,,159.0,22.0,35.0,90.0,12.0,637.0,391.0,896.0,132.0,,1776.0,14751.0,4914.999999999998,1118.9999999999995,1162.9999999999984,1787.999999999999,3867.999999999999,1046.999999999999,1586.0000000000011,1561.0000000000005,899.0,869.0000000000006,,,,,,,250953.0,254520.0,,,2013,1260.0,247.0,423.0,358.0,232.0,155.0,4.0,97.0,33.0,8.0,,,,207589.0,127817.0,13771.0,156296.0,505473.0,,87.0,297.0,16527.0,747431.0,,,,,,,,,,
Santa Barbara,959.0,1131.0,66.0,852.0,138.0,120.0,51.0,2.0,351.0,,,338.0,103.0,204.0,26.0,5.0,709.0,250.0,802.0,157.0,,1416.0,9824.0,3894.000000000002,1094.999999999999,760.0,1274.0000000000005,3025.000000000002,868.9999999999999,1636.999999999999,1898.0000000000005,227.00000000000009,132.0,,,,,,,150020.0,143743.0,,,2013,1197.0,330.0,685.0,133.0,49.0,305.0,33.0,166.0,61.0,55.0,,,,142051.0,122762.0,5522.0,23428.0,293763.0,,85.0,266.0,11240.0,435497.0,,,,,,,,,,
Santa Clara,3987.0,4070.0,118.0,3257.0,528.0,226.0,85.0,10.0,1513.0,,,951.0,149.0,454.0,128.0,220.0,2860.0,1127.0,3458.0,529.0,,4538.0,44475.0,13182.000000000002,3170.000000000002,3007.999999999998,4415.0,10426.0,2756.000000000002,3656.000000000001,6544.999999999998,1375.9999999999998,1605.0000000000005,,,,,,,639038.0,623489.0,,,2013,4188.0,796.0,1990.0,704.0,698.0,897.0,54.0,480.0,271.0,77.0,,,,444598.0,326192.0,31993.0,459744.0,1262527.0,,474.0,1039.0,49013.0,1864255.0,,,,,,,,,,
Santa Cruz,451.0,565.0,21.0,433.0,74.0,37.0,12.0,2.0,135.0,,,187.0,81.0,95.0,6.0,5.0,326.0,125.0,390.0,61.0,,1002.0,8140.0,2813.999999999999,610.0000000000003,570.0000000000001,965.0000000000013,2231.9999999999995,581.9999999999998,1602.9999999999998,1004.9999999999995,137.0,68.99999999999999,,,,,,,97365.0,95606.0,,,2013,586.0,234.0,293.0,29.0,30.0,178.0,9.0,108.0,37.0,19.0,,,,117879.0,57927.0,1781.0,15384.0,192971.0,,14.0,121.0,9142.0,270602.0,,,,,,,,,,
Shasta,328.0,1100.0,65.0,694.0,211.0,140.0,62.0,6.0,437.0,,,325.0,244.0,27.0,24.0,30.0,240.0,88.0,278.0,50.0,,1150.0,5894.0,2645.9999999999995,346.00000000000017,621.0000000000002,650.0,1921.9999999999995,724.0000000000001,2191.999999999999,141.00000000000006,182.00000000000003,131.00000000000003,,,,,,,58230.0,59825.0,,,2013,1165.0,899.0,74.0,85.0,107.0,304.0,21.0,164.0,61.0,37.0,,,,97738.0,9496.0,983.0,9838.0,118055.0,,70.0,367.0,7044.0,178751.0,,,,,,,,,,
Sierra,7.0,10.0,0.0,4.0,3.0,0.0,0.0,0.0,2.0,,,1.0,1.0,0.0,0.0,0.0,5.0,2.0,4.0,3.0,,7.0,77.0,45.99999999999999,14.0,16.0,6.0,37.99999999999999,8.0,45.0,1.0,0.0,0.0,,,,,,,1125.0,1098.0,,,2013,10.0,8.0,1.0,1.0,0.0,1.0,0.0,0.0,1.0,0.0,,,,1953.0,184.0,5.0,81.0,2223.0,,1.0,1.0,84.0,3187.0,,,,,,,,,,
Siskiyou,91.0,164.0,8.0,108.0,35.0,10.0,2.0,0.0,52.0,,,33.0,26.0,3.0,3.0,1.0,70.0,21.0,81.0,10.0,,116.0,773.0,705.0000000000001,198.0,135.00000000000006,174.00000000000003,528.0000000000001,177.00000000000003,520.9999999999999,78.00000000000001,44.999999999999986,61.0,,,,,,,14840.0,14797.0,,,2013,172.0,131.0,12.0,9.0,20.0,32.0,1.0,13.0,13.0,0.0,,,,23663.0,2940.0,407.0,2627.0,29637.0,,9.0,43.0,889.0,44652.0,,,,,,,,,,
Solano,902.0,990.0,39.0,829.0,90.0,56.0,14.0,3.0,205.0,,,236.0,64.0,42.0,109.0,21.0,609.0,293.0,788.0,114.0,,2001.0,13533.0,5048.999999999998,1367.0000000000002,1313.0000000000005,1308.0000000000002,3884.999999999998,1164.0000000000005,2112.0000000000005,725.9999999999998,1910.0,301.00000000000017,,,,,,,145930.0,144161.0,,,2013,1029.0,261.0,173.0,509.0,86.0,225.0,11.0,129.0,48.0,25.0,,,,122059.0,66085.0,42667.0,59280.0,290091.0,,37.0,168.0,15534.0,420878.0,,,,,,,,,,
Sonoma,1088.0,924.0,43.0,725.0,134.0,40.0,19.0,3.0,225.0,,,217.0,98.0,75.0,24.0,20.0,533.0,555.0,920.0,168.0,,1782.0,8218.0,4963.000000000001,1163.999999999999,970.0000000000002,2134.999999999999,3755.000000000001,1208.000000000001,3226.999999999998,1084.0000000000005,413.99999999999994,237.9999999999999,,,,,,,168853.0,170685.0,,,2013,967.0,418.0,344.0,107.0,98.0,205.0,12.0,117.0,44.0,19.0,,,,227621.0,81268.0,5147.0,25502.0,339538.0,,23.0,202.0,10000.0,494398.0,,,,,,,,,,
Stanislaus,1231.0,1731.0,89.0,1044.0,361.0,252.0,171.0,5.0,618.0,,,690.0,292.0,244.0,78.0,76.0,920.0,311.0,1079.0,152.0,,2716.0,20538.0,9878.999999999996,1956.9999999999984,2259.999999999999,3198.999999999993,7724.999999999996,2153.999999999998,5171.0,3444.999999999998,861.0000000000001,402.0000000000003,,,,,,,170674.0,172722.0,,,2013,1820.0,731.0,680.0,229.0,180.0,651.0,39.0,244.0,193.0,127.0,,,,165128.0,138457.0,9314.0,30497.0,343396.0,,96.0,522.0,23254.0,527673.0,,,,,,,,,,
Sutter,218.0,293.0,17.0,207.0,41.0,31.0,14.0,4.0,31.0,,,139.0,70.0,43.0,14.0,12.0,175.0,43.0,177.0,41.0,,244.0,2938.0,1081.0,309.00000000000006,290.9999999999999,235.00000000000003,786.0,295.0,665.9999999999999,278.0,71.99999999999999,65.0,,,,,,,31390.0,31321.0,,,2013,310.0,151.0,107.0,31.0,21.0,124.0,15.0,67.0,32.0,15.0,,,,31842.0,17471.0,1281.0,12117.0,62711.0,,5.0,26.0,3182.0,96540.0,,,,,,,,,,
Tehama,178.0,347.0,22.0,217.0,52.0,55.0,12.0,8.0,126.0,,,108.0,83.0,12.0,2.0,11.0,96.0,82.0,159.0,19.0,,351.0,1676.0,1495.9999999999995,228.0000000000001,268.00000000000006,667.0000000000003,1121.9999999999995,373.9999999999999,1163.0,256.0,28.000000000000007,49.00000000000001,,,,,,,20813.0,20713.0,,,2013,369.0,271.0,63.0,16.0,19.0,98.0,10.0,53.0,20.0,14.0,,,,30025.0,8853.0,248.0,2400.0,41526.0,,27.0,99.0,2027.0,63731.0,,,,,,,,,,
Trinity,51.0,45.0,2.0,29.0,3.0,6.0,4.0,0.0,12.0,,,12.0,11.0,0.0,0.0,1.0,36.0,15.0,47.0,4.0,,30.0,139.0,403.99999999999994,70.00000000000001,40.00000000000001,210.00000000000003,318.99999999999994,85.0,319.00000000000006,39.0,21.0,25.000000000000004,,,,,,,4834.0,4503.0,,,2013,47.0,39.0,0.0,4.0,4.0,11.0,1.0,4.0,2.0,4.0,,,,7776.0,639.0,42.0,880.0,9337.0,,5.0,7.0,169.0,13667.0,,,,,,,,,,
Tulare,1620.0,2187.0,102.0,1625.0,309.0,189.0,75.0,7.0,682.0,,,526.0,100.0,333.0,22.0,71.0,1025.0,595.0,1391.0,229.0,,2097.0,14290.0,7117.0,1656.999999999999,1735.0000000000002,2145.9999999999995,5283.999999999999,1833.000000000001,2329.999999999999,4189.999999999999,370.99999999999994,226.00000000000009,,,,,,,142655.0,140383.0,,,2013,2289.0,485.0,1492.0,142.0,170.0,497.0,29.0,253.0,116.0,78.0,,,,96317.0,166782.0,3990.0,15949.0,283038.0,,69.0,613.0,16387.0,456246.0,,,,,,,,,,
Tuolumne,139.0,260.0,16.0,138.0,48.0,55.0,32.0,4.0,83.0,,,89.0,79.0,5.0,2.0,3.0,105.0,34.0,105.0,34.0,,103.0,1227.0,845.0,127.0,179.99999999999991,259.00000000000006,587.0,257.99999999999994,734.0,74.0,12.999999999999998,24.0,,,,,,,20315.0,16733.0,,,2013,276.0,222.0,28.0,10.0,16.0,80.0,9.0,26.0,29.0,18.0,,,,29793.0,4160.0,1122.0,1973.0,37048.0,,6.0,77.0,1330.0,54894.0,,,,,,,,,,
Ventura,1644.0,1702.0,71.0,1234.0,231.0,165.0,65.0,1.0,499.0,,,518.0,151.0,316.0,37.0,14.0,934.0,710.0,1390.0,254.0,,1629.0,16400.0,8064.000000000004,1665.0,1665.0000000000002,2667.0000000000027,6272.000000000004,1791.9999999999998,3185.0,4238.000000000001,445.0,195.99999999999991,,,,,,,282053.0,280093.0,,,2013,1773.0,493.0,1046.0,173.0,61.0,485.0,33.0,210.0,127.0,98.0,,,,278243.0,221822.0,9869.0,52212.0,562146.0,,70.0,429.0,18029.0,842796.0,,,,,,,,,,
Yolo,437.0,763.0,30.0,444.0,159.0,127.0,36.0,7.0,300.0,,,244.0,100.0,80.0,57.0,7.0,268.0,169.0,389.0,48.0,,642.0,6434.0,2576.0,506.99999999999994,478.00000000000057,842.0000000000002,1996.0,580.0,1322.0,750.9999999999998,341.0,161.99999999999994,,,,,,,71485.0,75335.0,,,2013,793.0,293.0,293.0,140.0,67.0,229.0,15.0,102.0,56.0,48.0,,,,73929.0,41433.0,3601.0,27857.0,146820.0,,29.0,271.0,7076.0,208160.0,,,,,,,,,,
Yuba,387.0,359.0,17.0,274.0,52.0,17.0,4.0,2.0,81.0,,,137.0,75.0,29.0,19.0,14.0,322.0,65.0,338.0,49.0,,272.0,2143.0,1219.0,389.99999999999983,349.99999999999994,232.0,913.0,306.0,837.0000000000001,201.99999999999997,115.0,65.00000000000001,,,,,,,23620.0,23325.0,,,2013,376.0,222.0,73.0,48.0,33.0,127.0,10.0,73.0,34.0,9.0,,,,28680.0,10847.0,1441.0,5977.0,46945.0,,14.0,67.0,2415.0,74352.0,,,,,,,,,,
Alameda,2729.0,3630.999999999999,123.0,3171.0,351.0,118.0,43.0,10.0,607.0,127.0,480.0,738.0,58.0,152.0,479.0,,2172.0,557.0,2526.0,203.0,,10356.0,57620.0,13557.0,3079.0,3166.0,4732.0,10755.0,2802.0,3412.0,3093.0,5741.0,1311.0,,,,,,,543670.0,563218.0,,,2014,3754.0,351.00000000000006,614.0,2514.000000000001,274.9999999999991,706.0,32.0,497.0,122.0,23.0,,,,377974.0,244607.0,132663.0,351644.0,1106888.0,,,,67976.0,,,49.0,1598779.0,66805.0,,,,,,
Alpine,0.0,2.0,0.0,2.0,0.0,0.0,0.0,0.0,0.0,0.0,0.0,0.0,0.0,0.0,0.0,,0.0,0.0,0.0,0.0,,4.0,24.0,10.0,4.0,0.0,4.0,9.0,1.0,6.0,0.0,1.0,3.0,,,,,,,442.0,393.0,,,2014,2.0,0.0,0.0,0.0,2.0,0.0,0.0,0.0,0.0,0.0,,,,599.0,56.0,0.0,180.0,835.0,,,,28.0,,,0.0,1164.0,,,,,,,
Amador,79.0,142.0,3.0,84.0,12.0,21.0,4.0,3.0,61.0,12.0,49.0,43.0,30.0,8.0,2.0,,43.0,36.0,67.0,12.0,,81.0,629.0,542.0,72.0,53.0,173.0,372.0,170.0,398.0,59.0,28.0,57.0,,,,,,,14598.0,10798.0,,,2014,145.0,80.0,33.0,15.0,17.0,40.0,3.0,16.0,10.0,10.0,,,,19517.0,3496.0,889.0,1494.0,25396.0,,,,710.0,,,3.0,37448.0,,,,,,,
Butte,557.0,950.9999999999995,67.0,612.0,170.0,128.0,53.0,13.0,152.0,39.0,113.0,394.0,290.0,46.0,37.0,,282.0,275.0,469.0,88.0,,678.0,6631.0,2923.0,610.0,630.0,1134.0,2136.0,787.0,2278.0,320.0,175.0,150.0,,,,,,,77607.0,76324.0,,,2014,1018.0,685.0,147.0,123.0,63.0,357.0,37.0,181.0,60.0,77.0,,,,116442.0,21441.0,2235.0,13813.0,153931.0,,,,7309.0,,,21.0,223589.0,,,,,,,
Calaveras,83.0,81.0,5.0,54.0,17.0,4.0,1.0,0.0,17.0,2.0,15.0,34.0,28.0,2.0,0.0,,43.0,40.0,69.0,14.0,,113.0,989.0,546.0,174.0,77.0,137.0,387.0,159.0,473.0,39.0,13.0,21.0,,,,,,,15016.0,14980.0,,,2014,86.0,69.0,10.0,0.0,7.0,32.0,2.0,19.0,5.0,3.0,,,,24886.0,3153.0,259.0,1698.0,29996.0,,,,1102.0,,,4.0,45010.0,,,,,,,
Colusa,72.0,65.00000000000001,3.0,53.0,8.0,2.0,0.0,1.0,7.0,1.0,6.0,31.0,12.0,14.0,5.0,,47.0,25.0,64.0,8.0,,40.0,350.0,357.0,75.0,52.0,66.0,269.0,88.0,157.0,154.0,23.0,23.0,,,,,,,7242.0,6805.0,,,2014,68.0,29.0,31.0,6.0,2.0,28.0,3.0,21.0,4.0,2.0,,,,5465.0,7813.0,123.0,646.0,14047.0,,,,390.0,,,0.0,22139.0,,,,,,,
Contra Costa,1249.0,1770.9999999999995,69.0,1505.0,212.0,63.0,18.0,1.0,310.0,82.0,228.0,422.0,119.0,100.0,179.0,,824.0,425.0,1111.0,138.0,,3650.0,32232.0,11519.0,2178.0,3105.0,3875.0,9024.0,2495.0,4625.0,2496.0,3712.0,686.0,,,,,,,361134.0,377842.0,,,2014,1840.0,463.0,366.0,869.0,142.0,401.0,21.0,249.0,97.0,26.0,,,,345777.0,181105.0,66635.0,145459.0,738976.0,,,,35882.0,,,24.0,1102416.0,,,,,,,
Del Norte,85.0,113.0,5.0,73.0,18.0,8.0,0.0,3.0,29.0,7.0,22.0,41.0,30.0,1.0,1.0,,41.0,44.0,70.0,15.0,,165.0,649.0,581.0,171.0,106.0,179.0,417.0,164.0,437.0,28.0,7.0,109.0,,,,,,,11669.0,8119.0,,,2014,118.0,82.00000000000003,11.0,5.0,19.99999999999997,38.0,3.0,20.0,7.0,6.0,,,,12496.0,3710.0,1032.0,2550.0,19788.0,,,,814.0,,,9.0,27177.0,,,,,,,
El Dorado,366.0,367.00000000000006,26.000000000000004,262.0,76.0,26.0,12.0,2.0,98.0,11.0,87.0,118.0,101.0,11.0,5.0,,182.0,184.0,302.0,64.0,,409.0,3138.0,1974.0,435.0,326.0,719.0,1481.0,493.0,1650.0,199.0,55.0,70.0,,,,,,,63117.0,62548.0,,,2014,393.0,315.0,41.0,22.0,15.0,108.0,10.0,64.0,27.0,9.0,,,,101139.0,14642.0,928.0,8956.0,125665.0,,,,3547.0,,,1.0,182358.0,,,,,,,
Fresno,2612.0,4360.999999999999,185.00000000000003,2981.0,758.0,309.0,186.0,10.0,1535.0,181.0,1354.0,1756.0,337.0,1018.0,305.0,,1736.0,876.0,2342.0,270.0,,4547.0,32535.0,20121.0,3993.0,2830.0,4869.0,15018.0,5103.0,5116.0,11028.0,2890.0,1087.0,,,,,,,313194.0,308513.0,,,2014,4546.0,886.9999999999999,2382.0,949.0,328.0,1661.0,95.0,860.0,363.0,208.0,,,,207263.0,307613.0,31326.0,75505.0,621707.0,,,,37082.0,,,96.0,969102.0,,,,,,,
Glenn,106.0,101.0,5.0,59.0,23.0,9.0,2.0,0.0,33.0,2.0,31.0,19.0,15.0,4.0,0.0,,70.0,36.0,87.0,19.0,,125.0,527.0,340.0,88.0,61.0,79.0,260.0,80.0,195.0,114.0,12.0,19.0,,,,,,,9369.0,8947.0,,,2014,106.0,64.0,32.0,1.0,9.0,15.0,4.0,7.0,6.0,3.0,,,,10096.0,6961.0,145.0,1114.0,18316.0,,,,652.0,,,0.0,28828.0,,,,,,,
Humboldt,263.0,340.0,20.000000000000004,272.0,47.0,18.0,7.0,1.0,43.0,4.0,39.0,84.0,50.0,7.0,5.0,,166.0,97.0,231.0,32.0,,485.0,4787.0,2282.0,464.0,393.0,767.0,1711.0,571.0,1830.0,111.0,85.0,256.0,,,,,,,49366.0,47212.0,,,2014,360.0,231.00000000000003,28.0,16.0,85.0,79.0,5.0,44.0,17.0,9.0,,,,75518.0,9259.0,1111.0,10690.0,96578.0,,,,5272.0,,,22.0,134419.0,,,,,,,
Imperial,468.0,336.0000000000001,13.0,213.0,66.0,40.0,5.0,0.0,92.0,11.0,81.0,139.0,19.0,109.0,7.0,,299.0,169.0,417.0,51.0,,583.0,5536.0,2586.0,542.0,487.0,930.0,2040.0,546.0,461.0,1892.0,167.0,66.0,,,,,,,61549.0,56098.0,,,2014,349.0,47.00000000000001,256.0,34.0,12.0,130.0,9.0,67.0,36.0,20.0,,,,16261.0,93231.0,4537.0,3618.0,117647.0,,,,6119.0,,,4.0,182786.0,,,,,,,
Inyo,66.0,47.0,4.0,39.0,4.0,5.0,1.0,0.0,9.0,1.0,8.0,17.0,6.0,2.0,1.0,,24.0,42.0,52.0,14.0,,106.0,303.0,206.0,81.0,44.0,38.0,149.0,57.0,91.0,39.0,2.0,74.0,,,,,,,6533.0,6123.0,,,2014,51.0,24.0,5.0,0.0,22.0,15.0,2.0,12.0,2.0,2.0,,,,8358.0,2435.0,91.0,1772.0,12656.0,,,,409.0,,,8.0,18640.0,,,,,,,
Kern,2482.0,3586.000000000001,172.00000000000003,2049.0,777.0,477.0,223.0,10.0,1515.0,272.0,1243.0,1422.0,455.0,695.0,250.0,,1366.0,1116.0,2188.0,294.0,,4465.0,28283.0,14680.0,3827.0,3198.0,4452.0,11421.0,3259.0,5948.0,6403.0,2064.0,265.0,,,,,,,301792.0,267753.0,,,2014,3758.0,1075.0,1770.0000000000002,815.9999999999999,97.0,1331.0,91.0,518.0,374.0,289.0,,,,221558.0,277062.0,32866.0,38059.0,569545.0,,,,32748.0,,,22.0,875843.0,,,,,,,
Kings,526.0,1156.0,85.0,760.0,143.0,166.0,84.0,7.0,553.0,96.0,457.0,437.0,100.0,258.0,61.0,,486.0,40.0,431.0,95.0,,696.0,3475.0,2039.0,479.0,348.0,551.0,1538.0,501.0,570.0,766.0,215.0,488.0,,,,,,,62504.0,41918.0,,,2014,1241.0,294.0,666.0,220.0,61.0,389.0,48.0,202.0,66.0,89.0,,,,37889.0,51902.0,8323.0,6308.0,104422.0,,,,4171.0,,,18.0,149338.0,,,,,,,
Lake,272.0,307.00000000000006,8.0,204.0,32.0,38.0,17.0,0.0,62.0,7.0,55.0,113.0,74.0,15.0,13.0,,125.0,147.0,231.0,41.0,,307.0,1832.0,1273.0,282.0,171.0,528.0,965.0,308.0,915.0,206.0,64.0,88.0,,,,,,,22014.0,21624.0,,,2014,315.0,207.0,36.0,33.0,39.0,111.0,2.0,53.0,13.0,24.0,,,,32464.0,7379.0,793.0,3002.0,43638.0,,,,2139.0,,,11.0,64915.0,,,,,,,
Lassen,84.34,133.0,4.0,83.0,17.0,15.0,1.0,1.0,52.0,15.0,37.0,42.0,28.0,10.0,2.0,,36.07,48.27,60.010000000000005,24.33,,140.0,521.0,361.0,98.0,71.0,81.0,260.0,101.0,301.0,28.0,18.0,14.0,,,,,,,18212.0,8570.0,,,2014,137.0,72.0,33.0,20.0,12.0,39.0,3.0,18.0,10.0,7.0,,,,16849.0,5328.0,2868.0,1737.0,26782.0,,,,661.0,,,2.0,31803.0,,,,,,,
Los Angeles,16056.0,43359.000000000015,2017.0,31678.0,6802.0,3601.0,1525.0,211.0,14988.0,2699.0,12289.0,11104.0,1441.0,5254.0,3821.0,,9008.0,7048.0,13984.0,2072.0,,42725.0,217493.0,102230.0,26189.0,22293.0,35599.0,81457.0,20773.0,20459.0,52007.0,24719.0,5045.0,,,,,,,3440503.0,3482960.0,,,2014,45376.0,4598.999999999999,20806.0,17096.0,2875.0,10301.0,803.0,4994.0,2592.0,1840.0,,,,1927319.0,3275587.0,582406.0,1138151.0,6923463.0,,,,260218.0,,,588.0,10123688.0,,,,,,,
Madera,411.0,493.0000000000001,47.0,348.0,77.0,59.0,23.0,0.0,203.0,32.0,171.0,242.0,61.0,135.0,25.0,,355.0,56.0,366.0,45.0,,888.0,3380.0,1692.0,411.0,310.0,424.0,1369.0,323.0,560.0,939.0,142.0,51.0,,,,,,,47189.0,52509.0,,,2014,540.0,142.0,294.0,68.0,36.0,216.0,26.0,110.0,47.0,39.0,,,,37413.0,53218.0,4196.0,4871.0,99698.0,,,,4268.0,,,21.0,153951.0,,,,,,,
Marin,249.0,265.0,11.0,187.0,58.0,12.0,5.0,0.0,99.0,29.0,70.0,72.0,23.0,23.0,19.0,,174.0,75.0,216.0,33.0,,454.0,4565.0,1626.0,433.0,362.0,518.0,1210.0,416.0,886.0,350.0,294.0,96.0,,,,,,,85875.0,87620.0,,,2014,276.0,127.0,56.0,71.0,22.0,69.0,3.0,34.0,13.0,8.0,,,,120679.0,30651.0,5434.0,16731.0,173495.0,,,,5019.0,,,7.0,260514.0,,,,,,,
Mariposa,41.0,60.00000000000001,3.0,45.0,9.0,3.0,0.0,0.0,26.0,7.0,19.0,11.0,9.0,1.0,0.0,,27.0,14.0,35.0,6.0,,71.0,276.0,172.0,59.0,18.0,55.0,132.0,40.0,133.0,17.0,3.0,19.0,,,,,,,6176.0,5890.0,,,2014,63.0,50.00000000000001,4.0,2.0,6.999999999999993,9.0,2.0,7.0,0.0,1.0,,,,9920.0,1128.0,129.0,889.0,12066.0,,,,347.0,,,1.0,18128.0,,,,,,,
Mendocino,296.0,317.0,11.000000000000002,211.0,26.0,36.0,7.0,8.0,54.0,3.0,51.0,103.0,54.0,24.0,7.0,,179.0,117.0,259.0,37.0,,512.0,1546.0,1405.0,380.0,251.0,466.0,1072.0,333.0,936.0,255.0,49.0,165.0,,,,,,,30343.0,29299.0,,,2014,328.0,185.0,64.0,16.0,63.0,98.0,5.0,46.0,13.0,18.0,,,,41161.0,13001.0,447.0,5033.0,59642.0,,,,2058.0,,,18.0,88535.0,,,,,,,
Merced,734.0,958.9999999999995,31.000000000000007,649.0,170.0,70.0,23.0,3.0,310.0,30.0,280.0,337.0,79.0,183.0,43.0,,607.0,127.0,670.0,64.0,,1485.0,7126.0,3390.0,802.0,693.0,1077.0,2702.0,688.0,1039.0,1846.0,366.0,139.0,,,,,,,85974.0,83448.0,,,2014,990.0,230.00000000000003,529.0,130.0,101.0,316.0,21.0,176.0,71.0,32.0,,,,54928.0,91694.0,6112.0,16688.0,169422.0,,,,8611.0,,,32.0,267571.0,,,,,,,
Modoc,31.0,19.0,2.0,17.0,3.0,1.0,0.0,0.0,3.0,0.0,3.0,2.0,1.0,0.0,0.0,,25.0,6.0,27.0,4.0,,49.0,166.0,219.0,55.0,22.0,70.0,163.0,56.0,166.0,21.0,3.0,29.0,,,,,,,3110.0,3065.0,,,2014,21.0,11.0,4.0,0.0,6.0,2.0,0.0,1.0,1.0,0.0,,,,4726.0,933.0,68.0,448.0,6175.0,,,,215.0,,,1.0,9577.0,,,,,,,
Mono,22.0,19.000000000000004,3.0,14.0,5.0,1.0,0.0,0.0,7.0,1.0,6.0,5.0,4.0,1.0,0.0,,8.0,14.0,19.0,3.0,,36.0,184.0,110.0,32.0,9.0,55.0,93.0,17.0,76.0,20.0,2.0,12.0,,,,,,,5522.0,4804.0,,,2014,22.0,11.0,8.0,0.0,3.0,4.0,1.0,3.0,0.0,1.0,,,,7222.0,2541.0,38.0,525.0,10326.0,,,,220.0,,,0.0,13910.0,,,,,,,
Monterey,928.0,1600.0000000000002,80.0,1155.0,208.0,138.0,37.0,2.0,514.0,41.0,473.0,432.0,68.0,270.0,52.0,,668.0,260.0,810.0,118.0,,1833.0,10577.0,4116.0,1218.0,894.0,1161.0,3310.0,806.0,1146.0,2461.0,341.0,168.0,,,,,,,149164.0,134706.0,,,2014,1680.0,260.0,1077.0,197.0,146.0,404.0,28.0,211.0,78.0,65.0,,,,91758.0,158814.0,8597.0,24701.0,283870.0,,,,12410.0,,,42.0,429144.0,,,,,,,
Napa,171.0,263.0000000000001,9.0,198.0,33.0,13.0,3.0,1.0,89.0,18.0,71.0,65.0,25.0,23.0,14.0,,124.0,47.0,152.0,19.0,,534.0,2385.0,1877.0,367.0,323.0,468.0,1439.0,438.0,1014.0,533.0,270.0,60.0,,,,,,,48312.0,46661.0,,,2014,272.0,126.0,99.0,31.0,16.0,60.0,5.0,33.0,11.0,7.0,,,,51805.0,31597.0,2050.0,9521.0,94973.0,,,,2919.0,,,3.0,140720.0,,,,,,,
Nevada,196.0,120.00000000000004,5.0,81.0,22.0,8.0,3.0,2.0,26.0,4.0,22.0,42.0,35.0,4.0,2.0,,141.0,55.0,155.0,41.0,,308.0,1591.0,921.0,192.0,136.0,390.0,720.0,201.0,834.0,55.0,14.0,18.0,,,,,,,33019.0,33302.0,,,2014,125.0,101.0,16.0,5.0,3.0,40.0,2.0,15.0,14.0,6.0,,,,57176.0,5776.0,281.0,3088.0,66321.0,,,,1899.0,,,1.0,98175.0,,,,,,,
Orange,5755.0,6531.999999999999,289.0,4857.0,993.0,521.0,215.0,15.0,1535.0,295.0,1240.0,1894.0,602.0,1005.0,166.0,,3159.0,2596.0,4956.0,799.0,,6257.0,54754.0,22918.0,4934.0,5096.0,9134.0,17451.0,5467.0,9913.0,9716.0,1256.0,2033.0,,,,,,,1063250.0,1072237.0,,,2014,6821.0,1676.9999999999998,3834.999999999999,669.0,640.0000000000009,1761.0,133.0,903.0,452.0,331.0,,,,924125.0,705098.0,34641.0,471623.0,2135487.0,,,,61011.0,,,121.0,3139615.0,,,,,,,
Placer,611.0,646.0,37.0,386.0,153.0,72.0,21.0,5.0,295.0,47.0,248.0,281.0,200.0,43.0,25.0,,436.0,175.0,530.0,81.0,,596.0,6643.0,3883.0,666.0,947.0,1278.0,2808.0,1075.0,2839.0,508.0,320.0,216.0,,,,,,,118608.0,122974.0,,,2014,683.0,500.0,82.0,57.0,44.0,258.0,23.0,109.0,81.0,43.0,,,,183676.0,33783.0,3343.0,20780.0,241582.0,,,,7239.0,,,13.0,368274.0,,,,,,,
Plumas,41.0,47.00000000000001,2.0,34.0,7.0,3.0,1.0,1.0,8.0,0.0,8.0,16.0,13.0,2.0,0.0,,31.0,10.0,37.0,4.0,,91.0,312.0,238.0,83.0,24.0,75.0,185.0,53.0,190.0,25.0,6.0,17.0,,,,,,,6491.0,6536.0,,,2014,49.0,43.00000000000001,2.0,2.0,1.999999999999993,15.0,1.0,9.0,2.0,3.0,,,,11009.0,1034.0,153.0,831.0,13027.0,,,,403.0,,,1.0,19720.0,,,,,,,
Riverside,3902.0,9365.999999999996,532.0000000000001,6490.0,1657.0,997.0,503.0,35.0,3774.0,399.0,3375.0,2854.0,855.0,1338.0,582.0,,2349.0,1553.0,3421.0,481.0,,6260.0,61434.0,21294.0,4703.0,4813.0,7154.0,16342.0,4952.0,7986.0,9675.0,2932.0,701.0,,,,,,,746852.0,744715.0,,,2014,9898.0,2654.0,4611.0,2268.0000000000005,365.0,2624.0,230.0,1351.0,673.0,466.0,,,,583989.0,675269.0,95908.0,136401.0,1491567.0,,,,67694.0,,,79.0,2304902.0,,,,,,,
Sacramento,3905.0,6328.999999999998,305.0,4775.0,856.0,421.0,102.0,30.0,2336.0,444.0,1892.0,1688.0,461.0,334.0,739.0,,1759.0,2146.0,3488.0,417.0,,7452.0,40246.0,18105.0,4873.0,3587.0,6355.0,14315.0,3790.0,7350.0,3497.0,5917.0,1341.0,,,,,,,484293.0,498490.0,,,2014,6634.0,1748.0,1231.0,2928.000000000001,726.9999999999991,1583.0,105.0,770.0,293.0,268.0,,,,484399.0,204706.0,99446.0,194232.0,982783.0,,,,47698.0,,,154.0,1473279.0,,,,,,,
San Benito,124.0,104.00000000000004,5.0,83.0,9.0,12.0,4.0,0.0,24.0,7.0,17.0,25.0,7.0,18.0,0.0,,92.0,32.0,103.0,21.0,,196.0,736.0,667.0,233.0,92.0,194.0,521.0,146.0,207.0,435.0,9.0,16.0,,,,,,,19108.0,19318.0,,,2014,109.0,26.0,78.0,2.0,3.0,24.0,1.0,17.0,0.0,4.0,,,,15280.0,20958.0,332.0,1856.0,38426.0,,,,932.0,,,0.0,57168.0,,,,,,,
San Bernardino,5198.0,8627.999999999998,478.00000000000006,5925.0,1584.0,741.0,259.0,40.0,2855.0,367.0,2488.0,3721.0,908.0,1717.0,945.0,,3837.0,1361.0,4422.0,776.0,,8281.0,54778.0,31339.0,7666.0,8938.0,9930.0,23938.0,7401.0,10426.0,13919.0,5950.0,1044.0,,,,,,,694092.0,698126.0,,,2014,9106.0,2166.000000000001,3908.0,2591.0000000000005,440.9999999999982,3460.0,261.0,1842.0,772.0,485.0,,,,474783.0,671685.0,120488.0,125262.0,1392218.0,,,,63059.0,,,151.0,2110042.0,,,,,,,
San Diego,5383.0,8803.999999999996,458.0000000000001,6205.0,1716.0,739.0,182.0,45.0,3445.0,489.0,2956.0,2790.0,851.0,1044.0,671.0,,2599.0,2784.0,4530.0,853.0,,10585.0,59050.0,29345.0,8128.0,5447.0,8646.0,22298.0,7047.0,12776.0,9343.0,5284.0,1942.0,,,,,,,1128018.0,1081360.0,,,2014,9262.0,2568.0,3282.0,2583.999999999999,828.0,2575.0,215.0,1287.0,737.0,413.0,,,,1082892.0,686611.0,112366.0,327509.0,2209378.0,,,,69635.0,,,224.0,3247522.0,,,,,,,
San Francisco,1125.0,963.9999999999998,26.0,814.0,117.0,28.0,8.0,2.0,180.0,41.0,139.0,129.0,12.0,27.0,76.0,,957.0,168.0,1017.0,108.0,,6822.0,45936.0,7476.0,1770.0,1211.0,1096.0,6255.0,1221.0,3216.0,30.0,3246.0,984.0,,,,,,,329054.0,306680.0,,,2014,990.0,140.0,139.0,563.0000000000001,147.9999999999999,127.0,2.0,90.0,21.0,6.0,,,,279525.0,96048.0,33779.0,226382.0,635734.0,*Adjusted for San Francisco underreporting of arrests using reported-offense arrest change.,,,52758.0,,,14.0,852070.0,,,,,,,
San Joaquin,1244.0,2861.9999999999995,123.0,2126.0,431.0,163.0,27.0,14.0,737.0,92.0,645.0,900.0,222.0,366.0,232.0,,819.0,425.0,1118.0,126.0,,5346.0,25092.0,7813.0,2236.0,1785.0,1540.0,6267.0,1546.0,3023.0,2608.0,1627.0,555.0,,,,,,,232813.0,231279.0,,,2014,2985.0,621.0,1139.0000000000002,876.0,349.0,855.0,45.0,384.0,224.0,74.0,,,,169883.0,175416.0,33721.0,85072.0,464092.0,,,,30438.0,,,80.0,717155.0,,,,,,,
San Luis Obispo,520.0,642.0000000000001,34.0,446.0,105.0,60.0,26.0,2.0,248.0,54.0,194.0,249.0,142.0,85.0,17.0,,238.0,282.0,445.0,75.0,,1177.0,5683.0,2451.0,611.0,487.0,973.0,1897.0,554.0,1721.0,517.0,121.0,92.0,,,,,,,100621.0,91171.0,,,2014,676.0,347.0,235.0,75.0,19.0,230.0,19.0,139.0,42.0,37.0,,,,135191.0,39554.0,4843.0,12204.0,191792.0,,,,6860.0,,,5.0,275233.0,,,,,,,
San Mateo,793.0,1176.0,53.0,897.0,155.0,92.0,32.0,3.0,375.0,78.0,297.0,368.0,84.0,129.0,85.0,,516.0,277.0,691.0,102.0,,1561.0,14186.0,4907.0,1162.0,1211.0,1657.0,3877.0,1030.0,1517.0,1687.0,861.0,842.0,,,,,,,252602.0,256156.0,,,2014,1229.0,249.0,419.0,326.0,235.0,339.0,29.0,177.0,91.0,53.0,,,,206315.0,130094.0,13780.0,158569.0,508758.0,,,,15747.0,,,70.0,754639.0,,,,,,,
Santa Barbara,798.0,1154.0000000000002,56.0,868.0,156.0,94.0,36.0,2.0,343.0,67.0,276.0,359.0,82.0,238.0,31.0,,567.0,231.0,686.0,112.0,,1294.0,9088.0,4008.0,1118.0,702.0,1326.0,3139.0,869.0,1601.0,1955.0,284.0,168.0,,,,,,,151069.0,144677.0,,,2014,1210.0,303.00000000000006,731.0,127.0,49.0,334.0,25.0,212.0,58.0,43.0,,,,141095.0,125405.0,5559.0,23687.0,295746.0,,,,10382.0,,,8.0,440200.0,,,,,,,
Santa Clara,3647.0,4126.999999999998,113.0,3183.0,598.0,246.0,77.0,9.0,1413.0,409.0,1004.0,1035.0,174.0,607.0,148.0,,2617.0,1030.0,3171.0,476.0,,4676.0,43084.0,13606.0,3443.0,2850.0,4433.0,10820.0,2786.0,3673.0,6598.0,1744.0,1591.0,,,,,,,645784.0,631171.0,,,2014,4240.0,774.9999999999999,2126.0,710.0,629.0,980.0,55.0,548.0,271.0,113.0,,,,443360.0,332592.0,31904.0,469099.0,1276955.0,,,,47760.0,,,106.0,1889280.0,,,,,,,
Santa Cruz,397.0,599.0,23.0,443.0,87.0,50.0,14.0,2.0,139.0,13.0,126.0,173.0,83.0,67.0,20.0,,265.0,132.0,351.0,46.0,,1139.0,8121.0,2753.0,653.0,497.0,940.0,2206.0,547.0,1514.0,994.0,178.0,67.0,,,,,,,97508.0,95791.0,,,2014,622.0,256.0,300.0,42.0,24.0,159.0,14.0,85.0,32.0,26.0,,,,117091.0,58940.0,1795.0,15473.0,193299.0,,,,9260.0,,,3.0,271916.0,,,,,,,
Shasta,330.0,1167.9999999999998,64.00000000000001,716.0,256.0,142.0,59.0,4.0,486.0,66.0,420.0,379.0,301.0,31.0,24.0,,245.0,85.0,283.0,47.0,,1275.0,5705.0,2718.0,423.0,530.0,663.0,2006.0,712.0,2318.0,136.0,153.0,111.0,,,,,,,58402.0,59823.0,,,2014,1232.0,967.9999999999998,78.0,86.0,100.00000000000024,351.0,28.0,177.0,85.0,57.0,,,,97396.0,9763.0,1014.0,10052.0,118225.0,,,,6980.0,,,23.0,179167.0,,,,,,,
Sierra,2.0,12.0,0.0,4.0,5.0,0.0,0.0,0.0,3.0,1.0,2.0,5.0,4.0,0.0,0.0,,1.0,1.0,2.0,0.0,,11.0,29.0,49.0,13.0,6.0,10.0,37.0,12.0,41.0,5.0,0.0,3.0,,,,,,,1119.0,1086.0,,,2014,12.0,9.0,1.0,0.0,2.0,4.0,1.0,2.0,2.0,0.0,,,,1930.0,190.0,5.0,80.0,2205.0,,,,40.0,,,1.0,3168.0,,,,,,,
Siskiyou,102.0,162.0,15.000000000000002,114.0,41.0,8.0,1.0,2.0,52.0,7.0,45.0,57.0,35.0,9.0,3.0,,92.0,10.0,91.0,11.0,,137.0,724.0,869.0,212.0,124.0,238.0,631.0,238.0,651.0,97.0,49.0,72.0,,,,,,,14809.0,14722.0,,,2014,177.0,130.0,13.0,9.0,25.0,47.0,10.0,31.0,15.0,5.0,,,,23454.0,3016.0,406.0,2655.0,29531.0,,,,861.0,,,10.0,44635.0,,,,,,,
Solano,834.0,982.0,33.0,788.0,121.0,52.0,15.0,2.0,185.0,36.0,149.0,256.0,80.0,44.0,113.0,,609.0,225.0,732.0,102.0,,2109.0,13453.0,5472.0,1361.0,1250.0,1657.0,4263.0,1209.0,2054.0,930.0,2131.0,357.0,,,,,,,147500.0,145712.0,,,2014,1015.0,255.0,174.0,495.0,91.0,247.0,9.0,145.0,54.0,29.0,,,,122153.0,67871.0,42735.0,60453.0,293212.0,,,,15562.0,,,19.0,425618.0,,,,,,,
Sonoma,1015.0,912.9999999999994,42.0,678.0,143.0,41.0,8.0,1.0,245.0,24.0,221.0,260.0,129.0,81.0,28.0,,491.0,524.0,847.0,168.0,,1821.0,8583.0,4865.0,1152.0,921.0,2008.0,3691.0,1174.0,3156.0,1129.0,350.0,230.0,,,,,,,170067.0,172086.0,,,2014,955.0,425.9999999999999,333.0,92.0,104.00000000000011,243.0,17.0,122.0,60.0,27.0,,,,227065.0,83644.0,5177.0,26267.0,342153.0,,,,10404.0,,,22.0,497645.0,,,,,,,
Stanislaus,1087.0,1706.0000000000002,108.0,1041.0,416.0,196.0,118.0,3.0,645.0,69.0,576.0,647.0,299.0,248.0,54.0,,789.0,298.0,960.0,127.0,,2826.0,18559.0,9851.0,2115.0,2115.0,3210.0,7610.0,2241.0,5033.0,3450.0,988.0,380.0,,,,,,,172905.0,174602.0,,,2014,1814.0,746.0,697.0,206.0,165.0,590.0,57.0,254.0,187.0,114.0,,,,165085.0,141921.0,9469.0,31032.0,347507.0,,,,21385.0,,,46.0,531796.0,,,,,,,
Sutter,212.0,328.0,12.000000000000002,220.0,58.0,29.0,9.0,4.0,52.0,4.0,48.0,112.0,62.0,28.0,10.0,,173.0,39.0,173.0,39.0,,316.0,2364.0,1127.0,371.0,275.0,239.0,849.0,278.0,703.0,264.0,94.0,66.0,,,,,,,31410.0,31288.0,,,2014,340.0,174.0,105.0,33.0,28.0,103.0,9.0,60.0,28.0,11.0,,,,31731.0,17658.0,1246.0,12063.0,62698.0,,,,2680.0,,,12.0,97104.0,,,,,,,
Tehama,184.0,340.0000000000001,22.0,206.0,52.0,64.0,18.0,3.0,135.0,19.0,116.0,129.0,96.0,22.0,5.0,,95.0,89.0,152.0,32.0,,321.0,1589.0,1379.0,193.0,226.0,580.0,1005.0,374.0,1060.0,232.0,24.0,63.0,,,,,,,20896.0,20764.0,,,2014,362.0,264.0,70.0,14.0,14.0,117.0,12.0,54.0,25.0,28.0,,,,29888.0,9098.0,253.0,2421.0,41660.0,,,,1910.0,,,6.0,63849.0,,,,,,,
Trinity,49.0,39.0,2.0,31.0,3.0,4.0,2.0,0.0,13.0,4.0,9.0,10.0,8.0,1.0,0.0,,33.0,16.0,43.0,6.0,,34.0,174.0,468.0,61.0,32.0,279.0,360.0,108.0,397.0,32.0,6.0,33.0,,,,,,,4783.0,4481.0,,,2014,41.0,32.0,0.0,4.0,5.0,9.0,1.0,5.0,2.0,1.0,,,,7675.0,655.0,43.0,891.0,9264.0,,,,208.0,,,1.0,13614.0,,,,,,,
Tulare,1547.0,2195.9999999999995,105.0,1602.0,368.0,148.0,53.0,3.0,697.0,65.0,632.0,557.0,133.0,347.0,32.0,,900.0,647.0,1345.0,202.0,,1903.0,11398.0,7619.0,1786.0,1554.0,2520.0,5848.0,1771.0,2390.0,4612.0,379.0,238.0,,,,,,,144719.0,142323.0,,,2014,2301.0,493.0,1505.0,141.0,162.0,519.0,38.0,277.0,148.0,58.0,,,,96087.0,170704.0,4066.0,16185.0,287042.0,,,,13301.0,,,45.0,460313.0,,,,,,,
Tuolumne,143.0,246.00000000000003,19.0,137.0,58.0,38.0,8.0,5.0,121.0,7.0,114.0,77.0,61.0,11.0,2.0,,118.0,25.0,113.0,30.0,,151.0,1157.0,872.0,141.0,138.0,270.0,637.0,235.0,735.0,87.0,16.0,34.0,,,,,,,20167.0,16582.0,,,2014,265.0,225.00000000000003,24.0,6.0,9.999999999999972,71.0,6.0,33.0,13.0,18.0,,,,29436.0,4198.0,1122.0,1993.0,36749.0,,,,1308.0,,,3.0,54688.0,,,,,,,
Ventura,1600.0,1643.0,68.0,1204.0,245.0,133.0,42.0,2.0,446.0,64.0,382.0,550.0,163.0,337.0,40.0,,895.0,705.0,1386.0,214.0,,1890.0,16812.0,8253.0,1895.0,1499.0,2684.0,6480.0,1773.0,3171.0,4470.0,411.0,201.0,,,,,,,284683.0,282624.0,,,2014,1711.0,469.0000000000001,1036.0,152.0,54.0,515.0,35.0,229.0,132.0,118.0,,,,277910.0,226502.0,9910.0,52985.0,567307.0,,,,18702.0,,,10.0,847972.0,,,,,,,
Yolo,375.0,747.0,29.000000000000004,449.0,140.0,107.0,25.0,7.0,302.0,29.0,273.0,259.0,98.0,96.0,48.0,,270.0,105.0,319.0,56.0,,757.0,5507.0,2951.0,604.0,527.0,985.0,2216.0,735.0,1509.0,854.0,408.0,180.0,,,,,,,72083.0,75946.0,,,2014,776.0,279.0,292.0,132.0,73.0,244.0,15.0,101.0,56.0,58.0,,,,73909.0,42325.0,3629.0,28166.0,148029.0,,,,6264.0,,,17.0,209863.0,,,,,,,
Yuba,366.0,357.0,19.0,259.0,67.0,14.0,2.0,1.0,86.0,10.0,76.0,130.0,87.0,25.0,13.0,,306.0,60.0,323.0,43.0,,296.0,2135.0,1358.0,371.0,359.0,325.0,1033.0,325.0,943.0,227.0,96.0,92.0,,,,,,,23791.0,23486.0,,,2014,376.0,231.00000000000003,77.0,42.00000000000001,26.0,121.0,9.0,73.0,27.0,10.0,,,,28622.0,11113.0,1459.0,6083.0,47277.0,,,,2431.0,,,5.0,74977.0,,,,,,,
Alameda,2584.0,3607.0,107.0,3124.0,331.0,123.0,43.0,8.0,585.0,127.0,458.0,750.0,74.0,151.0,470.0,,2145.0,439.0,2353.0,231.0,,9679.0,60009.0,10489.0,3136.0,2626.0,1888.0,8204.0,2285.0,2249.0,2478.0,4812.0,950.0,,,,,,,548702.0,569499.0,,,2015,3714.0,346.0,631.0,2469.0,268.0,730.0,20.0,456.0,118.0,22.0,,,,375866.0,250874.0,132971.0,358490.0,1118201.0,,,,69688.0,,,55.0,,,437.0,300.0,1619679.0,70519.6,,
Alpine,0.0,1.0,0.0,1.0,0.0,0.0,0.0,0.0,0.0,0.0,0.0,1.0,0.0,0.0,0.0,,0.0,0.0,0.0,0.0,,9.0,35.0,14.0,6.0,3.0,1.0,13.0,1.0,12.0,0.0,0.0,2.0,,,,,,,437.0,393.0,,,2015,1.0,0.0,0.0,0.0,1.0,1.0,0.0,1.0,0.0,0.0,,,,589.0,60.0,0.0,181.0,830.0,,,,44.0,,,1.0,,,0.0,0.0,1157.0,70519.6,,
Amador,87.41,127.0,1.0,86.0,9.0,11.0,1.0,0.0,55.0,14.0,41.0,35.0,25.0,5.0,1.0,,48.9,38.51,68.50999999999999,18.9,,84.0,602.0,364.0,87.0,51.0,55.0,264.0,100.0,264.0,42.0,18.0,40.0,,,,,,,14617.0,10766.0,,,2015,128.0,64.0,31.0,13.0,20.0,34.0,1.0,21.0,4.0,0.0,,,,19458.0,3519.0,889.0,1517.0,25383.0,,,,686.0,,,4.0,,,17.0,26.0,37314.0,70519.6,,
Butte,581.0,843.0,53.0,572.0,150.0,99.0,21.0,6.0,142.0,39.0,103.0,336.0,229.0,51.0,30.0,,338.0,243.0,503.0,78.0,,778.0,7543.0,2166.0,569.0,429.0,672.0,1667.0,499.0,1712.0,219.0,149.0,86.0,,,,,,,78332.0,76900.0,,,2015,896.0,591.0,141.0,98.0,66.0,310.0,26.0,167.0,67.0,32.0,,,,116864.0,21997.0,2259.0,14112.0,155232.0,,,,8321.0,,,26.0,,,197.0,197.0,224363.0,70519.6,,
Calaveras,90.0,83.0,5.0,55.0,13.0,6.0,1.0,1.0,13.0,2.0,11.0,51.0,40.0,7.0,1.0,,46.0,44.0,69.0,21.0,,129.0,808.0,366.0,151.0,47.0,36.0,283.0,83.0,311.0,34.0,7.0,14.0,,,,,,,15102.0,15071.0,,,2015,88.0,72.0,10.0,0.0,6.0,47.0,4.0,24.0,6.0,2.0,,,,24936.0,3277.0,263.0,1697.0,30173.0,,,,937.0,,,3.0,,,12.0,22.0,44899.0,70519.6,,
Colusa,88.0,60.0,1.0,46.0,8.0,3.0,0.0,1.0,6.0,1.0,5.0,18.0,9.0,9.0,0.0,,56.0,32.0,77.0,11.0,,49.0,374.0,283.0,57.0,44.0,18.0,216.0,67.0,138.0,109.0,15.0,21.0,,,,,,,7347.0,6893.0,,,2015,61.0,27.0,31.0,2.0,1.0,18.0,0.0,8.0,5.0,1.0,,,,5481.0,7987.0,123.0,649.0,14240.0,,,,423.0,,,0.0,,,15.0,16.0,22271.0,70519.6,,
Contra Costa,1360.0,1796.0,62.0,1540.0,190.0,71.0,18.0,1.0,311.0,79.0,232.0,453.0,122.0,97.0,198.0,,1031.0,329.0,1162.0,198.0,,3788.0,32394.0,8575.0,2384.0,2729.0,1186.0,6813.0,1762.0,3053.0,2035.0,2939.0,548.0,,,,,,,365955.0,383065.0,,,2015,1858.0,461.0,376.0,871.0,150.0,432.0,21.0,284.0,94.0,22.0,,,,344529.0,187167.0,67202.0,150122.0,749020.0,,,,36182.0,,,36.0,,,243.0,179.0,1116882.0,70519.6,,
Del Norte,102.0,104.0,5.0,74.0,13.0,10.0,1.0,1.0,29.0,7.0,22.0,41.0,22.0,8.0,0.0,,60.0,42.0,84.0,18.0,,142.0,592.0,318.0,160.0,50.0,48.0,241.0,77.0,242.0,17.0,4.0,55.0,,,,,,,11699.0,8153.0,,,2015,109.0,68.0,14.0,5.0,22.0,37.0,4.0,27.0,6.0,2.0,,,,12450.0,3762.0,1031.0,2609.0,19852.0,,,,734.0,,,11.0,,,21.0,20.0,27119.0,70519.6,,
El Dorado,393.0,372.0,24.0,264.0,74.0,33.0,4.0,1.0,98.0,12.0,86.0,136.0,110.0,14.0,5.0,,211.0,182.0,326.0,67.0,,338.0,3151.0,1356.0,447.0,240.0,222.0,1028.0,328.0,1073.0,163.0,58.0,62.0,,,,,,,63310.0,62770.0,,,2015,396.0,314.0,38.0,27.0,17.0,126.0,10.0,74.0,25.0,10.0,,,,101028.0,15008.0,943.0,9101.0,126080.0,,,,3489.0,,,7.0,,,48.0,70.0,183140.0,70519.6,,
Fresno,2584.0,3964.0,170.0,2874.0,681.0,254.0,75.0,7.0,1335.0,188.0,1147.0,1435.0,278.0,834.0,255.0,,1751.0,833.0,2275.0,309.0,,5228.0,33447.0,10621.0,3973.0,1962.0,878.0,8516.0,2105.0,2420.0,6065.0,1543.0,593.0,,,,,,,317213.0,312749.0,,,2015,4134.0,771.0,2217.0,876.0,270.0,1336.0,99.0,795.0,254.0,76.0,,,,206596.0,314650.0,31827.0,76889.0,629962.0,,,,38675.0,,,68.0,,,973.0,783.0,979357.0,70519.6,,
Glenn,99.0,107.0,0.0,66.0,21.0,10.0,2.0,0.0,35.0,1.0,34.0,34.0,13.0,17.0,3.0,,52.0,47.0,78.0,21.0,,106.0,514.0,274.0,107.0,54.0,28.0,210.0,64.0,159.0,88.0,9.0,18.0,,,,,,,9468.0,9058.0,,,2015,107.0,57.0,41.0,3.0,6.0,33.0,1.0,18.0,7.0,1.0,,,,10112.0,7143.0,151.0,1120.0,18526.0,,,,620.0,,,1.0,,,6.0,13.0,28960.0,70519.6,,
Humboldt,327.0,356.0,20.0,275.0,49.0,20.0,6.0,1.0,41.0,3.0,38.0,134.0,91.0,8.0,5.0,,233.0,94.0,287.0,40.0,,539.0,4400.0,1558.0,430.0,260.0,290.0,1233.0,325.0,1193.0,73.0,81.0,211.0,,,,,,,49283.0,47157.0,,,2015,376.0,246.0,26.0,16.0,88.0,127.0,7.0,67.0,26.0,12.0,,,,75009.0,9446.0,1113.0,10872.0,96440.0,,,,4939.0,,,30.0,,,35.0,49.0,135090.0,70519.6,,
Imperial,513.0,361.0,13.0,243.0,59.0,38.0,2.0,0.0,97.0,12.0,85.0,140.0,23.0,105.0,11.0,,310.0,203.0,448.0,65.0,,723.0,6039.0,2424.0,600.0,391.0,876.0,1985.0,439.0,400.0,1836.0,118.0,70.0,,,,,,,63054.0,57636.0,,,2015,374.0,54.0,270.0,39.0,11.0,133.0,7.0,87.0,20.0,12.0,,,,16426.0,96168.0,4526.0,3570.0,120690.0,,,,6762.0,,,1.0,,,67.0,72.0,185328.0,70519.6,,
Inyo,65.0,43.0,3.0,35.0,5.0,3.0,0.0,0.0,11.0,0.0,11.0,14.0,2.0,2.0,1.0,,27.0,38.0,52.0,13.0,,97.0,240.0,173.0,79.0,17.0,21.0,134.0,39.0,88.0,30.0,3.0,52.0,,,,,,,6540.0,6150.0,,,2015,46.0,18.0,4.0,1.0,23.0,14.0,0.0,10.0,1.0,1.0,,,,8310.0,2489.0,93.0,1798.0,12690.0,,,,337.0,,,9.0,,,10.0,7.0,18640.0,70519.6,,
Kern,2309.0,3465.0,150.0,2104.0,678.0,436.0,121.0,5.0,1484.0,251.0,1233.0,1415.0,403.0,751.0,242.0,,1435.0,874.0,2038.0,271.0,,4908.0,30342.0,9571.0,3627.0,2311.0,989.0,7641.0,1930.0,3517.0,4292.0,1503.0,259.0,,,,,,,307052.0,273075.0,,,2015,3615.0,981.0,1774.0,774.0,86.0,1327.0,88.0,641.0,327.0,131.0,,,,221755.0,286060.0,33363.0,38949.0,580127.0,,,,35250.0,,,19.0,,,829.0,593.0,883327.0,70519.6,,
Kings,451.0,1014.0,54.0,727.0,97.0,118.0,33.0,4.0,454.0,96.0,358.0,349.0,73.0,213.0,41.0,,430.0,21.0,386.0,65.0,,694.0,3901.0,1773.0,555.0,327.0,171.0,1342.0,431.0,448.0,1018.0,208.0,99.0,,,,,,,62972.0,42471.0,,,2015,1068.0,234.0,586.0,191.0,57.0,321.0,28.0,207.0,38.0,21.0,,,,37811.0,52843.0,8375.0,6414.0,105443.0,,,,4595.0,,,22.0,,,289.0,148.0,149702.0,70519.6,,
Lake,263.0,318.0,11.0,197.0,54.0,41.0,5.0,0.0,68.0,8.0,60.0,124.0,90.0,15.0,13.0,,143.0,120.0,224.0,39.0,,346.0,1887.0,957.0,301.0,129.0,229.0,763.0,194.0,665.0,168.0,57.0,67.0,,,,,,,22272.0,21769.0,,,2015,329.0,218.0,36.0,39.0,36.0,116.0,8.0,58.0,28.0,8.0,,,,32572.0,7644.0,792.0,3033.0,44041.0,,,,2233.0,,,6.0,,,41.0,72.0,65180.0,70519.6,,
Lassen,103.2,122.0,2.0,75.0,11.0,17.0,1.0,1.0,54.0,13.0,41.0,42.0,26.0,9.0,3.0,,46.1,57.1,81.9,21.3,,220.0,591.0,325.0,131.0,51.0,53.0,245.0,80.0,260.0,32.0,12.0,21.0,,,,,,,18228.0,8631.0,,,2015,124.0,64.0,30.0,19.0,11.0,40.0,2.0,23.0,7.0,5.0,,,,16854.0,5380.0,2867.0,1758.0,26859.0,,,,811.0,,,4.0,,,23.0,19.0,30969.0,70519.6,,
Los Angeles,16075.0,40872.0,1798.0,31284.0,5752.0,2698.0,720.0,151.0,13624.0,2661.0,10963.0,9790.0,1179.0,5072.0,3116.0,,9636.0,6439.0,14024.0,2051.0,,50466.0,240050.0,70209.0,26284.0,17335.0,9449.0,56766.0,13443.0,12158.0,35900.0,18493.0,3658.0,,,,,,,3464176.0,3503370.0,,,2015,42670.0,4121.0,20137.0,15884.0,2528.0,9077.0,713.0,5186.0,1983.0,794.0,,,,1909677.0,3329326.0,583730.0,1144813.0,6967546.0,,,,290516.0,,,423.0,,,6040.0,5063.0,10185487.0,70519.6,,
Madera,365.0,497.0,58.0,381.0,60.0,62.0,12.0,1.0,218.0,32.0,186.0,214.0,51.0,132.0,17.0,,283.0,82.0,318.0,47.0,,858.0,3703.0,1111.0,386.0,174.0,206.0,903.0,208.0,373.0,613.0,98.0,27.0,,,,,,,48087.0,53450.0,,,2015,555.0,138.0,314.0,69.0,34.0,190.0,24.0,131.0,26.0,22.0,,,,37774.0,54717.0,4233.0,4813.0,101537.0,,,,4561.0,,,14.0,,,116.0,126.0,154956.0,70519.6,,
Marin,280.0,248.0,6.0,181.0,47.0,15.0,5.0,0.0,91.0,29.0,62.0,56.0,17.0,14.0,23.0,,210.0,70.0,235.0,45.0,,518.0,5286.0,1230.0,480.0,309.0,169.0,964.0,266.0,598.0,311.0,245.0,76.0,,,,,,,85694.0,87944.0,,,2015,254.0,114.0,60.0,61.0,19.0,54.0,2.0,33.0,11.0,1.0,,,,118845.0,31827.0,5454.0,17512.0,173638.0,,,,5804.0,,,2.0,,,33.0,39.0,262105.0,70519.6,,
Mariposa,44.0,62.0,2.0,44.0,12.0,1.0,0.0,0.0,26.0,6.0,20.0,25.0,19.0,3.0,0.0,,26.0,18.0,37.0,7.0,,89.0,283.0,179.0,73.0,28.0,27.0,132.0,47.0,152.0,13.0,3.0,11.0,,,,,,,6153.0,5882.0,,,2015,64.0,52.0,4.0,0.0,8.0,22.0,3.0,13.0,5.0,2.0,,,,9872.0,1138.0,132.0,893.0,12035.0,,,,372.0,,,3.0,,,5.0,6.0,18088.0,70519.6,,
Mendocino,294.0,318.0,21.0,214.0,46.0,45.0,4.0,4.0,61.0,4.0,57.0,155.0,79.0,29.0,9.0,,163.0,131.0,250.0,44.0,,578.0,1449.0,1126.0,392.0,185.0,240.0,870.0,256.0,732.0,210.0,50.0,134.0,,,,,,,30178.0,29208.0,,,2015,339.0,184.0,68.0,12.0,75.0,139.0,16.0,79.0,32.0,15.0,,,,40540.0,13272.0,449.0,5125.0,59386.0,,,,2027.0,,,38.0,,,55.0,48.0,88429.0,70519.6,,
Merced,684.0,863.0,26.0,643.0,100.0,65.0,14.0,2.0,248.0,29.0,219.0,265.0,52.0,151.0,40.0,,663.0,21.0,622.0,62.0,,1668.0,7928.0,2546.0,806.0,522.0,283.0,2059.0,487.0,715.0,1468.0,255.0,108.0,,,,,,,87211.0,84559.0,,,2015,889.0,198.0,478.0,133.0,80.0,256.0,9.0,155.0,27.0,16.0,,,,54797.0,93830.0,6163.0,16980.0,171770.0,,,,9596.0,,,22.0,,,210.0,127.0,269729.0,70519.6,,
Modoc,24.0,22.0,2.0,19.0,3.0,1.0,0.0,0.0,3.0,0.0,3.0,6.0,4.0,1.0,0.0,,9.0,15.0,19.0,5.0,,69.0,122.0,136.0,43.0,19.0,18.0,99.0,37.0,106.0,9.0,3.0,18.0,,,,,,,3099.0,3052.0,,,2015,24.0,14.0,4.0,0.0,6.0,6.0,0.0,5.0,1.0,0.0,,,,4671.0,958.0,67.0,455.0,6151.0,,,,191.0,,,1.0,,,1.0,1.0,9507.0,70519.6,,
Mono,21.0,17.0,2.0,12.0,3.0,2.0,0.0,0.0,3.0,1.0,2.0,4.0,2.0,1.0,1.0,,13.0,8.0,18.0,3.0,,29.0,185.0,94.0,45.0,12.0,17.0,75.0,19.0,64.0,19.0,7.0,4.0,,,,,,,5524.0,4832.0,,,2015,19.0,11.0,6.0,1.0,1.0,4.0,0.0,2.0,0.0,0.0,,,,7185.0,2597.0,40.0,534.0,10356.0,,,,214.0,,,0.0,,,4.0,1.0,13818.0,70519.6,,
Monterey,929.0,1527.0,57.0,1166.0,160.0,116.0,25.0,5.0,433.0,43.0,390.0,420.0,68.0,272.0,40.0,,587.0,342.0,819.0,110.0,,1927.0,9535.0,3152.0,1167.0,749.0,365.0,2531.0,621.0,764.0,2023.0,246.0,119.0,,,,,,,149985.0,135510.0,,,2015,1584.0,243.0,1027.0,186.0,128.0,400.0,20.0,265.0,48.0,35.0,,,,90344.0,161932.0,8525.0,24694.0,285495.0,,,,11462.0,,,40.0,,,258.0,174.0,436242.0,70519.6,,
Napa,141.0,275.0,12.0,199.0,37.0,19.0,3.0,1.0,88.0,18.0,70.0,92.0,32.0,40.0,13.0,,96.0,45.0,126.0,15.0,,587.0,2586.0,1261.0,439.0,184.0,79.0,987.0,274.0,641.0,378.0,181.0,61.0,,,,,,,48764.0,47149.0,,,2015,287.0,127.0,112.0,28.0,20.0,82.0,10.0,51.0,17.0,7.0,,,,51522.0,32499.0,2061.0,9831.0,95913.0,,,,3173.0,,,7.0,,,30.0,35.0,141546.0,70519.6,,
Nevada,215.0,97.0,2.0,65.0,19.0,8.0,1.0,0.0,28.0,5.0,23.0,23.0,20.0,3.0,0.0,,157.0,58.0,176.0,39.0,,289.0,1715.0,700.0,174.0,114.0,164.0,543.0,157.0,582.0,72.0,17.0,29.0,,,,,,,32996.0,33228.0,,,2015,99.0,81.0,12.0,3.0,3.0,22.0,1.0,10.0,3.0,1.0,,,,56850.0,5972.0,284.0,3118.0,66224.0,,,,2004.0,,,0.0,,,22.0,20.0,98190.0,70519.6,,
Orange,6121.0,6319.0,256.0,4827.0,887.0,464.0,134.0,10.0,1459.0,286.0,1173.0,1768.0,571.0,911.0,145.0,,3321.0,2800.0,5317.0,804.0,,7220.0,68237.0,16071.0,5554.0,4559.0,2066.0,12628.0,3443.0,6202.0,7382.0,1076.0,1411.0,,,,,,,1073430.0,1082481.0,,,2015,6575.0,1605.0,3688.0,655.0,627.0,1648.0,120.0,910.0,447.0,183.0,,,,920299.0,719536.0,34878.0,481198.0,2155911.0,,,,75457.0,,,141.0,,,1027.0,867.0,3161218.0,70519.6,,
Placer,639.0,630.0,33.0,371.0,149.0,81.0,17.0,1.0,286.0,47.0,239.0,243.0,165.0,34.0,30.0,,431.0,208.0,543.0,96.0,,675.0,7227.0,2463.0,652.0,571.0,343.0,1823.0,640.0,1796.0,327.0,225.0,115.0,,,,,,,120134.0,124490.0,,,2015,663.0,465.0,86.0,64.0,48.0,227.0,16.0,111.0,60.0,27.0,,,,184951.0,35394.0,3364.0,20915.0,244624.0,,,,7902.0,,,14.0,,,129.0,152.0,370738.0,70519.6,,
Plumas,58.68,42.0,2.0,31.0,7.0,3.0,1.0,1.0,8.0,0.0,8.0,15.0,15.0,0.0,0.0,,41.68,17.0,45.9,12.78,,82.0,298.0,190.0,65.0,30.0,43.0,144.0,46.0,161.0,11.0,9.0,9.0,,,,,,,6426.0,6461.0,,,2015,44.0,40.0,2.0,1.0,1.0,15.0,0.0,8.0,2.0,0.0,,,,10844.0,1039.0,155.0,849.0,12887.0,,,,380.0,,,0.0,,,6.0,10.0,19586.0,70519.6,,
Riverside,3686.0,8772.0,449.0,6562.0,1340.0,720.0,174.0,20.0,3219.0,404.0,2815.0,2547.0,685.0,1273.0,516.0,,2298.0,1388.0,3258.0,428.0,,7020.0,65616.0,13443.0,4911.0,3260.0,1761.0,10752.0,2691.0,4378.0,6573.0,1965.0,527.0,,,,,,,759617.0,756973.0,,,2015,9221.0,2348.0,4368.0,2150.0,355.0,2358.0,189.0,1542.0,464.0,198.0,,,,585306.0,694414.0,97606.0,139264.0,1516590.0,,,,72636.0,,,73.0,,,1484.0,1370.0,2329256.0,70519.6,,
Sacramento,3813.0,6311.0,297.0,4792.0,809.0,540.0,96.0,20.0,2333.0,443.0,1890.0,1659.0,476.0,332.0,694.0,,1885.0,1928.0,3414.0,399.0,,8264.0,42018.0,13126.0,5159.0,2753.0,1809.0,10476.0,2650.0,4810.0,2495.0,4818.0,1003.0,,,,,,,489473.0,503233.0,,,2015,6608.0,1707.0,1264.0,2947.0,690.0,1564.0,95.0,839.0,273.0,172.0,,,,483551.0,209988.0,100722.0,198445.0,992706.0,,,,50282.0,,,157.0,,,943.0,743.0,1489952.0,70519.6,,
San Benito,131.0,102.0,4.0,84.0,9.0,6.0,0.0,0.0,30.0,7.0,23.0,31.0,5.0,22.0,1.0,,99.0,32.0,113.0,18.0,,179.0,725.0,590.0,186.0,65.0,175.0,460.0,130.0,193.0,371.0,11.0,15.0,,,,,,,19367.0,19714.0,,,2015,106.0,21.0,80.0,1.0,4.0,31.0,0.0,21.0,1.0,0.0,,,,15347.0,21407.0,366.0,1961.0,39081.0,,,,904.0,,,3.0,,,11.0,14.0,57584.0,70519.6,,
San Bernardino,5074.0,7912.0,387.0,5672.0,1253.0,657.0,126.0,29.0,2602.0,369.0,2233.0,2938.0,705.0,1369.0,723.0,,4010.0,1064.0,4309.0,765.0,,9947.0,59592.0,23909.0,8074.0,6955.0,4016.0,18917.0,4992.0,6980.0,11136.0,4921.0,872.0,,,,,,,702733.0,706364.0,,,2015,8299.0,1905.0,3644.0,2381.0,369.0,2752.0,186.0,1599.0,502.0,258.0,,,,473755.0,686950.0,121833.0,126559.0,1409097.0,,,,69539.0,,,141.0,,,2017.0,1703.0,2129851.0,70519.6,,
San Diego,5334.0,8201.0,396.0,6059.0,1436.0,681.0,98.0,34.0,3109.0,493.0,2616.0,2300.0,729.0,891.0,511.0,,2525.0,2809.0,4427.0,907.0,,10943.0,63444.0,21388.0,8038.0,3517.0,2946.0,16659.0,4729.0,8795.0,7101.0,3967.0,1525.0,,,,,,,1135665.0,1089431.0,,,2015,8597.0,2341.0,3125.0,2367.0,764.0,2100.0,200.0,1251.0,491.0,202.0,,,,1078708.0,700780.0,112966.0,332642.0,2225096.0,,,,74387.0,,,169.0,,,1439.0,1351.0,3275084.0,70519.6,,
San Francisco,1212.0,931.0,21.0,785.0,107.0,27.0,8.0,1.0,171.0,41.0,130.0,139.0,17.0,26.0,80.0,,1030.0,182.0,1098.0,114.0,,6789.0,53955.0,7021.0,1868.0,1064.0,847.0,5878.0,1143.0,2218.0,1013.0,2994.0,796.0,,,,,,,330231.0,308865.0,,,2015,952.0,132.0,143.0,541.0,136.0,138.0,1.0,91.0,29.0,3.0,,,,279357.0,97503.0,33565.0,228671.0,639096.0,,,,60744.0,,,16.0,,,59.0,70.0,863108.0,70519.6,,
San Joaquin,1211.0,2769.0,111.0,2145.0,367.0,162.0,21.0,7.0,702.0,91.0,611.0,884.0,218.0,340.0,256.0,,852.0,359.0,1081.0,130.0,,5756.0,25031.0,5939.0,2306.0,1128.0,576.0,4790.0,1149.0,2121.0,2117.0,1285.0,416.0,,,,,,,236496.0,235043.0,,,2015,2880.0,609.0,1075.0,854.0,342.0,847.0,37.0,446.0,160.0,62.0,,,,170088.0,180359.0,34158.0,86934.0,471539.0,,,,30787.0,,,70.0,,,567.0,332.0,727547.0,70519.6,,
San Luis Obispo,495.0,615.0,25.0,436.0,96.0,60.0,8.0,2.0,232.0,54.0,178.0,202.0,116.0,60.0,23.0,,230.0,265.0,424.0,71.0,,1134.0,6786.0,1597.0,639.0,366.0,222.0,1290.0,307.0,1089.0,361.0,84.0,63.0,,,,,,,100825.0,91461.0,,,2015,640.0,325.0,214.0,80.0,21.0,198.0,4.0,119.0,39.0,12.0,,,,134797.0,40228.0,4871.0,12390.0,192286.0,,,,7920.0,,,3.0,,,127.0,122.0,276844.0,70519.6,,
San Mateo,869.0,1158.0,41.0,895.0,149.0,109.0,19.0,5.0,368.0,78.0,290.0,342.0,71.0,122.0,81.0,,512.0,357.0,764.0,105.0,,1707.0,15548.0,3538.0,1185.0,926.0,432.0,2827.0,711.0,936.0,1303.0,642.0,657.0,,,,,,,254145.0,257775.0,,,2015,1199.0,246.0,418.0,301.0,234.0,327.0,15.0,190.0,74.0,33.0,,,,205000.0,132378.0,13779.0,160763.0,511920.0,,,,17255.0,,,68.0,,,203.0,165.0,764379.0,70519.6,,
Santa Barbara,943.0,1110.0,49.0,856.0,127.0,84.0,15.0,4.0,333.0,65.0,268.0,329.0,73.0,219.0,28.0,,683.0,260.0,827.0,116.0,,1356.0,9122.0,3520.0,1120.0,614.0,961.0,2799.0,721.0,1357.0,1806.0,245.0,112.0,,,,,,,151953.0,145567.0,,,2015,1159.0,270.0,718.0,124.0,47.0,309.0,20.0,205.0,45.0,33.0,,,,140009.0,127921.0,5610.0,23980.0,297520.0,,,,10478.0,,,9.0,,,209.0,149.0,444900.0,70519.6,,
Santa Clara,3474.0,3980.0,100.0,3151.0,517.0,247.0,59.0,16.0,1290.0,409.0,881.0,911.0,147.0,553.0,113.0,,2556.0,918.0,3052.0,422.0,,4801.0,45140.0,9333.0,3532.0,2205.0,1118.0,7477.0,1856.0,2386.0,4579.0,1111.0,1257.0,,,,,,,651581.0,637832.0,,,2015,4080.0,740.0,2088.0,666.0,586.0,857.0,54.0,548.0,206.0,59.0,,,,441667.0,338900.0,31801.0,477045.0,1289413.0,,,,49941.0,,,98.0,,,583.0,450.0,1915102.0,70519.6,,
Santa Cruz,385.0,527.0,20.0,424.0,69.0,32.0,4.0,0.0,125.0,13.0,112.0,110.0,40.0,58.0,7.0,,265.0,120.0,343.0,42.0,,1171.0,9282.0,2133.0,739.0,402.0,378.0,1750.0,383.0,1166.0,774.0,127.0,66.0,,,,,,,97684.0,96005.0,,,2015,547.0,211.0,283.0,31.0,22.0,106.0,4.0,68.0,21.0,5.0,,,,116261.0,59945.0,1804.0,15679.0,193689.0,,,,10453.0,,,5.0,,,84.0,89.0,274697.0,70519.6,,
Shasta,323.0,1089.0,62.0,701.0,229.0,134.0,22.0,7.0,455.0,66.0,389.0,369.0,297.0,17.0,26.0,,256.0,67.0,272.0,51.0,,1400.0,5851.0,1823.0,415.0,395.0,233.0,1396.0,427.0,1494.0,108.0,112.0,109.0,,,,,,,58487.0,59878.0,,,2015,1151.0,912.0,74.0,74.0,91.0,338.0,31.0,201.0,92.0,28.0,,,,97015.0,10059.0,1031.0,10260.0,118365.0,,,,7251.0,,,29.0,,,181.0,198.0,178777.0,70519.6,,
Sierra,0.0,7.0,0.0,2.0,3.0,1.0,0.0,0.0,2.0,1.0,1.0,1.0,1.0,0.0,0.0,,0.0,0.0,0.0,0.0,,3.0,33.0,35.0,13.0,4.0,12.0,25.0,10.0,33.0,1.0,0.0,1.0,,,,,,,1103.0,1077.0,,,2015,7.0,5.0,1.0,0.0,1.0,1.0,0.0,0.0,0.0,1.0,,,,1904.0,193.0,5.0,78.0,2180.0,,,,36.0,,,0.0,,,2.0,3.0,3147.0,70519.6,,
Siskiyou,104.0,192.0,16.0,120.0,46.0,23.0,3.0,1.0,66.0,6.0,60.0,70.0,53.0,3.0,6.0,,100.0,4.0,94.0,10.0,,135.0,793.0,704.0,193.0,85.0,133.0,525.0,179.0,513.0,75.0,26.0,90.0,,,,,,,14780.0,14648.0,,,2015,208.0,153.0,13.0,13.0,29.0,64.0,6.0,39.0,17.0,5.0,,,,23236.0,3108.0,404.0,2680.0,29428.0,,,,928.0,,,8.0,,,29.0,28.0,44500.0,70519.6,,
Solano,936.0,980.0,37.0,805.0,110.0,50.0,10.0,1.0,184.0,36.0,148.0,270.0,79.0,43.0,130.0,,744.0,192.0,817.0,119.0,,2063.0,13012.0,3997.0,1436.0,966.0,528.0,3152.0,845.0,1398.0,803.0,1540.0,256.0,,,,,,,148930.0,147083.0,,,2015,1017.0,250.0,168.0,511.0,88.0,254.0,16.0,162.0,52.0,13.0,,,,122024.0,69629.0,42863.0,61497.0,296013.0,,,,15075.0,,,18.0,,,150.0,106.0,429267.0,70519.6,,
Sonoma,968.0,906.0,35.0,658.0,154.0,72.0,13.0,1.0,249.0,26.0,223.0,258.0,126.0,79.0,36.0,,511.0,457.0,831.0,137.0,,1898.0,9943.0,3223.0,1262.0,699.0,472.0,2562.0,661.0,1897.0,854.0,267.0,205.0,,,,,,,171397.0,173288.0,,,2015,941.0,421.0,324.0,104.0,92.0,244.0,14.0,143.0,59.0,22.0,,,,226375.0,86048.0,5214.0,27048.0,344685.0,,,,11841.0,,,17.0,,,111.0,149.0,501182.0,70519.6,,
Stanislaus,1125.0,1520.0,88.0,1054.0,307.0,144.0,34.0,3.0,501.0,71.0,430.0,598.0,257.0,221.0,76.0,,796.0,329.0,1007.0,118.0,,3093.0,19782.0,6981.0,2191.0,1439.0,1572.0,5527.0,1454.0,3495.0,2504.0,734.0,248.0,,,,,,,175441.0,176844.0,,,2015,1608.0,635.0,642.0,198.0,133.0,563.0,35.0,306.0,143.0,47.0,,,,165220.0,145594.0,9658.0,31813.0,352285.0,,,,22875.0,,,44.0,,,332.0,315.0,538372.0,70519.6,,
Sutter,220.0,325.0,14.0,231.0,59.0,21.0,5.0,2.0,53.0,6.0,47.0,129.0,66.0,37.0,18.0,,153.0,67.0,174.0,46.0,,320.0,2391.0,955.0,374.0,222.0,78.0,738.0,217.0,481.0,316.0,77.0,81.0,,,,,,,31680.0,31503.0,,,2015,339.0,177.0,99.0,41.0,22.0,116.0,13.0,80.0,27.0,4.0,,,,31704.0,18044.0,1257.0,12178.0,63183.0,,,,2711.0,,,8.0,,,58.0,54.0,97618.0,70519.6,,
Tehama,193.0,340.0,21.0,217.0,50.0,63.0,16.0,7.0,116.0,18.0,98.0,143.0,103.0,24.0,6.0,,99.0,94.0,160.0,33.0,,329.0,1663.0,1104.0,242.0,203.0,331.0,826.0,278.0,846.0,188.0,29.0,41.0,,,,,,,20971.0,20868.0,,,2015,361.0,253.0,73.0,15.0,20.0,129.0,14.0,62.0,27.0,23.0,,,,29782.0,9354.0,259.0,2444.0,41839.0,,,,1992.0,,,10.0,,,62.0,67.0,63970.0,70519.6,,
Trinity,58.0,50.0,1.0,38.0,4.0,4.0,2.0,0.0,13.0,4.0,9.0,15.0,12.0,0.0,1.0,,47.0,11.0,50.0,8.0,,34.0,244.0,373.0,46.0,45.0,163.0,289.0,84.0,315.0,21.0,23.0,14.0,,,,,,,4747.0,4481.0,,,2015,51.0,39.0,0.0,5.0,7.0,15.0,0.0,12.0,0.0,0.0,,,,7618.0,675.0,43.0,892.0,9228.0,,,,278.0,,,2.0,,,4.0,6.0,13562.0,70519.6,,
Tulare,1505.0,2117.0,74.0,1646.0,299.0,119.0,21.0,1.0,603.0,66.0,537.0,527.0,106.0,349.0,23.0,,878.0,627.0,1288.0,217.0,,1815.0,11783.0,6648.0,1959.0,1396.0,1776.0,5275.0,1373.0,1955.0,4151.0,316.0,226.0,,,,,,,146712.0,144213.0,,,2015,2191.0,430.0,1466.0,130.0,165.0,504.0,23.0,338.0,83.0,38.0,,,,95795.0,174626.0,4118.0,16386.0,290925.0,,,,13598.0,,,49.0,,,345.0,212.0,463291.0,70519.6,,
Tuolumne,143.0,226.0,23.0,147.0,46.0,35.0,2.0,3.0,110.0,8.0,102.0,75.0,60.0,5.0,5.0,,110.0,33.0,110.0,33.0,,227.0,1280.0,640.0,147.0,148.0,61.0,444.0,196.0,535.0,55.0,17.0,33.0,,,,,,,20151.0,16539.0,,,2015,249.0,206.0,21.0,8.0,14.0,65.0,10.0,43.0,17.0,9.0,,,,29302.0,4256.0,1124.0,2008.0,36690.0,,,,1507.0,,,5.0,,,30.0,47.0,54525.0,70519.6,,
Ventura,1640.0,1662.0,68.0,1222.0,237.0,164.0,35.0,2.0,443.0,64.0,379.0,508.0,158.0,315.0,34.0,,1009.0,631.0,1414.0,226.0,,2175.0,17253.0,6427.0,2069.0,1349.0,865.0,5048.0,1379.0,2123.0,3663.0,435.0,206.0,,,,,,,286978.0,284918.0,,,2015,1730.0,487.0,1047.0,150.0,46.0,476.0,32.0,272.0,94.0,45.0,,,,277373.0,230935.0,9921.0,53667.0,571896.0,,,,19428.0,,,1.0,,,300.0,250.0,852013.0,70519.6,,
Yolo,378.0,692.0,27.0,452.0,113.0,92.0,16.0,5.0,268.0,29.0,239.0,207.0,78.0,76.0,38.0,,273.0,105.0,327.0,51.0,,804.0,6050.0,1807.0,535.0,387.0,312.0,1422.0,385.0,845.0,605.0,249.0,108.0,,,,,,,72711.0,76512.0,,,2015,719.0,249.0,278.0,125.0,67.0,199.0,8.0,117.0,33.0,17.0,,,,73840.0,43223.0,3646.0,28514.0,149223.0,,,,6854.0,,,15.0,,,117.0,142.0,212686.0,70519.6,,
Yuba,391.0,356.0,16.0,264.0,52.0,23.0,5.0,4.0,88.0,11.0,77.0,156.0,93.0,37.0,15.0,,327.0,64.0,351.0,40.0,,313.0,2018.0,1038.0,416.0,180.0,189.0,815.0,223.0,684.0,215.0,74.0,65.0,,,,,,,24078.0,23727.0,,,2015,372.0,221.0,81.0,40.0,30.0,146.0,10.0,100.0,23.0,13.0,,,,28713.0,11415.0,1474.0,6203.0,47805.0,,,,2331.0,,,11.0,,,63.0,67.0,75579.0,70519.6,,
Alameda,2396.0,3405.0,97.0,3218.0,175.0,25.0,10.0,0.0,573.0,129.0,444.0,621.0,62.0,124.0,398.0,,2024.0,372.0,2150.0,246.0,,10127.0,59744.0,10378.0,3163.0,2690.0,1720.0,8173.0,2205.0,2163.0,2540.0,4641.0,1034.0,,,,,,,566879.0,582240.0,,,2016,3502.0,303.0,605.0,2339.0,255.0,607.0,14.0,392.0,97.0,32.0,,,,397211.0,253867.0,138102.0,359939.0,1149119.0,,,,69871.0,,,37.0,,,,,,,1637712.0,73694.0
Alpine,0.0,1.0,0.0,0.0,1.0,0.0,0.0,0.0,0.0,0.0,0.0,1.0,0.0,0.0,0.0,,0.0,0.0,0.0,0.0,,6.0,34.0,13.0,5.0,1.0,0.0,12.0,1.0,7.0,1.0,0.0,5.0,,,,,,,407.0,383.0,,,2016,1.0,0.0,0.0,0.0,1.0,1.0,0.0,0.0,1.0,0.0,,,,571.0,57.0,0.0,162.0,790.0,,,,40.0,,,1.0,,,,,,,1148.0,73694.0
Amador,81.03,118.0,5.0,77.0,13.0,9.0,1.0,0.0,55.0,15.0,40.0,45.0,31.0,6.0,2.0,,44.19,36.84,64.83,16.2,,92.0,669.0,368.0,81.0,59.0,63.0,261.0,107.0,266.0,40.0,22.0,40.0,,,,,,,13987.0,11023.0,,,2016,123.0,74.0,23.0,10.0,16.0,39.0,6.0,16.0,13.0,2.0,,,,19480.0,3449.0,749.0,1332.0,25010.0,,,,761.0,,,6.0,,,,,,,37191.0,73694.0
Butte,560.0,888.0,63.0,647.0,142.0,73.0,18.0,6.0,150.0,41.0,109.0,339.0,246.0,41.0,36.0,,314.0,246.0,482.0,78.0,,790.0,7307.0,2026.0,596.0,485.0,415.0,1537.0,489.0,1543.0,242.0,140.0,101.0,,,,,,,77219.0,75371.0,,,2016,951.0,646.0,148.0,103.0,54.0,308.0,31.0,174.0,67.0,28.0,,,,113695.0,22146.0,2449.0,14300.0,152590.0,,,,8097.0,,,16.0,,,,,,,225125.0,73694.0
Calaveras,95.0,69.0,5.0,50.0,8.0,3.0,1.0,0.0,12.0,2.0,10.0,25.0,20.0,2.0,2.0,,51.0,44.0,75.0,20.0,,178.0,656.0,418.0,157.0,48.0,92.0,318.0,100.0,299.0,68.0,11.0,40.0,,,,,,,14509.0,14623.0,,,2016,74.0,59.0,7.0,1.0,7.0,24.0,1.0,10.0,4.0,3.0,,,,24108.0,3149.0,238.0,1637.0,29132.0,,,,834.0,,,1.0,,,,,,,44791.0,73694.0
Colusa,90.0,72.0,1.0,53.0,10.0,2.0,0.0,0.0,6.0,1.0,5.0,33.0,10.0,14.0,4.0,,51.0,39.0,77.0,13.0,,46.0,357.0,298.0,76.0,42.0,22.0,231.0,67.0,132.0,132.0,10.0,24.0,,,,,,,7326.0,6913.0,,,2016,73.0,26.0,35.0,5.0,7.0,32.0,1.0,18.0,7.0,1.0,,,,5480.0,8065.0,105.0,589.0,14239.0,,,,403.0,,,5.0,,,,,,,22408.0,73694.0
Contra Costa,1479.0,1833.0,66.0,1634.0,136.0,48.0,8.0,2.0,317.0,79.0,238.0,374.0,107.0,100.0,142.0,,1181.0,298.0,1226.0,253.0,,3895.0,28939.0,8354.0,2335.0,2683.0,1027.0,6585.0,1769.0,2962.0,1994.0,2829.0,569.0,,,,,,,376207.0,389572.0,,,2016,1899.0,453.0,408.0,893.0,145.0,357.0,17.0,215.0,75.0,21.0,,,,358911.0,185404.0,71185.0,150279.0,765779.0,,,,32834.0,,,25.0,,,,,,,1129894.0,73694.0
Del Norte,90.0,116.0,7.0,78.0,18.0,9.0,0.0,1.0,35.0,7.0,28.0,51.0,30.0,5.0,2.0,,51.0,39.0,70.0,20.0,,168.0,608.0,314.0,154.0,58.0,33.0,228.0,86.0,239.0,14.0,2.0,59.0,,,,,,,10198.0,7862.0,,,2016,123.0,78.0,14.0,10.0,21.0,43.0,8.0,19.0,12.0,5.0,,,,11639.0,3291.0,765.0,2365.0,18060.0,,,,776.0,,,14.0,,,,,,,27040.0,73694.0
El Dorado,375.0,370.0,34.0,293.0,57.0,22.0,5.0,1.0,99.0,13.0,86.0,137.0,95.0,26.0,8.0,,196.0,179.0,309.0,66.0,,389.0,3042.0,1288.0,421.0,262.0,135.0,961.0,327.0,1029.0,149.0,53.0,57.0,,,,,,,62472.0,61700.0,,,2016,404.0,308.0,49.0,28.0,19.0,129.0,8.0,80.0,23.0,12.0,,,,99032.0,15064.0,932.0,9144.0,124172.0,,,,3431.0,,,8.0,,,,,,,184180.0,73694.0
Fresno,2778.0,3922.0,161.0,3041.0,503.0,127.0,53.0,5.0,1308.0,192.0,1116.0,1436.0,254.0,822.0,271.0,,1926.0,852.0,2459.0,319.0,,5981.0,31784.0,9145.0,3913.0,1815.0,674.0,7441.0,1704.0,1990.0,5243.0,1414.0,498.0,,,,,,,318879.0,314384.0,,,2016,4083.0,726.0,2189.0,878.0,290.0,1356.0,80.0,795.0,250.0,64.0,,,,204999.0,319317.0,31963.0,76984.0,633263.0,,,,37765.0,,,89.0,,,,,,,989183.0,73694.0
Glenn,92.0,95.0,7.0,66.0,12.0,10.0,4.0,0.0,34.0,1.0,33.0,32.0,16.0,12.0,0.0,,70.0,22.0,73.0,19.0,,103.0,559.0,313.0,125.0,63.0,35.0,238.0,75.0,188.0,95.0,16.0,14.0,,,,,,,9442.0,9102.0,,,2016,102.0,53.0,39.0,3.0,7.0,24.0,8.0,16.0,6.0,4.0,,,,10068.0,7249.0,142.0,1085.0,18544.0,,,,662.0,,,4.0,,,,,,,29073.0,73694.0
Humboldt,369.0,371.0,18.0,296.0,33.0,24.0,3.0,1.0,45.0,3.0,42.0,124.0,81.0,8.0,8.0,,260.0,109.0,315.0,54.0,,682.0,4001.0,1360.0,418.0,207.0,226.0,1066.0,294.0,1016.0,111.0,70.0,163.0,,,,,,,47926.0,46351.0,,,2016,389.0,253.0,28.0,22.0,86.0,117.0,7.0,66.0,18.0,15.0,,,,73208.0,9283.0,1165.0,10621.0,94277.0,,,,4683.0,,,27.0,,,,,,,136086.0,73694.0
Imperial,434.0,358.0,14.0,274.0,37.0,32.0,0.0,0.0,93.0,13.0,80.0,136.0,17.0,105.0,10.0,,241.0,193.0,392.0,42.0,,676.0,5195.0,1715.0,414.0,275.0,446.0,1358.0,357.0,269.0,1310.0,93.0,43.0,,,,,,,60553.0,56766.0,,,2016,372.0,55.0,265.0,39.0,13.0,128.0,8.0,77.0,23.0,14.0,,,,15437.0,94425.0,4088.0,3369.0,117319.0,,,,5871.0,,,4.0,,,,,,,187157.0,73694.0
Inyo,52.0,35.0,5.0,29.0,3.0,3.0,0.0,0.0,11.0,0.0,11.0,16.0,6.0,4.0,0.0,,24.0,28.0,42.0,10.0,,114.0,334.0,199.0,114.0,28.0,11.0,152.0,47.0,110.0,27.0,1.0,61.0,,,,,,,6082.0,5859.0,,,2016,40.0,14.0,7.0,0.0,19.0,15.0,1.0,10.0,1.0,1.0,,,,7763.0,2387.0,83.0,1708.0,11941.0,,,,448.0,,,6.0,,,,,,,18649.0,73694.0
Kern,2155.0,3746.0,193.0,2546.0,570.0,279.0,61.0,2.0,1567.0,258.0,1309.0,1410.0,427.0,718.0,239.0,,1468.0,687.0,1891.0,264.0,,5128.0,32570.0,9340.0,3232.0,2551.0,920.0,7535.0,1805.0,3370.0,4400.0,1365.0,205.0,,,,,,,298784.0,274479.0,,,2016,3939.0,1054.0,1920.0,861.0,104.0,1288.0,122.0,599.0,323.0,112.0,,,,219281.0,283013.0,32295.0,38674.0,573263.0,,,,37698.0,,,26.0,,,,,,,888994.0,73694.0
Kings,437.0,1208.0,53.0,879.0,93.0,104.0,19.0,4.0,475.0,95.0,380.0,416.0,89.0,240.0,45.0,,353.0,84.0,372.0,65.0,,639.0,3167.0,1562.0,483.0,266.0,122.0,1209.0,353.0,351.0,949.0,190.0,72.0,,,,,,,54091.0,40145.0,,,2016,1261.0,283.0,694.0,210.0,74.0,383.0,33.0,204.0,55.0,39.0,,,,33620.0,47531.0,6892.0,6193.0,94236.0,,,,3806.0,,,42.0,,,,,,,149407.0,73694.0
Lake,275.0,329.0,9.0,201.0,37.0,26.0,2.0,1.0,74.0,9.0,65.0,137.0,90.0,21.0,7.0,,176.0,99.0,232.0,43.0,,379.0,1746.0,1027.0,299.0,152.0,315.0,797.0,230.0,635.0,221.0,56.0,115.0,,,,,,,21370.0,21140.0,,,2016,338.0,220.0,45.0,29.0,44.0,133.0,4.0,64.0,15.0,10.0,,,,31392.0,7478.0,742.0,2898.0,42510.0,,,,2125.0,,,19.0,,,,,,,65128.0,73694.0
Lassen,82.2,123.0,2.0,81.0,13.0,17.0,1.0,1.0,53.0,13.0,40.0,25.0,12.0,8.0,2.0,,47.599999999999994,34.6,71.5,10.7,,225.0,513.0,292.0,108.0,66.0,40.0,213.0,79.0,227.0,27.0,14.0,24.0,,,,,,,14917.0,7464.0,,,2016,125.0,53.0,38.0,19.0,15.0,23.0,2.0,13.0,5.0,5.0,,,,14687.0,4123.0,2215.0,1356.0,22381.0,,,,738.0,,,3.0,,,,,,,30645.0,73694.0
Los Angeles,15748.0,40864.0,1886.0,33334.0,4643.0,1543.0,322.0,50.0,13955.0,2655.0,11300.0,10193.0,1287.0,5264.0,3272.0,,9907.0,5841.0,13723.0,2025.0,,56351.0,252224.0,70304.0,25865.0,18451.0,8673.0,56873.0,13431.0,11926.0,36326.0,18260.0,3792.0,,,,,,,3496896.0,3528052.0,,,2016,42750.0,4116.0,20541.0,15737.0,2356.0,9452.0,741.0,5219.0,2153.0,686.0,,,,1917019.0,3378802.0,588081.0,1141046.0,7024948.0,,,,308575.0,,,370.0,,,,,,,10229245.0,73694.0
Madera,402.0,512.0,93.0,434.0,45.0,48.0,3.0,2.0,225.0,30.0,195.0,196.0,42.0,118.0,24.0,,289.0,113.0,354.0,48.0,,1024.0,3705.0,1263.0,403.0,175.0,338.0,1051.0,212.0,412.0,722.0,96.0,33.0,,,,,,,47304.0,51734.0,,,2016,605.0,141.0,336.0,87.0,41.0,175.0,21.0,94.0,29.0,17.0,,,,36350.0,54266.0,3914.0,4508.0,99038.0,,,,4729.0,,,12.0,,,,,,,155693.0,73694.0
Marin,330.0,265.0,11.0,197.0,52.0,7.0,2.0,0.0,98.0,26.0,72.0,79.0,25.0,18.0,31.0,,250.0,80.0,283.0,47.0,,475.0,4975.0,1183.0,446.0,351.0,114.0,908.0,275.0,559.0,296.0,270.0,58.0,,,,,,,86602.0,86805.0,,,2016,276.0,111.0,65.0,80.0,20.0,71.0,8.0,35.0,28.0,3.0,,,,123152.0,29393.0,5258.0,15604.0,173407.0,,,,5450.0,,,5.0,,,,,,,263257.0,73694.0
Mariposa,35.0,66.0,3.0,53.0,9.0,1.0,0.0,0.0,19.0,6.0,13.0,25.0,18.0,3.0,1.0,,14.0,21.0,28.0,7.0,,80.0,241.0,156.0,68.0,18.0,42.0,125.0,31.0,112.0,25.0,2.0,17.0,,,,,,,6024.0,5838.0,,,2016,69.0,53.0,6.0,2.0,8.0,23.0,2.0,16.0,3.0,2.0,,,,9805.0,1123.0,106.0,828.0,11862.0,,,,321.0,,,3.0,,,,,,,18055.0,73694.0
Mendocino,305.0,326.0,23.0,227.0,39.0,32.0,7.0,3.0,70.0,4.0,66.0,138.0,78.0,24.0,9.0,,191.0,114.0,263.0,42.0,,606.0,1444.0,1062.0,381.0,186.0,186.0,830.0,232.0,707.0,198.0,32.0,125.0,,,,,,,29719.0,29137.0,,,2016,349.0,197.0,64.0,21.0,67.0,129.0,9.0,66.0,17.0,17.0,,,,40259.0,13225.0,430.0,4942.0,58856.0,,,,2050.0,,,27.0,,,,,,,88995.0,73694.0
Merced,662.0,893.0,32.0,699.0,80.0,38.0,12.0,1.0,247.0,29.0,218.0,312.0,70.0,180.0,44.0,,647.0,15.0,607.0,55.0,,1488.0,7658.0,2541.0,908.0,534.0,241.0,2097.0,444.0,739.0,1413.0,279.0,110.0,,,,,,,88163.0,85290.0,,,2016,925.0,199.0,515.0,139.0,72.0,293.0,19.0,166.0,47.0,23.0,,,,54656.0,95246.0,6298.0,17253.0,173453.0,,,,9146.0,,,18.0,,,,,,,272610.0,73694.0
Modoc,23.0,15.0,1.0,14.0,2.0,0.0,0.0,0.0,1.0,0.0,1.0,5.0,4.0,0.0,0.0,,13.0,10.0,20.0,3.0,,41.0,163.0,121.0,36.0,17.0,6.0,87.0,34.0,84.0,16.0,1.0,20.0,,,,,,,3055.0,3038.0,,,2016,16.0,11.0,3.0,0.0,2.0,5.0,0.0,4.0,1.0,0.0,,,,4680.0,940.0,62.0,411.0,6093.0,,,,204.0,,,1.0,,,,,,,9469.0,73694.0
Mono,0.0,16.0,3.0,12.0,3.0,1.0,0.0,0.0,4.0,1.0,3.0,6.0,4.0,2.0,0.0,,0.0,0.0,0.0,0.0,,37.0,162.0,85.0,50.0,12.0,8.0,67.0,18.0,44.0,27.0,4.0,10.0,,,,,,,5376.0,4663.0,,,2016,19.0,11.0,6.0,1.0,1.0,5.0,1.0,3.0,1.0,1.0,,,,7094.0,2451.0,34.0,460.0,10039.0,,,,199.0,,,0.0,,,,,,,13785.0,73694.0
Monterey,905.0,1552.0,69.0,1261.0,122.0,83.0,17.0,4.0,446.0,45.0,401.0,436.0,89.0,276.0,43.0,,576.0,329.0,790.0,115.0,,1822.0,10396.0,2951.0,1126.0,666.0,276.0,2403.0,548.0,665.0,1893.0,257.0,136.0,,,,,,,151697.0,137852.0,,,2016,1621.0,283.0,1036.0,182.0,120.0,411.0,25.0,225.0,66.0,32.0,,,,92726.0,161909.0,8966.0,25948.0,289549.0,,,,12218.0,,,28.0,,,,,,,441129.0,73694.0
Napa,236.0,310.0,10.0,233.0,38.0,13.0,3.0,1.0,95.0,16.0,79.0,114.0,50.0,46.0,11.0,,218.0,18.0,204.0,32.0,,598.0,2524.0,1126.0,364.0,203.0,83.0,876.0,250.0,585.0,338.0,155.0,48.0,,,,,,,48152.0,47065.0,,,2016,320.0,142.0,123.0,33.0,22.0,110.0,4.0,63.0,21.0,7.0,,,,51751.0,31991.0,1961.0,9514.0,95217.0,,,,3122.0,,,7.0,,,,,,,142269.0,73694.0
Nevada,173.0,99.0,3.0,72.0,16.0,3.0,1.0,0.0,22.0,5.0,17.0,36.0,32.0,2.0,1.0,,135.0,38.0,139.0,34.0,,212.0,1806.0,599.0,168.0,114.0,104.0,465.0,134.0,523.0,44.0,14.0,18.0,,,,,,,32733.0,32900.0,,,2016,102.0,88.0,9.0,2.0,3.0,33.0,3.0,14.0,12.0,3.0,,,,56335.0,5917.0,255.0,3126.0,65633.0,,,,2018.0,,,1.0,,,,,,,98552.0,73694.0
Orange,6361.0,6266.0,297.0,5080.0,731.0,319.0,39.0,4.0,1469.0,291.0,1178.0,1861.0,575.0,993.0,194.0,,3458.0,2903.0,5589.0,772.0,,7275.0,66054.0,16803.0,5633.0,4864.0,1995.0,13285.0,3518.0,6087.0,7883.0,1255.0,1578.0,,,,,,,1074634.0,1076057.0,,,2016,6563.0,1610.0,3673.0,692.0,588.0,1703.0,158.0,847.0,489.0,222.0,,,,928894.0,730545.0,35417.0,455835.0,2150691.0,,,,73329.0,,,99.0,,,,,,,3181371.0,73694.0
Placer,301.49,679.0,39.0,410.0,144.0,45.0,11.0,1.0,299.0,46.0,253.0,318.0,229.0,44.0,27.0,,137.81,163.68,251.68,49.81,,622.0,7080.0,2378.0,623.0,565.0,302.0,1784.0,594.0,1741.0,282.0,248.0,107.0,,,,,,,122820.0,125256.0,,,2016,718.0,496.0,95.0,72.0,55.0,291.0,27.0,122.0,90.0,24.0,,,,187791.0,31771.0,3581.0,24933.0,248076.0,,,,7702.0,,,18.0,,,,,,,376092.0,73694.0
Plumas,0.0,39.0,3.0,30.0,7.0,1.0,0.0,0.0,10.0,0.0,10.0,20.0,17.0,0.0,1.0,,0.0,0.0,0.0,0.0,,120.0,359.0,173.0,71.0,33.0,35.0,129.0,44.0,143.0,6.0,7.0,17.0,,,,,,,6384.0,6408.0,,,2016,42.0,39.0,1.0,0.0,2.0,17.0,3.0,8.0,7.0,0.0,,,,10743.0,1104.0,146.0,799.0,12792.0,,,,479.0,,,2.0,,,,,,,19494.0,73694.0
Riverside,5375.0,9192.0,493.0,7155.0,1174.0,563.0,125.0,15.0,3313.0,410.0,2903.0,2695.0,737.0,1320.0,552.0,,2528.0,1204.0,3312.0,420.0,,7447.0,65333.0,14783.0,5481.0,3728.0,1726.0,11682.0,3101.0,4739.0,7279.0,2219.0,546.0,,,,,,,767963.0,766176.0,,,2016,9685.0,2458.0,4592.0,2257.0,378.0,2502.0,193.0,1400.0,598.0,212.0,,,,587945.0,706549.0,99022.0,140623.0,1534139.0,,,,72780.0,,,86.0,,,,,,,2360727.0,73694.0
Sacramento,2090.0,6654.0,316.0,5207.0,710.0,372.0,53.0,27.0,2486.0,444.0,2042.0,1862.0,535.0,415.0,757.0,,2114.0,1503.0,3207.0,410.0,,7734.0,39105.0,12495.0,4712.0,2990.0,1632.0,9962.0,2533.0,4632.0,2348.0,4491.0,1024.0,,,,,,,501248.0,514424.0,,,2016,6970.0,1795.0,1356.0,3110.0,709.0,1755.0,107.0,824.0,373.0,178.0,,,,493640.0,216700.0,103629.0,201703.0,1015672.0,,,,46839.0,,,155.0,,,,,,,1506677.0,73694.0
San Benito,0.0,112.0,4.0,88.0,10.0,7.0,1.0,0.0,34.0,7.0,27.0,30.0,7.0,23.0,0.0,,80.0,36.0,96.0,20.0,,155.0,543.0,548.0,170.0,64.0,153.0,433.0,115.0,138.0,386.0,9.0,15.0,,,,,,,19435.0,19343.0,,,2016,116.0,22.0,90.0,1.0,3.0,28.0,2.0,20.0,4.0,2.0,,,,15002.0,21713.0,270.0,1793.0,38778.0,,,,698.0,,,0.0,,,,,,,58014.0,73694.0
San Bernardino,6219.0,7592.0,400.0,5957.0,872.0,393.0,51.0,4.0,2596.0,370.0,2226.0,3067.0,710.0,1451.0,816.0,,4448.0,1771.0,5374.0,845.0,,10469.0,54937.0,23458.0,8264.0,6820.0,3234.0,18502.0,4956.0,6536.0,11146.0,4876.0,900.0,,,,,,,705626.0,712350.0,,,2016,7992.0,1770.0,3493.0,2397.0,332.0,2874.0,193.0,1575.0,581.0,238.0,,,,471083.0,694904.0,122889.0,129100.0,1417976.0,,,,65406.0,,,90.0,,,,,,,2147933.0,73694.0
San Diego,5403.35,8319.0,417.0,6447.0,1200.0,423.0,37.0,9.0,3232.0,496.0,2736.0,2401.0,685.0,980.0,561.0,,3010.84,2392.51,4336.97,1066.38,,10959.0,61356.0,21200.0,7821.0,4115.0,2401.0,16623.0,4577.0,8332.0,7388.0,3885.0,1595.0,,,,,,,1130290.0,1089540.0,,,2016,8736.0,2331.0,3276.0,2386.0,743.0,2189.0,212.0,1183.0,556.0,216.0,,,,1068855.0,709779.0,111981.0,329215.0,2219830.0,,,,72315.0,,,175.0,,,,,,,3300891.0,73694.0
San Francisco,1310.0,829.0,25.0,769.0,61.0,4.0,8.0,2.0,163.0,39.0,124.0,129.0,15.0,24.0,75.0,,928.0,382.0,1278.0,32.0,,6269.0,48437.0,7160.0,1983.0,1109.0,855.0,6105.0,1055.0,3017.0,53.0,2955.0,1135.0,,,,,,,337293.0,316060.0,,,2016,854.0,115.0,131.0,481.0,127.0,121.0,8.0,84.0,29.0,2.0,,,,293909.0,97347.0,34542.0,227555.0,653353.0,,,,54706.0,,,15.0,,,,,,,871185.0,73694.0
San Joaquin,1460.0,2758.0,112.0,2245.0,245.0,107.0,3.0,2.0,679.0,90.0,589.0,845.0,202.0,335.0,252.0,,1080.0,380.0,1278.0,182.0,,6005.0,22629.0,5548.0,2361.0,1084.0,471.0,4388.0,1160.0,2016.0,1888.0,1226.0,418.0,,,,,,,241723.0,239640.0,,,2016,2870.0,604.0,1057.0,880.0,329.0,809.0,36.0,394.0,137.0,74.0,,,,172648.0,184381.0,36389.0,87945.0,481363.0,,,,28634.0,,,56.0,,,,,,,738873.0,73694.0
San Luis Obispo,659.0,664.0,35.0,483.0,98.0,41.0,0.0,0.0,236.0,54.0,182.0,227.0,126.0,81.0,17.0,,486.0,173.0,650.0,9.0,,1115.0,6687.0,1608.0,636.0,389.0,179.0,1260.0,348.0,1064.0,388.0,92.0,64.0,,,,,,,101154.0,92195.0,,,2016,699.0,357.0,231.0,91.0,20.0,211.0,16.0,111.0,51.0,16.0,,,,135830.0,40677.0,4607.0,12235.0,193349.0,,,,7802.0,,,3.0,,,,,,,278917.0,73694.0
San Mateo,651.0,1206.0,46.0,952.0,183.0,50.0,7.0,3.0,353.0,76.0,277.0,384.0,79.0,145.0,103.0,,449.0,202.0,502.0,149.0,,1634.0,14893.0,3405.0,1194.0,925.0,382.0,2725.0,680.0,833.0,1231.0,699.0,642.0,,,,,,,261241.0,262961.0,,,2016,1252.0,241.0,449.0,331.0,231.0,363.0,21.0,180.0,112.0,34.0,,,,213511.0,135532.0,14350.0,160809.0,524202.0,,,,16527.0,,,57.0,,,,,,,768122.0,73694.0
Santa Barbara,969.0,1163.0,52.0,942.0,98.0,64.0,4.0,0.0,369.0,66.0,303.0,342.0,90.0,222.0,20.0,,719.0,250.0,843.0,126.0,,1527.0,9779.0,3505.0,1264.0,579.0,730.0,2755.0,750.0,1360.0,1808.0,235.0,102.0,,,,,,,155503.0,148178.0,,,2016,1215.0,281.0,764.0,115.0,55.0,326.0,16.0,189.0,44.0,32.0,,,,142129.0,131136.0,5872.0,24544.0,303681.0,,,,11306.0,,,10.0,,,,,,,448353.0,73694.0
Santa Clara,3526.0,3904.0,103.0,3294.0,373.0,162.0,20.0,8.0,1234.0,410.0,824.0,852.0,154.0,463.0,116.0,,2538.0,988.0,3103.0,423.0,,5423.0,42797.0,9218.0,3549.0,2199.0,1004.0,7360.0,1858.0,2248.0,4710.0,1114.0,1146.0,,,,,,,669523.0,642056.0,,,2016,4007.0,732.0,2050.0,667.0,558.0,805.0,47.0,472.0,191.0,67.0,,,,453919.0,345805.0,33842.0,478013.0,1311579.0,,,,48220.0,,,119.0,,,,,,,1930215.0,73694.0
Santa Cruz,382.0,536.0,22.0,442.0,58.0,18.0,4.0,0.0,134.0,13.0,121.0,110.0,44.0,53.0,7.0,,265.0,117.0,351.0,31.0,,1101.0,9485.0,2086.0,619.0,490.0,260.0,1705.0,381.0,1074.0,853.0,97.0,62.0,,,,,,,97673.0,95929.0,,,2016,558.0,215.0,285.0,32.0,26.0,101.0,9.0,52.0,24.0,8.0,,,,115512.0,60876.0,1965.0,15249.0,193602.0,,,,10586.0,,,6.0,,,,,,,276249.0,73694.0
Shasta,343.0,1057.0,75.0,738.0,180.0,92.0,17.0,5.0,451.0,67.0,384.0,327.0,262.0,13.0,18.0,,258.0,85.0,292.0,51.0,,1333.0,5561.0,1994.0,524.0,376.0,213.0,1524.0,470.0,1680.0,97.0,109.0,108.0,,,,,,,57609.0,59227.0,,,2016,1132.0,872.0,72.0,82.0,106.0,300.0,27.0,175.0,52.0,41.0,,,,95784.0,10006.0,1019.0,10027.0,116836.0,,,,6894.0,,,34.0,,,,,,,178208.0,73694.0
Sierra,0.0,6.0,0.0,3.0,2.0,0.0,0.0,0.0,2.0,1.0,1.0,0.0,0.0,0.0,0.0,,0.0,0.0,0.0,0.0,,14.0,26.0,58.0,19.0,5.0,13.0,40.0,18.0,48.0,6.0,0.0,4.0,,,,,,,1059.0,1038.0,,,2016,6.0,4.0,1.0,1.0,0.0,0.0,0.0,0.0,0.0,0.0,,,,1836.0,185.0,4.0,72.0,2097.0,,,,40.0,,,0.0,,,,,,,3140.0,73694.0
Siskiyou,88.0,215.0,19.0,146.0,38.0,21.0,3.0,3.0,76.0,7.0,69.0,69.0,56.0,5.0,2.0,,77.0,11.0,76.0,12.0,,161.0,876.0,648.0,152.0,112.0,161.0,499.0,149.0,427.0,93.0,35.0,93.0,,,,,,,14308.0,14243.0,,,2016,234.0,177.0,17.0,10.0,30.0,62.0,7.0,39.0,8.0,8.0,,,,22510.0,3074.0,385.0,2582.0,28551.0,,,,1037.0,,,6.0,,,,,,,44372.0,73694.0
Solano,1012.0,999.0,38.0,869.0,81.0,25.0,6.0,0.0,186.0,35.0,151.0,330.0,91.0,61.0,148.0,,778.0,234.0,889.0,123.0,,2022.0,11719.0,3991.0,1460.0,867.0,496.0,3111.0,880.0,1337.0,758.0,1618.0,278.0,,,,,,,146572.0,145488.0,,,2016,1037.0,257.0,181.0,507.0,92.0,314.0,16.0,183.0,52.0,28.0,,,,119425.0,69607.0,43519.0,59509.0,292060.0,,,,13741.0,,,30.0,,,,,,,434102.0,73694.0
Sonoma,992.0,934.0,45.0,719.0,130.0,35.0,6.0,0.0,239.0,26.0,213.0,308.0,140.0,114.0,33.0,,522.0,470.0,853.0,139.0,,1868.0,7794.0,3230.0,1302.0,736.0,353.0,2525.0,705.0,1869.0,895.0,271.0,195.0,,,,,,,171894.0,173121.0,,,2016,979.0,417.0,351.0,115.0,96.0,286.0,22.0,146.0,70.0,21.0,,,,227494.0,85640.0,5621.0,26260.0,345015.0,,,,9662.0,,,21.0,,,,,,,503953.0,73694.0
Stanislaus,1212.0,1595.0,102.0,1123.0,245.0,103.0,36.0,8.0,528.0,75.0,453.0,640.0,273.0,246.0,74.0,,843.0,369.0,1076.0,136.0,,3366.0,17918.0,7081.0,2345.0,1411.0,1581.0,5647.0,1434.0,3356.0,2693.0,741.0,291.0,,,,,,,176978.0,178322.0,,,2016,1697.0,674.0,670.0,218.0,135.0,596.0,44.0,291.0,128.0,49.0,,,,165021.0,148744.0,9900.0,31635.0,355300.0,,,,21284.0,,,47.0,,,,,,,545008.0,73694.0
Sutter,209.0,321.0,19.0,239.0,47.0,12.0,2.0,1.0,58.0,6.0,52.0,166.0,80.0,60.0,15.0,,146.0,63.0,170.0,39.0,,360.0,2691.0,963.0,385.0,195.0,65.0,730.0,233.0,531.0,264.0,76.0,92.0,,,,,,,31850.0,31552.0,,,2016,340.0,167.0,111.0,38.0,24.0,147.0,19.0,85.0,39.0,11.0,,,,31480.0,18450.0,1233.0,12239.0,63402.0,,,,3051.0,,,11.0,,,,,,,98191.0,73694.0
Tehama,185.0,338.0,29.0,222.0,44.0,47.0,10.0,6.0,118.0,18.0,100.0,122.0,90.0,18.0,8.0,,109.0,76.0,161.0,24.0,,360.0,1937.0,877.0,270.0,170.0,183.0,691.0,186.0,653.0,165.0,30.0,29.0,,,,,,,20339.0,20299.0,,,2016,367.0,260.0,69.0,14.0,24.0,103.0,19.0,59.0,20.0,15.0,,,,28773.0,9278.0,252.0,2335.0,40638.0,,,,2297.0,,,6.0,,,,,,,64098.0,73694.0
Trinity,49.0,55.0,1.0,42.0,2.0,5.0,1.0,0.0,10.0,2.0,8.0,18.0,18.0,0.0,0.0,,37.0,12.0,46.0,3.0,,66.0,299.0,309.0,75.0,40.0,103.0,229.0,80.0,239.0,27.0,6.0,37.0,,,,,,,4541.0,4387.0,,,2016,56.0,47.0,1560.0,5.0,4.0,18.0,0.0,9.0,1.0,4.0,,,,7388.0,665.0,41.0,834.0,8928.0,,,,365.0,,,0.0,,,,,,,13482.0,73694.0
Tulare,1538.0,2226.0,81.0,1781.0,261.0,95.0,13.0,2.0,661.0,66.0,595.0,552.0,131.0,376.0,30.0,,930.0,608.0,1319.0,219.0,,1608.0,11563.0,6265.0,1880.0,1318.0,1587.0,5001.0,1264.0,1733.0,3988.0,321.0,223.0,,,,,,,145772.0,143834.0,,,2016,2307.0,454.0,35.0,143.0,150.0,526.0,26.0,276.0,114.0,55.0,,,,93830.0,175907.0,3899.0,15970.0,289606.0,,,,13171.0,,,15.0,,,,,,,468235.0,73694.0
Tuolumne,142.0,254.0,26.0,159.0,45.0,40.0,4.0,2.0,121.0,9.0,112.0,92.0,67.0,13.0,5.0,,115.0,27.0,105.0,37.0,,187.0,1272.0,779.0,180.0,147.0,116.0,544.0,235.0,632.0,102.0,19.0,26.0,,,,,,,19353.0,16715.0,,,2016,280.0,210.0,277.0,14.0,21.0,80.0,12.0,41.0,19.0,11.0,,,,29111.0,4102.0,916.0,1939.0,36068.0,,,,1459.0,,,7.0,,,,,,,54282.0,73694.0
Ventura,1577.0,1699.0,88.0,1290.0,210.0,110.0,18.0,1.0,453.0,69.0,384.0,590.0,141.0,391.0,40.0,,985.0,592.0,1351.0,226.0,,2192.0,16415.0,6051.0,1992.0,1317.0,717.0,4769.0,1282.0,2020.0,3454.0,397.0,180.0,,,,,,,288008.0,285415.0,,,2016,1787.0,482.0,1104.0,149.0,52.0,537.0,53.0,273.0,130.0,59.0,,,,276254.0,233373.0,9946.0,53850.0,573423.0,,,,18607.0,,,18.0,,,,,,,854383.0,73694.0
Yolo,385.0,683.0,22.0,450.0,92.0,78.0,7.0,0.0,266.0,27.0,239.0,198.0,80.0,82.0,25.0,,274.0,111.0,325.0,60.0,,639.0,5368.0,1645.0,520.0,339.0,192.0,1309.0,336.0,752.0,536.0,246.0,111.0,,,,,,,73949.0,77633.0,,,2016,705.0,234.0,296.0,117.0,58.0,189.0,9.0,80.0,42.0,30.0,,,,74587.0,43804.0,3773.0,29418.0,151582.0,,,,6007.0,,,11.0,,,,,,,216866.0,73694.0
Yuba,363.0,400.0,15.0,307.0,50.0,18.0,3.0,3.0,96.0,11.0,85.0,162.0,96.0,38.0,21.0,,316.0,47.0,330.0,33.0,,318.0,1944.0,1144.0,455.0,175.0,149.0,896.0,248.0,739.0,225.0,121.0,59.0,,,,,,,24580.0,24309.0,,,2016,415.0,254.0,93.0,40.0,28.0,155.0,7.0,97.0,31.0,4.0,,,,29019.0,11922.0,1530.0,6418.0,48889.0,,,,2262.0,,,7.0,,,,,,,76129.0,73694.0
